[2026-03-26 19:28:40] local.ERROR: SQLSTATE[HY000] [1045] Access denied for user 'root'@'localhost' (using password: NO) (SQL: select * from `set_as` where `set_as` in (lead_news_1, lead_news_2, lead_news_3) order by `set_as` asc) {"exception":"[object] (Illuminate\\Database\\QueryException(code: 1045): SQLSTATE[HY000] [1045] Access denied for user 'root'@'localhost' (using password: NO) (SQL: select * from `set_as` where `set_as` in (lead_news_1, lead_news_2, lead_news_3) order by `set_as` asc) at /var/www/html/dainikShahtha/vendor/laravel/framework/src/Illuminate/Database/Connection.php:664, PDOException(code: 1045): SQLSTATE[HY000] [1045] Access denied for user 'root'@'localhost' (using password: NO) at /var/www/html/dainikShahtha/vendor/laravel/framework/src/Illuminate/Database/Connectors/Connector.php:70)
[stacktrace]
#0 /var/www/html/dainikShahtha/vendor/laravel/framework/src/Illuminate/Database/Connection.php(624): Illuminate\\Database\\Connection->runQueryCallback('select * from `...', Array, Object(Closure))
#1 /var/www/html/dainikShahtha/vendor/laravel/framework/src/Illuminate/Database/Connection.php(333): Illuminate\\Database\\Connection->run('select * from `...', Array, Object(Closure))
#2 /var/www/html/dainikShahtha/vendor/laravel/framework/src/Illuminate/Database/Query/Builder.php(2095): Illuminate\\Database\\Connection->select('select * from `...', Array, true)
#3 /var/www/html/dainikShahtha/vendor/laravel/framework/src/Illuminate/Database/Query/Builder.php(2083): Illuminate\\Database\\Query\\Builder->runSelect()
#4 /var/www/html/dainikShahtha/vendor/laravel/framework/src/Illuminate/Database/Query/Builder.php(2569): Illuminate\\Database\\Query\\Builder->Illuminate\\Database\\Query\\{closure}()
#5 /var/www/html/dainikShahtha/vendor/laravel/framework/src/Illuminate/Database/Query/Builder.php(2084): Illuminate\\Database\\Query\\Builder->onceWithColumns(Array, Object(Closure))
#6 /var/www/html/dainikShahtha/vendor/laravel/framework/src/Illuminate/Database/Eloquent/Builder.php(519): Illuminate\\Database\\Query\\Builder->get(Array)
#7 /var/www/html/dainikShahtha/vendor/laravel/framework/src/Illuminate/Database/Eloquent/Builder.php(503): Illuminate\\Database\\Eloquent\\Builder->getModels(Array)
#8 /var/www/html/dainikShahtha/app/Http/Controllers/sksController.php(24): Illuminate\\Database\\Eloquent\\Builder->get()
#9 [internal function]: App\\Http\\Controllers\\sksController->index()
#10 /var/www/html/dainikShahtha/vendor/laravel/framework/src/Illuminate/Routing/Controller.php(54): call_user_func_array(Array, Array)
#11 /var/www/html/dainikShahtha/vendor/laravel/framework/src/Illuminate/Routing/ControllerDispatcher.php(45): Illuminate\\Routing\\Controller->callAction('index', Array)
#12 /var/www/html/dainikShahtha/vendor/laravel/framework/src/Illuminate/Routing/Route.php(219): Illuminate\\Routing\\ControllerDispatcher->dispatch(Object(Illuminate\\Routing\\Route), Object(App\\Http\\Controllers\\sksController), 'index')
#13 /var/www/html/dainikShahtha/vendor/laravel/framework/src/Illuminate/Routing/Route.php(176): Illuminate\\Routing\\Route->runController()
#14 /var/www/html/dainikShahtha/vendor/laravel/framework/src/Illuminate/Routing/Router.php(682): Illuminate\\Routing\\Route->run()
#15 /var/www/html/dainikShahtha/vendor/laravel/framework/src/Illuminate/Routing/Pipeline.php(30): Illuminate\\Routing\\Router->Illuminate\\Routing\\{closure}(Object(Illuminate\\Http\\Request))
#16 /var/www/html/dainikShahtha/vendor/laravel/framework/src/Illuminate/Routing/Middleware/SubstituteBindings.php(41): Illuminate\\Routing\\Pipeline->Illuminate\\Routing\\{closure}(Object(Illuminate\\Http\\Request))
#17 /var/www/html/dainikShahtha/vendor/laravel/framework/src/Illuminate/Pipeline/Pipeline.php(163): Illuminate\\Routing\\Middleware\\SubstituteBindings->handle(Object(Illuminate\\Http\\Request), Object(Closure))
#18 /var/www/html/dainikShahtha/vendor/laravel/framework/src/Illuminate/Routing/Pipeline.php(53): Illuminate\\Pipeline\\Pipeline->Illuminate\\Pipeline\\{closure}(Object(Illuminate\\Http\\Request))
#19 /var/www/html/dainikShahtha/vendor/laravel/framework/src/Illuminate/Foundation/Http/Middleware/VerifyCsrfToken.php(75): Illuminate\\Routing\\Pipeline->Illuminate\\Routing\\{closure}(Object(Illuminate\\Http\\Request))
#20 /var/www/html/dainikShahtha/vendor/laravel/framework/src/Illuminate/Pipeline/Pipeline.php(163): Illuminate\\Foundation\\Http\\Middleware\\VerifyCsrfToken->handle(Object(Illuminate\\Http\\Request), Object(Closure))
#21 /var/www/html/dainikShahtha/vendor/laravel/framework/src/Illuminate/Routing/Pipeline.php(53): Illuminate\\Pipeline\\Pipeline->Illuminate\\Pipeline\\{closure}(Object(Illuminate\\Http\\Request))
#22 /var/www/html/dainikShahtha/vendor/laravel/framework/src/Illuminate/View/Middleware/ShareErrorsFromSession.php(49): Illuminate\\Routing\\Pipeline->Illuminate\\Routing\\{closure}(Object(Illuminate\\Http\\Request))
#23 /var/www/html/dainikShahtha/vendor/laravel/framework/src/Illuminate/Pipeline/Pipeline.php(163): Illuminate\\View\\Middleware\\ShareErrorsFromSession->handle(Object(Illuminate\\Http\\Request), Object(Closure))
#24 /var/www/html/dainikShahtha/vendor/laravel/framework/src/Illuminate/Routing/Pipeline.php(53): Illuminate\\Pipeline\\Pipeline->Illuminate\\Pipeline\\{closure}(Object(Illuminate\\Http\\Request))
#25 /var/www/html/dainikShahtha/vendor/laravel/framework/src/Illuminate/Session/Middleware/StartSession.php(63): Illuminate\\Routing\\Pipeline->Illuminate\\Routing\\{closure}(Object(Illuminate\\Http\\Request))
#26 /var/www/html/dainikShahtha/vendor/laravel/framework/src/Illuminate/Pipeline/Pipeline.php(163): Illuminate\\Session\\Middleware\\StartSession->handle(Object(Illuminate\\Http\\Request), Object(Closure))
#27 /var/www/html/dainikShahtha/vendor/laravel/framework/src/Illuminate/Routing/Pipeline.php(53): Illuminate\\Pipeline\\Pipeline->Illuminate\\Pipeline\\{closure}(Object(Illuminate\\Http\\Request))
#28 /var/www/html/dainikShahtha/vendor/laravel/framework/src/Illuminate/Cookie/Middleware/AddQueuedCookiesToResponse.php(37): Illuminate\\Routing\\Pipeline->Illuminate\\Routing\\{closure}(Object(Illuminate\\Http\\Request))
#29 /var/www/html/dainikShahtha/vendor/laravel/framework/src/Illuminate/Pipeline/Pipeline.php(163): Illuminate\\Cookie\\Middleware\\AddQueuedCookiesToResponse->handle(Object(Illuminate\\Http\\Request), Object(Closure))
#30 /var/www/html/dainikShahtha/vendor/laravel/framework/src/Illuminate/Routing/Pipeline.php(53): Illuminate\\Pipeline\\Pipeline->Illuminate\\Pipeline\\{closure}(Object(Illuminate\\Http\\Request))
#31 /var/www/html/dainikShahtha/vendor/laravel/framework/src/Illuminate/Cookie/Middleware/EncryptCookies.php(66): Illuminate\\Routing\\Pipeline->Illuminate\\Routing\\{closure}(Object(Illuminate\\Http\\Request))
#32 /var/www/html/dainikShahtha/vendor/laravel/framework/src/Illuminate/Pipeline/Pipeline.php(163): Illuminate\\Cookie\\Middleware\\EncryptCookies->handle(Object(Illuminate\\Http\\Request), Object(Closure))
#33 /var/www/html/dainikShahtha/vendor/laravel/framework/src/Illuminate/Routing/Pipeline.php(53): Illuminate\\Pipeline\\Pipeline->Illuminate\\Pipeline\\{closure}(Object(Illuminate\\Http\\Request))
#34 /var/www/html/dainikShahtha/vendor/laravel/framework/src/Illuminate/Pipeline/Pipeline.php(104): Illuminate\\Routing\\Pipeline->Illuminate\\Routing\\{closure}(Object(Illuminate\\Http\\Request))
#35 /var/www/html/dainikShahtha/vendor/laravel/framework/src/Illuminate/Routing/Router.php(684): Illuminate\\Pipeline\\Pipeline->then(Object(Closure))
#36 /var/www/html/dainikShahtha/vendor/laravel/framework/src/Illuminate/Routing/Router.php(659): Illuminate\\Routing\\Router->runRouteWithinStack(Object(Illuminate\\Routing\\Route), Object(Illuminate\\Http\\Request))
#37 /var/www/html/dainikShahtha/vendor/laravel/framework/src/Illuminate/Routing/Router.php(625): Illuminate\\Routing\\Router->runRoute(Object(Illuminate\\Http\\Request), Object(Illuminate\\Routing\\Route))
#38 /var/www/html/dainikShahtha/vendor/laravel/framework/src/Illuminate/Routing/Router.php(614): Illuminate\\Routing\\Router->dispatchToRoute(Object(Illuminate\\Http\\Request))
#39 /var/www/html/dainikShahtha/vendor/laravel/framework/src/Illuminate/Foundation/Http/Kernel.php(176): Illuminate\\Routing\\Router->dispatch(Object(Illuminate\\Http\\Request))
#40 /var/www/html/dainikShahtha/vendor/laravel/framework/src/Illuminate/Routing/Pipeline.php(30): Illuminate\\Foundation\\Http\\Kernel->Illuminate\\Foundation\\Http\\{closure}(Object(Illuminate\\Http\\Request))
#41 /var/www/html/dainikShahtha/vendor/barryvdh/laravel-debugbar/src/Middleware/InjectDebugbar.php(58): Illuminate\\Routing\\Pipeline->Illuminate\\Routing\\{closure}(Object(Illuminate\\Http\\Request))
#42 /var/www/html/dainikShahtha/vendor/laravel/framework/src/Illuminate/Pipeline/Pipeline.php(163): Barryvdh\\Debugbar\\Middleware\\InjectDebugbar->handle(Object(Illuminate\\Http\\Request), Object(Closure))
#43 /var/www/html/dainikShahtha/vendor/laravel/framework/src/Illuminate/Routing/Pipeline.php(53): Illuminate\\Pipeline\\Pipeline->Illuminate\\Pipeline\\{closure}(Object(Illuminate\\Http\\Request))
#44 /var/www/html/dainikShahtha/vendor/fideloper/proxy/src/TrustProxies.php(57): Illuminate\\Routing\\Pipeline->Illuminate\\Routing\\{closure}(Object(Illuminate\\Http\\Request))
#45 /var/www/html/dainikShahtha/vendor/laravel/framework/src/Illuminate/Pipeline/Pipeline.php(163): Fideloper\\Proxy\\TrustProxies->handle(Object(Illuminate\\Http\\Request), Object(Closure))
#46 /var/www/html/dainikShahtha/vendor/laravel/framework/src/Illuminate/Routing/Pipeline.php(53): Illuminate\\Pipeline\\Pipeline->Illuminate\\Pipeline\\{closure}(Object(Illuminate\\Http\\Request))
#47 /var/www/html/dainikShahtha/vendor/laravel/framework/src/Illuminate/Foundation/Http/Middleware/TransformsRequest.php(31): Illuminate\\Routing\\Pipeline->Illuminate\\Routing\\{closure}(Object(Illuminate\\Http\\Request))
#48 /var/www/html/dainikShahtha/vendor/laravel/framework/src/Illuminate/Pipeline/Pipeline.php(163): Illuminate\\Foundation\\Http\\Middleware\\TransformsRequest->handle(Object(Illuminate\\Http\\Request), Object(Closure))
#49 /var/www/html/dainikShahtha/vendor/laravel/framework/src/Illuminate/Routing/Pipeline.php(53): Illuminate\\Pipeline\\Pipeline->Illuminate\\Pipeline\\{closure}(Object(Illuminate\\Http\\Request))
#50 /var/www/html/dainikShahtha/vendor/laravel/framework/src/Illuminate/Foundation/Http/Middleware/TransformsRequest.php(31): Illuminate\\Routing\\Pipeline->Illuminate\\Routing\\{closure}(Object(Illuminate\\Http\\Request))
#51 /var/www/html/dainikShahtha/vendor/laravel/framework/src/Illuminate/Pipeline/Pipeline.php(163): Illuminate\\Foundation\\Http\\Middleware\\TransformsRequest->handle(Object(Illuminate\\Http\\Request), Object(Closure))
#52 /var/www/html/dainikShahtha/vendor/laravel/framework/src/Illuminate/Routing/Pipeline.php(53): Illuminate\\Pipeline\\Pipeline->Illuminate\\Pipeline\\{closure}(Object(Illuminate\\Http\\Request))
#53 /var/www/html/dainikShahtha/vendor/laravel/framework/src/Illuminate/Foundation/Http/Middleware/ValidatePostSize.php(27): Illuminate\\Routing\\Pipeline->Illuminate\\Routing\\{closure}(Object(Illuminate\\Http\\Request))
#54 /var/www/html/dainikShahtha/vendor/laravel/framework/src/Illuminate/Pipeline/Pipeline.php(163): Illuminate\\Foundation\\Http\\Middleware\\ValidatePostSize->handle(Object(Illuminate\\Http\\Request), Object(Closure))
#55 /var/www/html/dainikShahtha/vendor/laravel/framework/src/Illuminate/Routing/Pipeline.php(53): Illuminate\\Pipeline\\Pipeline->Illuminate\\Pipeline\\{closure}(Object(Illuminate\\Http\\Request))
#56 /var/www/html/dainikShahtha/vendor/laravel/framework/src/Illuminate/Foundation/Http/Middleware/CheckForMaintenanceMode.php(62): Illuminate\\Routing\\Pipeline->Illuminate\\Routing\\{closure}(Object(Illuminate\\Http\\Request))
#57 /var/www/html/dainikShahtha/vendor/laravel/framework/src/Illuminate/Pipeline/Pipeline.php(163): Illuminate\\Foundation\\Http\\Middleware\\CheckForMaintenanceMode->handle(Object(Illuminate\\Http\\Request), Object(Closure))
#58 /var/www/html/dainikShahtha/vendor/laravel/framework/src/Illuminate/Routing/Pipeline.php(53): Illuminate\\Pipeline\\Pipeline->Illuminate\\Pipeline\\{closure}(Object(Illuminate\\Http\\Request))
#59 /var/www/html/dainikShahtha/vendor/laravel/framework/src/Illuminate/Pipeline/Pipeline.php(104): Illuminate\\Routing\\Pipeline->Illuminate\\Routing\\{closure}(Object(Illuminate\\Http\\Request))
#60 /var/www/html/dainikShahtha/vendor/laravel/framework/src/Illuminate/Foundation/Http/Kernel.php(151): Illuminate\\Pipeline\\Pipeline->then(Object(Closure))
#61 /var/www/html/dainikShahtha/vendor/laravel/framework/src/Illuminate/Foundation/Http/Kernel.php(116): Illuminate\\Foundation\\Http\\Kernel->sendRequestThroughRouter(Object(Illuminate\\Http\\Request))
#62 /var/www/html/dainikShahtha/public/index.php(55): Illuminate\\Foundation\\Http\\Kernel->handle(Object(Illuminate\\Http\\Request))
#63 /var/www/html/dainikShahtha/server.php(21): require_once('/var/www/html/d...')
#64 {main}
"} 
[2026-03-26 19:28:40] local.ERROR: file_put_contents(D:\Personal Projects\dainikShahtha\storage\framework\views/cca79836c9896ead3693bf5fb5fe5762ba905db1.php): failed to open stream: No such file or directory {"exception":"[object] (ErrorException(code: 0): file_put_contents(D:\\Personal Projects\\dainikShahtha\\storage\\framework\\views/cca79836c9896ead3693bf5fb5fe5762ba905db1.php): failed to open stream: No such file or directory at /var/www/html/dainikShahtha/vendor/laravel/framework/src/Illuminate/Filesystem/Filesystem.php:122)
[stacktrace]
#0 [internal function]: Illuminate\\Foundation\\Bootstrap\\HandleExceptions->handleError(2, 'file_put_conten...', '/var/www/html/d...', 122, Array)
#1 /var/www/html/dainikShahtha/vendor/laravel/framework/src/Illuminate/Filesystem/Filesystem.php(122): file_put_contents('D:\\\\Personal Pro...', '<?php $__env->s...', 0)
#2 /var/www/html/dainikShahtha/vendor/laravel/framework/src/Illuminate/View/Compilers/BladeCompiler.php(122): Illuminate\\Filesystem\\Filesystem->put('D:\\\\Personal Pro...', '<?php $__env->s...')
#3 /var/www/html/dainikShahtha/vendor/laravel/framework/src/Illuminate/View/Engines/CompilerEngine.php(51): Illuminate\\View\\Compilers\\BladeCompiler->compile('/var/www/html/d...')
#4 /var/www/html/dainikShahtha/vendor/laravel/framework/src/Illuminate/View/View.php(142): Illuminate\\View\\Engines\\CompilerEngine->get('/var/www/html/d...', Array)
#5 /var/www/html/dainikShahtha/vendor/laravel/framework/src/Illuminate/View/View.php(125): Illuminate\\View\\View->getContents()
#6 /var/www/html/dainikShahtha/vendor/laravel/framework/src/Illuminate/View/View.php(90): Illuminate\\View\\View->renderContents()
#7 /var/www/html/dainikShahtha/vendor/laravel/framework/src/Illuminate/Http/Response.php(42): Illuminate\\View\\View->render()
#8 /var/www/html/dainikShahtha/vendor/symfony/http-foundation/Response.php(205): Illuminate\\Http\\Response->setContent(Object(Illuminate\\View\\View))
#9 /var/www/html/dainikShahtha/vendor/laravel/framework/src/Illuminate/Routing/ResponseFactory.php(55): Symfony\\Component\\HttpFoundation\\Response->__construct(Object(Illuminate\\View\\View), 500, Array)
#10 /var/www/html/dainikShahtha/vendor/laravel/framework/src/Illuminate/Routing/ResponseFactory.php(81): Illuminate\\Routing\\ResponseFactory->make(Object(Illuminate\\View\\View), 500, Array)
#11 /var/www/html/dainikShahtha/vendor/laravel/framework/src/Illuminate/Foundation/Exceptions/Handler.php(380): Illuminate\\Routing\\ResponseFactory->view('errors::500', Array, 500, Array)
#12 /var/www/html/dainikShahtha/vendor/laravel/framework/src/Illuminate/Foundation/Exceptions/Handler.php(289): Illuminate\\Foundation\\Exceptions\\Handler->renderHttpException(Object(Symfony\\Component\\HttpKernel\\Exception\\HttpException))
#13 /var/www/html/dainikShahtha/vendor/laravel/framework/src/Illuminate/Foundation/Exceptions/Handler.php(188): Illuminate\\Foundation\\Exceptions\\Handler->prepareResponse(Object(Illuminate\\Http\\Request), Object(Symfony\\Component\\HttpKernel\\Exception\\HttpException))
#14 /var/www/html/dainikShahtha/app/Exceptions/Handler.php(49): Illuminate\\Foundation\\Exceptions\\Handler->render(Object(Illuminate\\Http\\Request), Object(Illuminate\\Database\\QueryException))
#15 /var/www/html/dainikShahtha/vendor/laravel/framework/src/Illuminate/Routing/Pipeline.php(83): App\\Exceptions\\Handler->render(Object(Illuminate\\Http\\Request), Object(Illuminate\\Database\\QueryException))
#16 /var/www/html/dainikShahtha/vendor/laravel/framework/src/Illuminate/Routing/Pipeline.php(32): Illuminate\\Routing\\Pipeline->handleException(Object(Illuminate\\Http\\Request), Object(Illuminate\\Database\\QueryException))
#17 /var/www/html/dainikShahtha/vendor/laravel/framework/src/Illuminate/Routing/Middleware/SubstituteBindings.php(41): Illuminate\\Routing\\Pipeline->Illuminate\\Routing\\{closure}(Object(Illuminate\\Http\\Request))
#18 /var/www/html/dainikShahtha/vendor/laravel/framework/src/Illuminate/Pipeline/Pipeline.php(163): Illuminate\\Routing\\Middleware\\SubstituteBindings->handle(Object(Illuminate\\Http\\Request), Object(Closure))
#19 /var/www/html/dainikShahtha/vendor/laravel/framework/src/Illuminate/Routing/Pipeline.php(53): Illuminate\\Pipeline\\Pipeline->Illuminate\\Pipeline\\{closure}(Object(Illuminate\\Http\\Request))
#20 /var/www/html/dainikShahtha/vendor/laravel/framework/src/Illuminate/Foundation/Http/Middleware/VerifyCsrfToken.php(75): Illuminate\\Routing\\Pipeline->Illuminate\\Routing\\{closure}(Object(Illuminate\\Http\\Request))
#21 /var/www/html/dainikShahtha/vendor/laravel/framework/src/Illuminate/Pipeline/Pipeline.php(163): Illuminate\\Foundation\\Http\\Middleware\\VerifyCsrfToken->handle(Object(Illuminate\\Http\\Request), Object(Closure))
#22 /var/www/html/dainikShahtha/vendor/laravel/framework/src/Illuminate/Routing/Pipeline.php(53): Illuminate\\Pipeline\\Pipeline->Illuminate\\Pipeline\\{closure}(Object(Illuminate\\Http\\Request))
#23 /var/www/html/dainikShahtha/vendor/laravel/framework/src/Illuminate/View/Middleware/ShareErrorsFromSession.php(49): Illuminate\\Routing\\Pipeline->Illuminate\\Routing\\{closure}(Object(Illuminate\\Http\\Request))
#24 /var/www/html/dainikShahtha/vendor/laravel/framework/src/Illuminate/Pipeline/Pipeline.php(163): Illuminate\\View\\Middleware\\ShareErrorsFromSession->handle(Object(Illuminate\\Http\\Request), Object(Closure))
#25 /var/www/html/dainikShahtha/vendor/laravel/framework/src/Illuminate/Routing/Pipeline.php(53): Illuminate\\Pipeline\\Pipeline->Illuminate\\Pipeline\\{closure}(Object(Illuminate\\Http\\Request))
#26 /var/www/html/dainikShahtha/vendor/laravel/framework/src/Illuminate/Session/Middleware/StartSession.php(63): Illuminate\\Routing\\Pipeline->Illuminate\\Routing\\{closure}(Object(Illuminate\\Http\\Request))
#27 /var/www/html/dainikShahtha/vendor/laravel/framework/src/Illuminate/Pipeline/Pipeline.php(163): Illuminate\\Session\\Middleware\\StartSession->handle(Object(Illuminate\\Http\\Request), Object(Closure))
#28 /var/www/html/dainikShahtha/vendor/laravel/framework/src/Illuminate/Routing/Pipeline.php(53): Illuminate\\Pipeline\\Pipeline->Illuminate\\Pipeline\\{closure}(Object(Illuminate\\Http\\Request))
#29 /var/www/html/dainikShahtha/vendor/laravel/framework/src/Illuminate/Cookie/Middleware/AddQueuedCookiesToResponse.php(37): Illuminate\\Routing\\Pipeline->Illuminate\\Routing\\{closure}(Object(Illuminate\\Http\\Request))
#30 /var/www/html/dainikShahtha/vendor/laravel/framework/src/Illuminate/Pipeline/Pipeline.php(163): Illuminate\\Cookie\\Middleware\\AddQueuedCookiesToResponse->handle(Object(Illuminate\\Http\\Request), Object(Closure))
#31 /var/www/html/dainikShahtha/vendor/laravel/framework/src/Illuminate/Routing/Pipeline.php(53): Illuminate\\Pipeline\\Pipeline->Illuminate\\Pipeline\\{closure}(Object(Illuminate\\Http\\Request))
#32 /var/www/html/dainikShahtha/vendor/laravel/framework/src/Illuminate/Cookie/Middleware/EncryptCookies.php(66): Illuminate\\Routing\\Pipeline->Illuminate\\Routing\\{closure}(Object(Illuminate\\Http\\Request))
#33 /var/www/html/dainikShahtha/vendor/laravel/framework/src/Illuminate/Pipeline/Pipeline.php(163): Illuminate\\Cookie\\Middleware\\EncryptCookies->handle(Object(Illuminate\\Http\\Request), Object(Closure))
#34 /var/www/html/dainikShahtha/vendor/laravel/framework/src/Illuminate/Routing/Pipeline.php(53): Illuminate\\Pipeline\\Pipeline->Illuminate\\Pipeline\\{closure}(Object(Illuminate\\Http\\Request))
#35 /var/www/html/dainikShahtha/vendor/laravel/framework/src/Illuminate/Pipeline/Pipeline.php(104): Illuminate\\Routing\\Pipeline->Illuminate\\Routing\\{closure}(Object(Illuminate\\Http\\Request))
#36 /var/www/html/dainikShahtha/vendor/laravel/framework/src/Illuminate/Routing/Router.php(684): Illuminate\\Pipeline\\Pipeline->then(Object(Closure))
#37 /var/www/html/dainikShahtha/vendor/laravel/framework/src/Illuminate/Routing/Router.php(659): Illuminate\\Routing\\Router->runRouteWithinStack(Object(Illuminate\\Routing\\Route), Object(Illuminate\\Http\\Request))
#38 /var/www/html/dainikShahtha/vendor/laravel/framework/src/Illuminate/Routing/Router.php(625): Illuminate\\Routing\\Router->runRoute(Object(Illuminate\\Http\\Request), Object(Illuminate\\Routing\\Route))
#39 /var/www/html/dainikShahtha/vendor/laravel/framework/src/Illuminate/Routing/Router.php(614): Illuminate\\Routing\\Router->dispatchToRoute(Object(Illuminate\\Http\\Request))
#40 /var/www/html/dainikShahtha/vendor/laravel/framework/src/Illuminate/Foundation/Http/Kernel.php(176): Illuminate\\Routing\\Router->dispatch(Object(Illuminate\\Http\\Request))
#41 /var/www/html/dainikShahtha/vendor/laravel/framework/src/Illuminate/Routing/Pipeline.php(30): Illuminate\\Foundation\\Http\\Kernel->Illuminate\\Foundation\\Http\\{closure}(Object(Illuminate\\Http\\Request))
#42 /var/www/html/dainikShahtha/vendor/barryvdh/laravel-debugbar/src/Middleware/InjectDebugbar.php(58): Illuminate\\Routing\\Pipeline->Illuminate\\Routing\\{closure}(Object(Illuminate\\Http\\Request))
#43 /var/www/html/dainikShahtha/vendor/laravel/framework/src/Illuminate/Pipeline/Pipeline.php(163): Barryvdh\\Debugbar\\Middleware\\InjectDebugbar->handle(Object(Illuminate\\Http\\Request), Object(Closure))
#44 /var/www/html/dainikShahtha/vendor/laravel/framework/src/Illuminate/Routing/Pipeline.php(53): Illuminate\\Pipeline\\Pipeline->Illuminate\\Pipeline\\{closure}(Object(Illuminate\\Http\\Request))
#45 /var/www/html/dainikShahtha/vendor/fideloper/proxy/src/TrustProxies.php(57): Illuminate\\Routing\\Pipeline->Illuminate\\Routing\\{closure}(Object(Illuminate\\Http\\Request))
#46 /var/www/html/dainikShahtha/vendor/laravel/framework/src/Illuminate/Pipeline/Pipeline.php(163): Fideloper\\Proxy\\TrustProxies->handle(Object(Illuminate\\Http\\Request), Object(Closure))
#47 /var/www/html/dainikShahtha/vendor/laravel/framework/src/Illuminate/Routing/Pipeline.php(53): Illuminate\\Pipeline\\Pipeline->Illuminate\\Pipeline\\{closure}(Object(Illuminate\\Http\\Request))
#48 /var/www/html/dainikShahtha/vendor/laravel/framework/src/Illuminate/Foundation/Http/Middleware/TransformsRequest.php(31): Illuminate\\Routing\\Pipeline->Illuminate\\Routing\\{closure}(Object(Illuminate\\Http\\Request))
#49 /var/www/html/dainikShahtha/vendor/laravel/framework/src/Illuminate/Pipeline/Pipeline.php(163): Illuminate\\Foundation\\Http\\Middleware\\TransformsRequest->handle(Object(Illuminate\\Http\\Request), Object(Closure))
#50 /var/www/html/dainikShahtha/vendor/laravel/framework/src/Illuminate/Routing/Pipeline.php(53): Illuminate\\Pipeline\\Pipeline->Illuminate\\Pipeline\\{closure}(Object(Illuminate\\Http\\Request))
#51 /var/www/html/dainikShahtha/vendor/laravel/framework/src/Illuminate/Foundation/Http/Middleware/TransformsRequest.php(31): Illuminate\\Routing\\Pipeline->Illuminate\\Routing\\{closure}(Object(Illuminate\\Http\\Request))
#52 /var/www/html/dainikShahtha/vendor/laravel/framework/src/Illuminate/Pipeline/Pipeline.php(163): Illuminate\\Foundation\\Http\\Middleware\\TransformsRequest->handle(Object(Illuminate\\Http\\Request), Object(Closure))
#53 /var/www/html/dainikShahtha/vendor/laravel/framework/src/Illuminate/Routing/Pipeline.php(53): Illuminate\\Pipeline\\Pipeline->Illuminate\\Pipeline\\{closure}(Object(Illuminate\\Http\\Request))
#54 /var/www/html/dainikShahtha/vendor/laravel/framework/src/Illuminate/Foundation/Http/Middleware/ValidatePostSize.php(27): Illuminate\\Routing\\Pipeline->Illuminate\\Routing\\{closure}(Object(Illuminate\\Http\\Request))
#55 /var/www/html/dainikShahtha/vendor/laravel/framework/src/Illuminate/Pipeline/Pipeline.php(163): Illuminate\\Foundation\\Http\\Middleware\\ValidatePostSize->handle(Object(Illuminate\\Http\\Request), Object(Closure))
#56 /var/www/html/dainikShahtha/vendor/laravel/framework/src/Illuminate/Routing/Pipeline.php(53): Illuminate\\Pipeline\\Pipeline->Illuminate\\Pipeline\\{closure}(Object(Illuminate\\Http\\Request))
#57 /var/www/html/dainikShahtha/vendor/laravel/framework/src/Illuminate/Foundation/Http/Middleware/CheckForMaintenanceMode.php(62): Illuminate\\Routing\\Pipeline->Illuminate\\Routing\\{closure}(Object(Illuminate\\Http\\Request))
#58 /var/www/html/dainikShahtha/vendor/laravel/framework/src/Illuminate/Pipeline/Pipeline.php(163): Illuminate\\Foundation\\Http\\Middleware\\CheckForMaintenanceMode->handle(Object(Illuminate\\Http\\Request), Object(Closure))
#59 /var/www/html/dainikShahtha/vendor/laravel/framework/src/Illuminate/Routing/Pipeline.php(53): Illuminate\\Pipeline\\Pipeline->Illuminate\\Pipeline\\{closure}(Object(Illuminate\\Http\\Request))
#60 /var/www/html/dainikShahtha/vendor/laravel/framework/src/Illuminate/Pipeline/Pipeline.php(104): Illuminate\\Routing\\Pipeline->Illuminate\\Routing\\{closure}(Object(Illuminate\\Http\\Request))
#61 /var/www/html/dainikShahtha/vendor/laravel/framework/src/Illuminate/Foundation/Http/Kernel.php(151): Illuminate\\Pipeline\\Pipeline->then(Object(Closure))
#62 /var/www/html/dainikShahtha/vendor/laravel/framework/src/Illuminate/Foundation/Http/Kernel.php(116): Illuminate\\Foundation\\Http\\Kernel->sendRequestThroughRouter(Object(Illuminate\\Http\\Request))
#63 /var/www/html/dainikShahtha/public/index.php(55): Illuminate\\Foundation\\Http\\Kernel->handle(Object(Illuminate\\Http\\Request))
#64 /var/www/html/dainikShahtha/server.php(21): require_once('/var/www/html/d...')
#65 {main}
"} 
[2026-03-26 19:28:40] local.ERROR: file_put_contents(D:\Personal Projects\dainikShahtha\storage\framework\views/cca79836c9896ead3693bf5fb5fe5762ba905db1.php): failed to open stream: No such file or directory {"exception":"[object] (ErrorException(code: 0): file_put_contents(D:\\Personal Projects\\dainikShahtha\\storage\\framework\\views/cca79836c9896ead3693bf5fb5fe5762ba905db1.php): failed to open stream: No such file or directory at /var/www/html/dainikShahtha/vendor/laravel/framework/src/Illuminate/Filesystem/Filesystem.php:122)
[stacktrace]
#0 [internal function]: Illuminate\\Foundation\\Bootstrap\\HandleExceptions->handleError(2, 'file_put_conten...', '/var/www/html/d...', 122, Array)
#1 /var/www/html/dainikShahtha/vendor/laravel/framework/src/Illuminate/Filesystem/Filesystem.php(122): file_put_contents('D:\\\\Personal Pro...', '<?php $__env->s...', 0)
#2 /var/www/html/dainikShahtha/vendor/laravel/framework/src/Illuminate/View/Compilers/BladeCompiler.php(122): Illuminate\\Filesystem\\Filesystem->put('D:\\\\Personal Pro...', '<?php $__env->s...')
#3 /var/www/html/dainikShahtha/vendor/laravel/framework/src/Illuminate/View/Engines/CompilerEngine.php(51): Illuminate\\View\\Compilers\\BladeCompiler->compile('/var/www/html/d...')
#4 /var/www/html/dainikShahtha/vendor/laravel/framework/src/Illuminate/View/View.php(142): Illuminate\\View\\Engines\\CompilerEngine->get('/var/www/html/d...', Array)
#5 /var/www/html/dainikShahtha/vendor/laravel/framework/src/Illuminate/View/View.php(125): Illuminate\\View\\View->getContents()
#6 /var/www/html/dainikShahtha/vendor/laravel/framework/src/Illuminate/View/View.php(90): Illuminate\\View\\View->renderContents()
#7 /var/www/html/dainikShahtha/vendor/laravel/framework/src/Illuminate/Http/Response.php(42): Illuminate\\View\\View->render()
#8 /var/www/html/dainikShahtha/vendor/symfony/http-foundation/Response.php(205): Illuminate\\Http\\Response->setContent(Object(Illuminate\\View\\View))
#9 /var/www/html/dainikShahtha/vendor/laravel/framework/src/Illuminate/Routing/ResponseFactory.php(55): Symfony\\Component\\HttpFoundation\\Response->__construct(Object(Illuminate\\View\\View), 500, Array)
#10 /var/www/html/dainikShahtha/vendor/laravel/framework/src/Illuminate/Routing/ResponseFactory.php(81): Illuminate\\Routing\\ResponseFactory->make(Object(Illuminate\\View\\View), 500, Array)
#11 /var/www/html/dainikShahtha/vendor/laravel/framework/src/Illuminate/Foundation/Exceptions/Handler.php(380): Illuminate\\Routing\\ResponseFactory->view('errors::500', Array, 500, Array)
#12 /var/www/html/dainikShahtha/vendor/laravel/framework/src/Illuminate/Foundation/Exceptions/Handler.php(289): Illuminate\\Foundation\\Exceptions\\Handler->renderHttpException(Object(Symfony\\Component\\HttpKernel\\Exception\\HttpException))
#13 /var/www/html/dainikShahtha/vendor/laravel/framework/src/Illuminate/Foundation/Exceptions/Handler.php(188): Illuminate\\Foundation\\Exceptions\\Handler->prepareResponse(Object(Illuminate\\Http\\Request), Object(Symfony\\Component\\HttpKernel\\Exception\\HttpException))
#14 /var/www/html/dainikShahtha/app/Exceptions/Handler.php(49): Illuminate\\Foundation\\Exceptions\\Handler->render(Object(Illuminate\\Http\\Request), Object(ErrorException))
#15 /var/www/html/dainikShahtha/vendor/laravel/framework/src/Illuminate/Routing/Pipeline.php(83): App\\Exceptions\\Handler->render(Object(Illuminate\\Http\\Request), Object(ErrorException))
#16 /var/www/html/dainikShahtha/vendor/laravel/framework/src/Illuminate/Routing/Pipeline.php(55): Illuminate\\Routing\\Pipeline->handleException(Object(Illuminate\\Http\\Request), Object(ErrorException))
#17 /var/www/html/dainikShahtha/vendor/laravel/framework/src/Illuminate/Foundation/Http/Middleware/VerifyCsrfToken.php(75): Illuminate\\Routing\\Pipeline->Illuminate\\Routing\\{closure}(Object(Illuminate\\Http\\Request))
#18 /var/www/html/dainikShahtha/vendor/laravel/framework/src/Illuminate/Pipeline/Pipeline.php(163): Illuminate\\Foundation\\Http\\Middleware\\VerifyCsrfToken->handle(Object(Illuminate\\Http\\Request), Object(Closure))
#19 /var/www/html/dainikShahtha/vendor/laravel/framework/src/Illuminate/Routing/Pipeline.php(53): Illuminate\\Pipeline\\Pipeline->Illuminate\\Pipeline\\{closure}(Object(Illuminate\\Http\\Request))
#20 /var/www/html/dainikShahtha/vendor/laravel/framework/src/Illuminate/View/Middleware/ShareErrorsFromSession.php(49): Illuminate\\Routing\\Pipeline->Illuminate\\Routing\\{closure}(Object(Illuminate\\Http\\Request))
#21 /var/www/html/dainikShahtha/vendor/laravel/framework/src/Illuminate/Pipeline/Pipeline.php(163): Illuminate\\View\\Middleware\\ShareErrorsFromSession->handle(Object(Illuminate\\Http\\Request), Object(Closure))
#22 /var/www/html/dainikShahtha/vendor/laravel/framework/src/Illuminate/Routing/Pipeline.php(53): Illuminate\\Pipeline\\Pipeline->Illuminate\\Pipeline\\{closure}(Object(Illuminate\\Http\\Request))
#23 /var/www/html/dainikShahtha/vendor/laravel/framework/src/Illuminate/Session/Middleware/StartSession.php(63): Illuminate\\Routing\\Pipeline->Illuminate\\Routing\\{closure}(Object(Illuminate\\Http\\Request))
#24 /var/www/html/dainikShahtha/vendor/laravel/framework/src/Illuminate/Pipeline/Pipeline.php(163): Illuminate\\Session\\Middleware\\StartSession->handle(Object(Illuminate\\Http\\Request), Object(Closure))
#25 /var/www/html/dainikShahtha/vendor/laravel/framework/src/Illuminate/Routing/Pipeline.php(53): Illuminate\\Pipeline\\Pipeline->Illuminate\\Pipeline\\{closure}(Object(Illuminate\\Http\\Request))
#26 /var/www/html/dainikShahtha/vendor/laravel/framework/src/Illuminate/Cookie/Middleware/AddQueuedCookiesToResponse.php(37): Illuminate\\Routing\\Pipeline->Illuminate\\Routing\\{closure}(Object(Illuminate\\Http\\Request))
#27 /var/www/html/dainikShahtha/vendor/laravel/framework/src/Illuminate/Pipeline/Pipeline.php(163): Illuminate\\Cookie\\Middleware\\AddQueuedCookiesToResponse->handle(Object(Illuminate\\Http\\Request), Object(Closure))
#28 /var/www/html/dainikShahtha/vendor/laravel/framework/src/Illuminate/Routing/Pipeline.php(53): Illuminate\\Pipeline\\Pipeline->Illuminate\\Pipeline\\{closure}(Object(Illuminate\\Http\\Request))
#29 /var/www/html/dainikShahtha/vendor/laravel/framework/src/Illuminate/Cookie/Middleware/EncryptCookies.php(66): Illuminate\\Routing\\Pipeline->Illuminate\\Routing\\{closure}(Object(Illuminate\\Http\\Request))
#30 /var/www/html/dainikShahtha/vendor/laravel/framework/src/Illuminate/Pipeline/Pipeline.php(163): Illuminate\\Cookie\\Middleware\\EncryptCookies->handle(Object(Illuminate\\Http\\Request), Object(Closure))
#31 /var/www/html/dainikShahtha/vendor/laravel/framework/src/Illuminate/Routing/Pipeline.php(53): Illuminate\\Pipeline\\Pipeline->Illuminate\\Pipeline\\{closure}(Object(Illuminate\\Http\\Request))
#32 /var/www/html/dainikShahtha/vendor/laravel/framework/src/Illuminate/Pipeline/Pipeline.php(104): Illuminate\\Routing\\Pipeline->Illuminate\\Routing\\{closure}(Object(Illuminate\\Http\\Request))
#33 /var/www/html/dainikShahtha/vendor/laravel/framework/src/Illuminate/Routing/Router.php(684): Illuminate\\Pipeline\\Pipeline->then(Object(Closure))
#34 /var/www/html/dainikShahtha/vendor/laravel/framework/src/Illuminate/Routing/Router.php(659): Illuminate\\Routing\\Router->runRouteWithinStack(Object(Illuminate\\Routing\\Route), Object(Illuminate\\Http\\Request))
#35 /var/www/html/dainikShahtha/vendor/laravel/framework/src/Illuminate/Routing/Router.php(625): Illuminate\\Routing\\Router->runRoute(Object(Illuminate\\Http\\Request), Object(Illuminate\\Routing\\Route))
#36 /var/www/html/dainikShahtha/vendor/laravel/framework/src/Illuminate/Routing/Router.php(614): Illuminate\\Routing\\Router->dispatchToRoute(Object(Illuminate\\Http\\Request))
#37 /var/www/html/dainikShahtha/vendor/laravel/framework/src/Illuminate/Foundation/Http/Kernel.php(176): Illuminate\\Routing\\Router->dispatch(Object(Illuminate\\Http\\Request))
#38 /var/www/html/dainikShahtha/vendor/laravel/framework/src/Illuminate/Routing/Pipeline.php(30): Illuminate\\Foundation\\Http\\Kernel->Illuminate\\Foundation\\Http\\{closure}(Object(Illuminate\\Http\\Request))
#39 /var/www/html/dainikShahtha/vendor/barryvdh/laravel-debugbar/src/Middleware/InjectDebugbar.php(58): Illuminate\\Routing\\Pipeline->Illuminate\\Routing\\{closure}(Object(Illuminate\\Http\\Request))
#40 /var/www/html/dainikShahtha/vendor/laravel/framework/src/Illuminate/Pipeline/Pipeline.php(163): Barryvdh\\Debugbar\\Middleware\\InjectDebugbar->handle(Object(Illuminate\\Http\\Request), Object(Closure))
#41 /var/www/html/dainikShahtha/vendor/laravel/framework/src/Illuminate/Routing/Pipeline.php(53): Illuminate\\Pipeline\\Pipeline->Illuminate\\Pipeline\\{closure}(Object(Illuminate\\Http\\Request))
#42 /var/www/html/dainikShahtha/vendor/fideloper/proxy/src/TrustProxies.php(57): Illuminate\\Routing\\Pipeline->Illuminate\\Routing\\{closure}(Object(Illuminate\\Http\\Request))
#43 /var/www/html/dainikShahtha/vendor/laravel/framework/src/Illuminate/Pipeline/Pipeline.php(163): Fideloper\\Proxy\\TrustProxies->handle(Object(Illuminate\\Http\\Request), Object(Closure))
#44 /var/www/html/dainikShahtha/vendor/laravel/framework/src/Illuminate/Routing/Pipeline.php(53): Illuminate\\Pipeline\\Pipeline->Illuminate\\Pipeline\\{closure}(Object(Illuminate\\Http\\Request))
#45 /var/www/html/dainikShahtha/vendor/laravel/framework/src/Illuminate/Foundation/Http/Middleware/TransformsRequest.php(31): Illuminate\\Routing\\Pipeline->Illuminate\\Routing\\{closure}(Object(Illuminate\\Http\\Request))
#46 /var/www/html/dainikShahtha/vendor/laravel/framework/src/Illuminate/Pipeline/Pipeline.php(163): Illuminate\\Foundation\\Http\\Middleware\\TransformsRequest->handle(Object(Illuminate\\Http\\Request), Object(Closure))
#47 /var/www/html/dainikShahtha/vendor/laravel/framework/src/Illuminate/Routing/Pipeline.php(53): Illuminate\\Pipeline\\Pipeline->Illuminate\\Pipeline\\{closure}(Object(Illuminate\\Http\\Request))
#48 /var/www/html/dainikShahtha/vendor/laravel/framework/src/Illuminate/Foundation/Http/Middleware/TransformsRequest.php(31): Illuminate\\Routing\\Pipeline->Illuminate\\Routing\\{closure}(Object(Illuminate\\Http\\Request))
#49 /var/www/html/dainikShahtha/vendor/laravel/framework/src/Illuminate/Pipeline/Pipeline.php(163): Illuminate\\Foundation\\Http\\Middleware\\TransformsRequest->handle(Object(Illuminate\\Http\\Request), Object(Closure))
#50 /var/www/html/dainikShahtha/vendor/laravel/framework/src/Illuminate/Routing/Pipeline.php(53): Illuminate\\Pipeline\\Pipeline->Illuminate\\Pipeline\\{closure}(Object(Illuminate\\Http\\Request))
#51 /var/www/html/dainikShahtha/vendor/laravel/framework/src/Illuminate/Foundation/Http/Middleware/ValidatePostSize.php(27): Illuminate\\Routing\\Pipeline->Illuminate\\Routing\\{closure}(Object(Illuminate\\Http\\Request))
#52 /var/www/html/dainikShahtha/vendor/laravel/framework/src/Illuminate/Pipeline/Pipeline.php(163): Illuminate\\Foundation\\Http\\Middleware\\ValidatePostSize->handle(Object(Illuminate\\Http\\Request), Object(Closure))
#53 /var/www/html/dainikShahtha/vendor/laravel/framework/src/Illuminate/Routing/Pipeline.php(53): Illuminate\\Pipeline\\Pipeline->Illuminate\\Pipeline\\{closure}(Object(Illuminate\\Http\\Request))
#54 /var/www/html/dainikShahtha/vendor/laravel/framework/src/Illuminate/Foundation/Http/Middleware/CheckForMaintenanceMode.php(62): Illuminate\\Routing\\Pipeline->Illuminate\\Routing\\{closure}(Object(Illuminate\\Http\\Request))
#55 /var/www/html/dainikShahtha/vendor/laravel/framework/src/Illuminate/Pipeline/Pipeline.php(163): Illuminate\\Foundation\\Http\\Middleware\\CheckForMaintenanceMode->handle(Object(Illuminate\\Http\\Request), Object(Closure))
#56 /var/www/html/dainikShahtha/vendor/laravel/framework/src/Illuminate/Routing/Pipeline.php(53): Illuminate\\Pipeline\\Pipeline->Illuminate\\Pipeline\\{closure}(Object(Illuminate\\Http\\Request))
#57 /var/www/html/dainikShahtha/vendor/laravel/framework/src/Illuminate/Pipeline/Pipeline.php(104): Illuminate\\Routing\\Pipeline->Illuminate\\Routing\\{closure}(Object(Illuminate\\Http\\Request))
#58 /var/www/html/dainikShahtha/vendor/laravel/framework/src/Illuminate/Foundation/Http/Kernel.php(151): Illuminate\\Pipeline\\Pipeline->then(Object(Closure))
#59 /var/www/html/dainikShahtha/vendor/laravel/framework/src/Illuminate/Foundation/Http/Kernel.php(116): Illuminate\\Foundation\\Http\\Kernel->sendRequestThroughRouter(Object(Illuminate\\Http\\Request))
#60 /var/www/html/dainikShahtha/public/index.php(55): Illuminate\\Foundation\\Http\\Kernel->handle(Object(Illuminate\\Http\\Request))
#61 /var/www/html/dainikShahtha/server.php(21): require_once('/var/www/html/d...')
#62 {main}
"} 
[2026-03-26 19:28:40] local.ERROR: file_put_contents(D:\Personal Projects\dainikShahtha\storage\framework\views/cca79836c9896ead3693bf5fb5fe5762ba905db1.php): failed to open stream: No such file or directory {"exception":"[object] (ErrorException(code: 0): file_put_contents(D:\\Personal Projects\\dainikShahtha\\storage\\framework\\views/cca79836c9896ead3693bf5fb5fe5762ba905db1.php): failed to open stream: No such file or directory at /var/www/html/dainikShahtha/vendor/laravel/framework/src/Illuminate/Filesystem/Filesystem.php:122)
[stacktrace]
#0 [internal function]: Illuminate\\Foundation\\Bootstrap\\HandleExceptions->handleError(2, 'file_put_conten...', '/var/www/html/d...', 122, Array)
#1 /var/www/html/dainikShahtha/vendor/laravel/framework/src/Illuminate/Filesystem/Filesystem.php(122): file_put_contents('D:\\\\Personal Pro...', '<?php $__env->s...', 0)
#2 /var/www/html/dainikShahtha/vendor/laravel/framework/src/Illuminate/View/Compilers/BladeCompiler.php(122): Illuminate\\Filesystem\\Filesystem->put('D:\\\\Personal Pro...', '<?php $__env->s...')
#3 /var/www/html/dainikShahtha/vendor/laravel/framework/src/Illuminate/View/Engines/CompilerEngine.php(51): Illuminate\\View\\Compilers\\BladeCompiler->compile('/var/www/html/d...')
#4 /var/www/html/dainikShahtha/vendor/laravel/framework/src/Illuminate/View/View.php(142): Illuminate\\View\\Engines\\CompilerEngine->get('/var/www/html/d...', Array)
#5 /var/www/html/dainikShahtha/vendor/laravel/framework/src/Illuminate/View/View.php(125): Illuminate\\View\\View->getContents()
#6 /var/www/html/dainikShahtha/vendor/laravel/framework/src/Illuminate/View/View.php(90): Illuminate\\View\\View->renderContents()
#7 /var/www/html/dainikShahtha/vendor/laravel/framework/src/Illuminate/Http/Response.php(42): Illuminate\\View\\View->render()
#8 /var/www/html/dainikShahtha/vendor/symfony/http-foundation/Response.php(205): Illuminate\\Http\\Response->setContent(Object(Illuminate\\View\\View))
#9 /var/www/html/dainikShahtha/vendor/laravel/framework/src/Illuminate/Routing/ResponseFactory.php(55): Symfony\\Component\\HttpFoundation\\Response->__construct(Object(Illuminate\\View\\View), 500, Array)
#10 /var/www/html/dainikShahtha/vendor/laravel/framework/src/Illuminate/Routing/ResponseFactory.php(81): Illuminate\\Routing\\ResponseFactory->make(Object(Illuminate\\View\\View), 500, Array)
#11 /var/www/html/dainikShahtha/vendor/laravel/framework/src/Illuminate/Foundation/Exceptions/Handler.php(380): Illuminate\\Routing\\ResponseFactory->view('errors::500', Array, 500, Array)
#12 /var/www/html/dainikShahtha/vendor/laravel/framework/src/Illuminate/Foundation/Exceptions/Handler.php(289): Illuminate\\Foundation\\Exceptions\\Handler->renderHttpException(Object(Symfony\\Component\\HttpKernel\\Exception\\HttpException))
#13 /var/www/html/dainikShahtha/vendor/laravel/framework/src/Illuminate/Foundation/Exceptions/Handler.php(188): Illuminate\\Foundation\\Exceptions\\Handler->prepareResponse(Object(Illuminate\\Http\\Request), Object(Symfony\\Component\\HttpKernel\\Exception\\HttpException))
#14 /var/www/html/dainikShahtha/app/Exceptions/Handler.php(49): Illuminate\\Foundation\\Exceptions\\Handler->render(Object(Illuminate\\Http\\Request), Object(ErrorException))
#15 /var/www/html/dainikShahtha/vendor/laravel/framework/src/Illuminate/Routing/Pipeline.php(83): App\\Exceptions\\Handler->render(Object(Illuminate\\Http\\Request), Object(ErrorException))
#16 /var/www/html/dainikShahtha/vendor/laravel/framework/src/Illuminate/Routing/Pipeline.php(55): Illuminate\\Routing\\Pipeline->handleException(Object(Illuminate\\Http\\Request), Object(ErrorException))
#17 /var/www/html/dainikShahtha/vendor/laravel/framework/src/Illuminate/View/Middleware/ShareErrorsFromSession.php(49): Illuminate\\Routing\\Pipeline->Illuminate\\Routing\\{closure}(Object(Illuminate\\Http\\Request))
#18 /var/www/html/dainikShahtha/vendor/laravel/framework/src/Illuminate/Pipeline/Pipeline.php(163): Illuminate\\View\\Middleware\\ShareErrorsFromSession->handle(Object(Illuminate\\Http\\Request), Object(Closure))
#19 /var/www/html/dainikShahtha/vendor/laravel/framework/src/Illuminate/Routing/Pipeline.php(53): Illuminate\\Pipeline\\Pipeline->Illuminate\\Pipeline\\{closure}(Object(Illuminate\\Http\\Request))
#20 /var/www/html/dainikShahtha/vendor/laravel/framework/src/Illuminate/Session/Middleware/StartSession.php(63): Illuminate\\Routing\\Pipeline->Illuminate\\Routing\\{closure}(Object(Illuminate\\Http\\Request))
#21 /var/www/html/dainikShahtha/vendor/laravel/framework/src/Illuminate/Pipeline/Pipeline.php(163): Illuminate\\Session\\Middleware\\StartSession->handle(Object(Illuminate\\Http\\Request), Object(Closure))
#22 /var/www/html/dainikShahtha/vendor/laravel/framework/src/Illuminate/Routing/Pipeline.php(53): Illuminate\\Pipeline\\Pipeline->Illuminate\\Pipeline\\{closure}(Object(Illuminate\\Http\\Request))
#23 /var/www/html/dainikShahtha/vendor/laravel/framework/src/Illuminate/Cookie/Middleware/AddQueuedCookiesToResponse.php(37): Illuminate\\Routing\\Pipeline->Illuminate\\Routing\\{closure}(Object(Illuminate\\Http\\Request))
#24 /var/www/html/dainikShahtha/vendor/laravel/framework/src/Illuminate/Pipeline/Pipeline.php(163): Illuminate\\Cookie\\Middleware\\AddQueuedCookiesToResponse->handle(Object(Illuminate\\Http\\Request), Object(Closure))
#25 /var/www/html/dainikShahtha/vendor/laravel/framework/src/Illuminate/Routing/Pipeline.php(53): Illuminate\\Pipeline\\Pipeline->Illuminate\\Pipeline\\{closure}(Object(Illuminate\\Http\\Request))
#26 /var/www/html/dainikShahtha/vendor/laravel/framework/src/Illuminate/Cookie/Middleware/EncryptCookies.php(66): Illuminate\\Routing\\Pipeline->Illuminate\\Routing\\{closure}(Object(Illuminate\\Http\\Request))
#27 /var/www/html/dainikShahtha/vendor/laravel/framework/src/Illuminate/Pipeline/Pipeline.php(163): Illuminate\\Cookie\\Middleware\\EncryptCookies->handle(Object(Illuminate\\Http\\Request), Object(Closure))
#28 /var/www/html/dainikShahtha/vendor/laravel/framework/src/Illuminate/Routing/Pipeline.php(53): Illuminate\\Pipeline\\Pipeline->Illuminate\\Pipeline\\{closure}(Object(Illuminate\\Http\\Request))
#29 /var/www/html/dainikShahtha/vendor/laravel/framework/src/Illuminate/Pipeline/Pipeline.php(104): Illuminate\\Routing\\Pipeline->Illuminate\\Routing\\{closure}(Object(Illuminate\\Http\\Request))
#30 /var/www/html/dainikShahtha/vendor/laravel/framework/src/Illuminate/Routing/Router.php(684): Illuminate\\Pipeline\\Pipeline->then(Object(Closure))
#31 /var/www/html/dainikShahtha/vendor/laravel/framework/src/Illuminate/Routing/Router.php(659): Illuminate\\Routing\\Router->runRouteWithinStack(Object(Illuminate\\Routing\\Route), Object(Illuminate\\Http\\Request))
#32 /var/www/html/dainikShahtha/vendor/laravel/framework/src/Illuminate/Routing/Router.php(625): Illuminate\\Routing\\Router->runRoute(Object(Illuminate\\Http\\Request), Object(Illuminate\\Routing\\Route))
#33 /var/www/html/dainikShahtha/vendor/laravel/framework/src/Illuminate/Routing/Router.php(614): Illuminate\\Routing\\Router->dispatchToRoute(Object(Illuminate\\Http\\Request))
#34 /var/www/html/dainikShahtha/vendor/laravel/framework/src/Illuminate/Foundation/Http/Kernel.php(176): Illuminate\\Routing\\Router->dispatch(Object(Illuminate\\Http\\Request))
#35 /var/www/html/dainikShahtha/vendor/laravel/framework/src/Illuminate/Routing/Pipeline.php(30): Illuminate\\Foundation\\Http\\Kernel->Illuminate\\Foundation\\Http\\{closure}(Object(Illuminate\\Http\\Request))
#36 /var/www/html/dainikShahtha/vendor/barryvdh/laravel-debugbar/src/Middleware/InjectDebugbar.php(58): Illuminate\\Routing\\Pipeline->Illuminate\\Routing\\{closure}(Object(Illuminate\\Http\\Request))
#37 /var/www/html/dainikShahtha/vendor/laravel/framework/src/Illuminate/Pipeline/Pipeline.php(163): Barryvdh\\Debugbar\\Middleware\\InjectDebugbar->handle(Object(Illuminate\\Http\\Request), Object(Closure))
#38 /var/www/html/dainikShahtha/vendor/laravel/framework/src/Illuminate/Routing/Pipeline.php(53): Illuminate\\Pipeline\\Pipeline->Illuminate\\Pipeline\\{closure}(Object(Illuminate\\Http\\Request))
#39 /var/www/html/dainikShahtha/vendor/fideloper/proxy/src/TrustProxies.php(57): Illuminate\\Routing\\Pipeline->Illuminate\\Routing\\{closure}(Object(Illuminate\\Http\\Request))
#40 /var/www/html/dainikShahtha/vendor/laravel/framework/src/Illuminate/Pipeline/Pipeline.php(163): Fideloper\\Proxy\\TrustProxies->handle(Object(Illuminate\\Http\\Request), Object(Closure))
#41 /var/www/html/dainikShahtha/vendor/laravel/framework/src/Illuminate/Routing/Pipeline.php(53): Illuminate\\Pipeline\\Pipeline->Illuminate\\Pipeline\\{closure}(Object(Illuminate\\Http\\Request))
#42 /var/www/html/dainikShahtha/vendor/laravel/framework/src/Illuminate/Foundation/Http/Middleware/TransformsRequest.php(31): Illuminate\\Routing\\Pipeline->Illuminate\\Routing\\{closure}(Object(Illuminate\\Http\\Request))
#43 /var/www/html/dainikShahtha/vendor/laravel/framework/src/Illuminate/Pipeline/Pipeline.php(163): Illuminate\\Foundation\\Http\\Middleware\\TransformsRequest->handle(Object(Illuminate\\Http\\Request), Object(Closure))
#44 /var/www/html/dainikShahtha/vendor/laravel/framework/src/Illuminate/Routing/Pipeline.php(53): Illuminate\\Pipeline\\Pipeline->Illuminate\\Pipeline\\{closure}(Object(Illuminate\\Http\\Request))
#45 /var/www/html/dainikShahtha/vendor/laravel/framework/src/Illuminate/Foundation/Http/Middleware/TransformsRequest.php(31): Illuminate\\Routing\\Pipeline->Illuminate\\Routing\\{closure}(Object(Illuminate\\Http\\Request))
#46 /var/www/html/dainikShahtha/vendor/laravel/framework/src/Illuminate/Pipeline/Pipeline.php(163): Illuminate\\Foundation\\Http\\Middleware\\TransformsRequest->handle(Object(Illuminate\\Http\\Request), Object(Closure))
#47 /var/www/html/dainikShahtha/vendor/laravel/framework/src/Illuminate/Routing/Pipeline.php(53): Illuminate\\Pipeline\\Pipeline->Illuminate\\Pipeline\\{closure}(Object(Illuminate\\Http\\Request))
#48 /var/www/html/dainikShahtha/vendor/laravel/framework/src/Illuminate/Foundation/Http/Middleware/ValidatePostSize.php(27): Illuminate\\Routing\\Pipeline->Illuminate\\Routing\\{closure}(Object(Illuminate\\Http\\Request))
#49 /var/www/html/dainikShahtha/vendor/laravel/framework/src/Illuminate/Pipeline/Pipeline.php(163): Illuminate\\Foundation\\Http\\Middleware\\ValidatePostSize->handle(Object(Illuminate\\Http\\Request), Object(Closure))
#50 /var/www/html/dainikShahtha/vendor/laravel/framework/src/Illuminate/Routing/Pipeline.php(53): Illuminate\\Pipeline\\Pipeline->Illuminate\\Pipeline\\{closure}(Object(Illuminate\\Http\\Request))
#51 /var/www/html/dainikShahtha/vendor/laravel/framework/src/Illuminate/Foundation/Http/Middleware/CheckForMaintenanceMode.php(62): Illuminate\\Routing\\Pipeline->Illuminate\\Routing\\{closure}(Object(Illuminate\\Http\\Request))
#52 /var/www/html/dainikShahtha/vendor/laravel/framework/src/Illuminate/Pipeline/Pipeline.php(163): Illuminate\\Foundation\\Http\\Middleware\\CheckForMaintenanceMode->handle(Object(Illuminate\\Http\\Request), Object(Closure))
#53 /var/www/html/dainikShahtha/vendor/laravel/framework/src/Illuminate/Routing/Pipeline.php(53): Illuminate\\Pipeline\\Pipeline->Illuminate\\Pipeline\\{closure}(Object(Illuminate\\Http\\Request))
#54 /var/www/html/dainikShahtha/vendor/laravel/framework/src/Illuminate/Pipeline/Pipeline.php(104): Illuminate\\Routing\\Pipeline->Illuminate\\Routing\\{closure}(Object(Illuminate\\Http\\Request))
#55 /var/www/html/dainikShahtha/vendor/laravel/framework/src/Illuminate/Foundation/Http/Kernel.php(151): Illuminate\\Pipeline\\Pipeline->then(Object(Closure))
#56 /var/www/html/dainikShahtha/vendor/laravel/framework/src/Illuminate/Foundation/Http/Kernel.php(116): Illuminate\\Foundation\\Http\\Kernel->sendRequestThroughRouter(Object(Illuminate\\Http\\Request))
#57 /var/www/html/dainikShahtha/public/index.php(55): Illuminate\\Foundation\\Http\\Kernel->handle(Object(Illuminate\\Http\\Request))
#58 /var/www/html/dainikShahtha/server.php(21): require_once('/var/www/html/d...')
#59 {main}
"} 
[2026-03-26 19:28:40] local.ERROR: file_put_contents(D:\Personal Projects\dainikShahtha\storage\framework\views/cca79836c9896ead3693bf5fb5fe5762ba905db1.php): failed to open stream: No such file or directory {"exception":"[object] (ErrorException(code: 0): file_put_contents(D:\\Personal Projects\\dainikShahtha\\storage\\framework\\views/cca79836c9896ead3693bf5fb5fe5762ba905db1.php): failed to open stream: No such file or directory at /var/www/html/dainikShahtha/vendor/laravel/framework/src/Illuminate/Filesystem/Filesystem.php:122)
[stacktrace]
#0 [internal function]: Illuminate\\Foundation\\Bootstrap\\HandleExceptions->handleError(2, 'file_put_conten...', '/var/www/html/d...', 122, Array)
#1 /var/www/html/dainikShahtha/vendor/laravel/framework/src/Illuminate/Filesystem/Filesystem.php(122): file_put_contents('D:\\\\Personal Pro...', '<?php $__env->s...', 0)
#2 /var/www/html/dainikShahtha/vendor/laravel/framework/src/Illuminate/View/Compilers/BladeCompiler.php(122): Illuminate\\Filesystem\\Filesystem->put('D:\\\\Personal Pro...', '<?php $__env->s...')
#3 /var/www/html/dainikShahtha/vendor/laravel/framework/src/Illuminate/View/Engines/CompilerEngine.php(51): Illuminate\\View\\Compilers\\BladeCompiler->compile('/var/www/html/d...')
#4 /var/www/html/dainikShahtha/vendor/laravel/framework/src/Illuminate/View/View.php(142): Illuminate\\View\\Engines\\CompilerEngine->get('/var/www/html/d...', Array)
#5 /var/www/html/dainikShahtha/vendor/laravel/framework/src/Illuminate/View/View.php(125): Illuminate\\View\\View->getContents()
#6 /var/www/html/dainikShahtha/vendor/laravel/framework/src/Illuminate/View/View.php(90): Illuminate\\View\\View->renderContents()
#7 /var/www/html/dainikShahtha/vendor/laravel/framework/src/Illuminate/Http/Response.php(42): Illuminate\\View\\View->render()
#8 /var/www/html/dainikShahtha/vendor/symfony/http-foundation/Response.php(205): Illuminate\\Http\\Response->setContent(Object(Illuminate\\View\\View))
#9 /var/www/html/dainikShahtha/vendor/laravel/framework/src/Illuminate/Routing/ResponseFactory.php(55): Symfony\\Component\\HttpFoundation\\Response->__construct(Object(Illuminate\\View\\View), 500, Array)
#10 /var/www/html/dainikShahtha/vendor/laravel/framework/src/Illuminate/Routing/ResponseFactory.php(81): Illuminate\\Routing\\ResponseFactory->make(Object(Illuminate\\View\\View), 500, Array)
#11 /var/www/html/dainikShahtha/vendor/laravel/framework/src/Illuminate/Foundation/Exceptions/Handler.php(380): Illuminate\\Routing\\ResponseFactory->view('errors::500', Array, 500, Array)
#12 /var/www/html/dainikShahtha/vendor/laravel/framework/src/Illuminate/Foundation/Exceptions/Handler.php(289): Illuminate\\Foundation\\Exceptions\\Handler->renderHttpException(Object(Symfony\\Component\\HttpKernel\\Exception\\HttpException))
#13 /var/www/html/dainikShahtha/vendor/laravel/framework/src/Illuminate/Foundation/Exceptions/Handler.php(188): Illuminate\\Foundation\\Exceptions\\Handler->prepareResponse(Object(Illuminate\\Http\\Request), Object(Symfony\\Component\\HttpKernel\\Exception\\HttpException))
#14 /var/www/html/dainikShahtha/app/Exceptions/Handler.php(49): Illuminate\\Foundation\\Exceptions\\Handler->render(Object(Illuminate\\Http\\Request), Object(ErrorException))
#15 /var/www/html/dainikShahtha/vendor/laravel/framework/src/Illuminate/Routing/Pipeline.php(83): App\\Exceptions\\Handler->render(Object(Illuminate\\Http\\Request), Object(ErrorException))
#16 /var/www/html/dainikShahtha/vendor/laravel/framework/src/Illuminate/Routing/Pipeline.php(55): Illuminate\\Routing\\Pipeline->handleException(Object(Illuminate\\Http\\Request), Object(ErrorException))
#17 /var/www/html/dainikShahtha/vendor/laravel/framework/src/Illuminate/Session/Middleware/StartSession.php(63): Illuminate\\Routing\\Pipeline->Illuminate\\Routing\\{closure}(Object(Illuminate\\Http\\Request))
#18 /var/www/html/dainikShahtha/vendor/laravel/framework/src/Illuminate/Pipeline/Pipeline.php(163): Illuminate\\Session\\Middleware\\StartSession->handle(Object(Illuminate\\Http\\Request), Object(Closure))
#19 /var/www/html/dainikShahtha/vendor/laravel/framework/src/Illuminate/Routing/Pipeline.php(53): Illuminate\\Pipeline\\Pipeline->Illuminate\\Pipeline\\{closure}(Object(Illuminate\\Http\\Request))
#20 /var/www/html/dainikShahtha/vendor/laravel/framework/src/Illuminate/Cookie/Middleware/AddQueuedCookiesToResponse.php(37): Illuminate\\Routing\\Pipeline->Illuminate\\Routing\\{closure}(Object(Illuminate\\Http\\Request))
#21 /var/www/html/dainikShahtha/vendor/laravel/framework/src/Illuminate/Pipeline/Pipeline.php(163): Illuminate\\Cookie\\Middleware\\AddQueuedCookiesToResponse->handle(Object(Illuminate\\Http\\Request), Object(Closure))
#22 /var/www/html/dainikShahtha/vendor/laravel/framework/src/Illuminate/Routing/Pipeline.php(53): Illuminate\\Pipeline\\Pipeline->Illuminate\\Pipeline\\{closure}(Object(Illuminate\\Http\\Request))
#23 /var/www/html/dainikShahtha/vendor/laravel/framework/src/Illuminate/Cookie/Middleware/EncryptCookies.php(66): Illuminate\\Routing\\Pipeline->Illuminate\\Routing\\{closure}(Object(Illuminate\\Http\\Request))
#24 /var/www/html/dainikShahtha/vendor/laravel/framework/src/Illuminate/Pipeline/Pipeline.php(163): Illuminate\\Cookie\\Middleware\\EncryptCookies->handle(Object(Illuminate\\Http\\Request), Object(Closure))
#25 /var/www/html/dainikShahtha/vendor/laravel/framework/src/Illuminate/Routing/Pipeline.php(53): Illuminate\\Pipeline\\Pipeline->Illuminate\\Pipeline\\{closure}(Object(Illuminate\\Http\\Request))
#26 /var/www/html/dainikShahtha/vendor/laravel/framework/src/Illuminate/Pipeline/Pipeline.php(104): Illuminate\\Routing\\Pipeline->Illuminate\\Routing\\{closure}(Object(Illuminate\\Http\\Request))
#27 /var/www/html/dainikShahtha/vendor/laravel/framework/src/Illuminate/Routing/Router.php(684): Illuminate\\Pipeline\\Pipeline->then(Object(Closure))
#28 /var/www/html/dainikShahtha/vendor/laravel/framework/src/Illuminate/Routing/Router.php(659): Illuminate\\Routing\\Router->runRouteWithinStack(Object(Illuminate\\Routing\\Route), Object(Illuminate\\Http\\Request))
#29 /var/www/html/dainikShahtha/vendor/laravel/framework/src/Illuminate/Routing/Router.php(625): Illuminate\\Routing\\Router->runRoute(Object(Illuminate\\Http\\Request), Object(Illuminate\\Routing\\Route))
#30 /var/www/html/dainikShahtha/vendor/laravel/framework/src/Illuminate/Routing/Router.php(614): Illuminate\\Routing\\Router->dispatchToRoute(Object(Illuminate\\Http\\Request))
#31 /var/www/html/dainikShahtha/vendor/laravel/framework/src/Illuminate/Foundation/Http/Kernel.php(176): Illuminate\\Routing\\Router->dispatch(Object(Illuminate\\Http\\Request))
#32 /var/www/html/dainikShahtha/vendor/laravel/framework/src/Illuminate/Routing/Pipeline.php(30): Illuminate\\Foundation\\Http\\Kernel->Illuminate\\Foundation\\Http\\{closure}(Object(Illuminate\\Http\\Request))
#33 /var/www/html/dainikShahtha/vendor/barryvdh/laravel-debugbar/src/Middleware/InjectDebugbar.php(58): Illuminate\\Routing\\Pipeline->Illuminate\\Routing\\{closure}(Object(Illuminate\\Http\\Request))
#34 /var/www/html/dainikShahtha/vendor/laravel/framework/src/Illuminate/Pipeline/Pipeline.php(163): Barryvdh\\Debugbar\\Middleware\\InjectDebugbar->handle(Object(Illuminate\\Http\\Request), Object(Closure))
#35 /var/www/html/dainikShahtha/vendor/laravel/framework/src/Illuminate/Routing/Pipeline.php(53): Illuminate\\Pipeline\\Pipeline->Illuminate\\Pipeline\\{closure}(Object(Illuminate\\Http\\Request))
#36 /var/www/html/dainikShahtha/vendor/fideloper/proxy/src/TrustProxies.php(57): Illuminate\\Routing\\Pipeline->Illuminate\\Routing\\{closure}(Object(Illuminate\\Http\\Request))
#37 /var/www/html/dainikShahtha/vendor/laravel/framework/src/Illuminate/Pipeline/Pipeline.php(163): Fideloper\\Proxy\\TrustProxies->handle(Object(Illuminate\\Http\\Request), Object(Closure))
#38 /var/www/html/dainikShahtha/vendor/laravel/framework/src/Illuminate/Routing/Pipeline.php(53): Illuminate\\Pipeline\\Pipeline->Illuminate\\Pipeline\\{closure}(Object(Illuminate\\Http\\Request))
#39 /var/www/html/dainikShahtha/vendor/laravel/framework/src/Illuminate/Foundation/Http/Middleware/TransformsRequest.php(31): Illuminate\\Routing\\Pipeline->Illuminate\\Routing\\{closure}(Object(Illuminate\\Http\\Request))
#40 /var/www/html/dainikShahtha/vendor/laravel/framework/src/Illuminate/Pipeline/Pipeline.php(163): Illuminate\\Foundation\\Http\\Middleware\\TransformsRequest->handle(Object(Illuminate\\Http\\Request), Object(Closure))
#41 /var/www/html/dainikShahtha/vendor/laravel/framework/src/Illuminate/Routing/Pipeline.php(53): Illuminate\\Pipeline\\Pipeline->Illuminate\\Pipeline\\{closure}(Object(Illuminate\\Http\\Request))
#42 /var/www/html/dainikShahtha/vendor/laravel/framework/src/Illuminate/Foundation/Http/Middleware/TransformsRequest.php(31): Illuminate\\Routing\\Pipeline->Illuminate\\Routing\\{closure}(Object(Illuminate\\Http\\Request))
#43 /var/www/html/dainikShahtha/vendor/laravel/framework/src/Illuminate/Pipeline/Pipeline.php(163): Illuminate\\Foundation\\Http\\Middleware\\TransformsRequest->handle(Object(Illuminate\\Http\\Request), Object(Closure))
#44 /var/www/html/dainikShahtha/vendor/laravel/framework/src/Illuminate/Routing/Pipeline.php(53): Illuminate\\Pipeline\\Pipeline->Illuminate\\Pipeline\\{closure}(Object(Illuminate\\Http\\Request))
#45 /var/www/html/dainikShahtha/vendor/laravel/framework/src/Illuminate/Foundation/Http/Middleware/ValidatePostSize.php(27): Illuminate\\Routing\\Pipeline->Illuminate\\Routing\\{closure}(Object(Illuminate\\Http\\Request))
#46 /var/www/html/dainikShahtha/vendor/laravel/framework/src/Illuminate/Pipeline/Pipeline.php(163): Illuminate\\Foundation\\Http\\Middleware\\ValidatePostSize->handle(Object(Illuminate\\Http\\Request), Object(Closure))
#47 /var/www/html/dainikShahtha/vendor/laravel/framework/src/Illuminate/Routing/Pipeline.php(53): Illuminate\\Pipeline\\Pipeline->Illuminate\\Pipeline\\{closure}(Object(Illuminate\\Http\\Request))
#48 /var/www/html/dainikShahtha/vendor/laravel/framework/src/Illuminate/Foundation/Http/Middleware/CheckForMaintenanceMode.php(62): Illuminate\\Routing\\Pipeline->Illuminate\\Routing\\{closure}(Object(Illuminate\\Http\\Request))
#49 /var/www/html/dainikShahtha/vendor/laravel/framework/src/Illuminate/Pipeline/Pipeline.php(163): Illuminate\\Foundation\\Http\\Middleware\\CheckForMaintenanceMode->handle(Object(Illuminate\\Http\\Request), Object(Closure))
#50 /var/www/html/dainikShahtha/vendor/laravel/framework/src/Illuminate/Routing/Pipeline.php(53): Illuminate\\Pipeline\\Pipeline->Illuminate\\Pipeline\\{closure}(Object(Illuminate\\Http\\Request))
#51 /var/www/html/dainikShahtha/vendor/laravel/framework/src/Illuminate/Pipeline/Pipeline.php(104): Illuminate\\Routing\\Pipeline->Illuminate\\Routing\\{closure}(Object(Illuminate\\Http\\Request))
#52 /var/www/html/dainikShahtha/vendor/laravel/framework/src/Illuminate/Foundation/Http/Kernel.php(151): Illuminate\\Pipeline\\Pipeline->then(Object(Closure))
#53 /var/www/html/dainikShahtha/vendor/laravel/framework/src/Illuminate/Foundation/Http/Kernel.php(116): Illuminate\\Foundation\\Http\\Kernel->sendRequestThroughRouter(Object(Illuminate\\Http\\Request))
#54 /var/www/html/dainikShahtha/public/index.php(55): Illuminate\\Foundation\\Http\\Kernel->handle(Object(Illuminate\\Http\\Request))
#55 /var/www/html/dainikShahtha/server.php(21): require_once('/var/www/html/d...')
#56 {main}
"} 
[2026-03-26 19:28:40] local.ERROR: file_put_contents(D:\Personal Projects\dainikShahtha\storage\framework\views/cca79836c9896ead3693bf5fb5fe5762ba905db1.php): failed to open stream: No such file or directory {"exception":"[object] (ErrorException(code: 0): file_put_contents(D:\\Personal Projects\\dainikShahtha\\storage\\framework\\views/cca79836c9896ead3693bf5fb5fe5762ba905db1.php): failed to open stream: No such file or directory at /var/www/html/dainikShahtha/vendor/laravel/framework/src/Illuminate/Filesystem/Filesystem.php:122)
[stacktrace]
#0 [internal function]: Illuminate\\Foundation\\Bootstrap\\HandleExceptions->handleError(2, 'file_put_conten...', '/var/www/html/d...', 122, Array)
#1 /var/www/html/dainikShahtha/vendor/laravel/framework/src/Illuminate/Filesystem/Filesystem.php(122): file_put_contents('D:\\\\Personal Pro...', '<?php $__env->s...', 0)
#2 /var/www/html/dainikShahtha/vendor/laravel/framework/src/Illuminate/View/Compilers/BladeCompiler.php(122): Illuminate\\Filesystem\\Filesystem->put('D:\\\\Personal Pro...', '<?php $__env->s...')
#3 /var/www/html/dainikShahtha/vendor/laravel/framework/src/Illuminate/View/Engines/CompilerEngine.php(51): Illuminate\\View\\Compilers\\BladeCompiler->compile('/var/www/html/d...')
#4 /var/www/html/dainikShahtha/vendor/laravel/framework/src/Illuminate/View/View.php(142): Illuminate\\View\\Engines\\CompilerEngine->get('/var/www/html/d...', Array)
#5 /var/www/html/dainikShahtha/vendor/laravel/framework/src/Illuminate/View/View.php(125): Illuminate\\View\\View->getContents()
#6 /var/www/html/dainikShahtha/vendor/laravel/framework/src/Illuminate/View/View.php(90): Illuminate\\View\\View->renderContents()
#7 /var/www/html/dainikShahtha/vendor/laravel/framework/src/Illuminate/Http/Response.php(42): Illuminate\\View\\View->render()
#8 /var/www/html/dainikShahtha/vendor/symfony/http-foundation/Response.php(205): Illuminate\\Http\\Response->setContent(Object(Illuminate\\View\\View))
#9 /var/www/html/dainikShahtha/vendor/laravel/framework/src/Illuminate/Routing/ResponseFactory.php(55): Symfony\\Component\\HttpFoundation\\Response->__construct(Object(Illuminate\\View\\View), 500, Array)
#10 /var/www/html/dainikShahtha/vendor/laravel/framework/src/Illuminate/Routing/ResponseFactory.php(81): Illuminate\\Routing\\ResponseFactory->make(Object(Illuminate\\View\\View), 500, Array)
#11 /var/www/html/dainikShahtha/vendor/laravel/framework/src/Illuminate/Foundation/Exceptions/Handler.php(380): Illuminate\\Routing\\ResponseFactory->view('errors::500', Array, 500, Array)
#12 /var/www/html/dainikShahtha/vendor/laravel/framework/src/Illuminate/Foundation/Exceptions/Handler.php(289): Illuminate\\Foundation\\Exceptions\\Handler->renderHttpException(Object(Symfony\\Component\\HttpKernel\\Exception\\HttpException))
#13 /var/www/html/dainikShahtha/vendor/laravel/framework/src/Illuminate/Foundation/Exceptions/Handler.php(188): Illuminate\\Foundation\\Exceptions\\Handler->prepareResponse(Object(Illuminate\\Http\\Request), Object(Symfony\\Component\\HttpKernel\\Exception\\HttpException))
#14 /var/www/html/dainikShahtha/app/Exceptions/Handler.php(49): Illuminate\\Foundation\\Exceptions\\Handler->render(Object(Illuminate\\Http\\Request), Object(ErrorException))
#15 /var/www/html/dainikShahtha/vendor/laravel/framework/src/Illuminate/Routing/Pipeline.php(83): App\\Exceptions\\Handler->render(Object(Illuminate\\Http\\Request), Object(ErrorException))
#16 /var/www/html/dainikShahtha/vendor/laravel/framework/src/Illuminate/Routing/Pipeline.php(55): Illuminate\\Routing\\Pipeline->handleException(Object(Illuminate\\Http\\Request), Object(ErrorException))
#17 /var/www/html/dainikShahtha/vendor/laravel/framework/src/Illuminate/Cookie/Middleware/AddQueuedCookiesToResponse.php(37): Illuminate\\Routing\\Pipeline->Illuminate\\Routing\\{closure}(Object(Illuminate\\Http\\Request))
#18 /var/www/html/dainikShahtha/vendor/laravel/framework/src/Illuminate/Pipeline/Pipeline.php(163): Illuminate\\Cookie\\Middleware\\AddQueuedCookiesToResponse->handle(Object(Illuminate\\Http\\Request), Object(Closure))
#19 /var/www/html/dainikShahtha/vendor/laravel/framework/src/Illuminate/Routing/Pipeline.php(53): Illuminate\\Pipeline\\Pipeline->Illuminate\\Pipeline\\{closure}(Object(Illuminate\\Http\\Request))
#20 /var/www/html/dainikShahtha/vendor/laravel/framework/src/Illuminate/Cookie/Middleware/EncryptCookies.php(66): Illuminate\\Routing\\Pipeline->Illuminate\\Routing\\{closure}(Object(Illuminate\\Http\\Request))
#21 /var/www/html/dainikShahtha/vendor/laravel/framework/src/Illuminate/Pipeline/Pipeline.php(163): Illuminate\\Cookie\\Middleware\\EncryptCookies->handle(Object(Illuminate\\Http\\Request), Object(Closure))
#22 /var/www/html/dainikShahtha/vendor/laravel/framework/src/Illuminate/Routing/Pipeline.php(53): Illuminate\\Pipeline\\Pipeline->Illuminate\\Pipeline\\{closure}(Object(Illuminate\\Http\\Request))
#23 /var/www/html/dainikShahtha/vendor/laravel/framework/src/Illuminate/Pipeline/Pipeline.php(104): Illuminate\\Routing\\Pipeline->Illuminate\\Routing\\{closure}(Object(Illuminate\\Http\\Request))
#24 /var/www/html/dainikShahtha/vendor/laravel/framework/src/Illuminate/Routing/Router.php(684): Illuminate\\Pipeline\\Pipeline->then(Object(Closure))
#25 /var/www/html/dainikShahtha/vendor/laravel/framework/src/Illuminate/Routing/Router.php(659): Illuminate\\Routing\\Router->runRouteWithinStack(Object(Illuminate\\Routing\\Route), Object(Illuminate\\Http\\Request))
#26 /var/www/html/dainikShahtha/vendor/laravel/framework/src/Illuminate/Routing/Router.php(625): Illuminate\\Routing\\Router->runRoute(Object(Illuminate\\Http\\Request), Object(Illuminate\\Routing\\Route))
#27 /var/www/html/dainikShahtha/vendor/laravel/framework/src/Illuminate/Routing/Router.php(614): Illuminate\\Routing\\Router->dispatchToRoute(Object(Illuminate\\Http\\Request))
#28 /var/www/html/dainikShahtha/vendor/laravel/framework/src/Illuminate/Foundation/Http/Kernel.php(176): Illuminate\\Routing\\Router->dispatch(Object(Illuminate\\Http\\Request))
#29 /var/www/html/dainikShahtha/vendor/laravel/framework/src/Illuminate/Routing/Pipeline.php(30): Illuminate\\Foundation\\Http\\Kernel->Illuminate\\Foundation\\Http\\{closure}(Object(Illuminate\\Http\\Request))
#30 /var/www/html/dainikShahtha/vendor/barryvdh/laravel-debugbar/src/Middleware/InjectDebugbar.php(58): Illuminate\\Routing\\Pipeline->Illuminate\\Routing\\{closure}(Object(Illuminate\\Http\\Request))
#31 /var/www/html/dainikShahtha/vendor/laravel/framework/src/Illuminate/Pipeline/Pipeline.php(163): Barryvdh\\Debugbar\\Middleware\\InjectDebugbar->handle(Object(Illuminate\\Http\\Request), Object(Closure))
#32 /var/www/html/dainikShahtha/vendor/laravel/framework/src/Illuminate/Routing/Pipeline.php(53): Illuminate\\Pipeline\\Pipeline->Illuminate\\Pipeline\\{closure}(Object(Illuminate\\Http\\Request))
#33 /var/www/html/dainikShahtha/vendor/fideloper/proxy/src/TrustProxies.php(57): Illuminate\\Routing\\Pipeline->Illuminate\\Routing\\{closure}(Object(Illuminate\\Http\\Request))
#34 /var/www/html/dainikShahtha/vendor/laravel/framework/src/Illuminate/Pipeline/Pipeline.php(163): Fideloper\\Proxy\\TrustProxies->handle(Object(Illuminate\\Http\\Request), Object(Closure))
#35 /var/www/html/dainikShahtha/vendor/laravel/framework/src/Illuminate/Routing/Pipeline.php(53): Illuminate\\Pipeline\\Pipeline->Illuminate\\Pipeline\\{closure}(Object(Illuminate\\Http\\Request))
#36 /var/www/html/dainikShahtha/vendor/laravel/framework/src/Illuminate/Foundation/Http/Middleware/TransformsRequest.php(31): Illuminate\\Routing\\Pipeline->Illuminate\\Routing\\{closure}(Object(Illuminate\\Http\\Request))
#37 /var/www/html/dainikShahtha/vendor/laravel/framework/src/Illuminate/Pipeline/Pipeline.php(163): Illuminate\\Foundation\\Http\\Middleware\\TransformsRequest->handle(Object(Illuminate\\Http\\Request), Object(Closure))
#38 /var/www/html/dainikShahtha/vendor/laravel/framework/src/Illuminate/Routing/Pipeline.php(53): Illuminate\\Pipeline\\Pipeline->Illuminate\\Pipeline\\{closure}(Object(Illuminate\\Http\\Request))
#39 /var/www/html/dainikShahtha/vendor/laravel/framework/src/Illuminate/Foundation/Http/Middleware/TransformsRequest.php(31): Illuminate\\Routing\\Pipeline->Illuminate\\Routing\\{closure}(Object(Illuminate\\Http\\Request))
#40 /var/www/html/dainikShahtha/vendor/laravel/framework/src/Illuminate/Pipeline/Pipeline.php(163): Illuminate\\Foundation\\Http\\Middleware\\TransformsRequest->handle(Object(Illuminate\\Http\\Request), Object(Closure))
#41 /var/www/html/dainikShahtha/vendor/laravel/framework/src/Illuminate/Routing/Pipeline.php(53): Illuminate\\Pipeline\\Pipeline->Illuminate\\Pipeline\\{closure}(Object(Illuminate\\Http\\Request))
#42 /var/www/html/dainikShahtha/vendor/laravel/framework/src/Illuminate/Foundation/Http/Middleware/ValidatePostSize.php(27): Illuminate\\Routing\\Pipeline->Illuminate\\Routing\\{closure}(Object(Illuminate\\Http\\Request))
#43 /var/www/html/dainikShahtha/vendor/laravel/framework/src/Illuminate/Pipeline/Pipeline.php(163): Illuminate\\Foundation\\Http\\Middleware\\ValidatePostSize->handle(Object(Illuminate\\Http\\Request), Object(Closure))
#44 /var/www/html/dainikShahtha/vendor/laravel/framework/src/Illuminate/Routing/Pipeline.php(53): Illuminate\\Pipeline\\Pipeline->Illuminate\\Pipeline\\{closure}(Object(Illuminate\\Http\\Request))
#45 /var/www/html/dainikShahtha/vendor/laravel/framework/src/Illuminate/Foundation/Http/Middleware/CheckForMaintenanceMode.php(62): Illuminate\\Routing\\Pipeline->Illuminate\\Routing\\{closure}(Object(Illuminate\\Http\\Request))
#46 /var/www/html/dainikShahtha/vendor/laravel/framework/src/Illuminate/Pipeline/Pipeline.php(163): Illuminate\\Foundation\\Http\\Middleware\\CheckForMaintenanceMode->handle(Object(Illuminate\\Http\\Request), Object(Closure))
#47 /var/www/html/dainikShahtha/vendor/laravel/framework/src/Illuminate/Routing/Pipeline.php(53): Illuminate\\Pipeline\\Pipeline->Illuminate\\Pipeline\\{closure}(Object(Illuminate\\Http\\Request))
#48 /var/www/html/dainikShahtha/vendor/laravel/framework/src/Illuminate/Pipeline/Pipeline.php(104): Illuminate\\Routing\\Pipeline->Illuminate\\Routing\\{closure}(Object(Illuminate\\Http\\Request))
#49 /var/www/html/dainikShahtha/vendor/laravel/framework/src/Illuminate/Foundation/Http/Kernel.php(151): Illuminate\\Pipeline\\Pipeline->then(Object(Closure))
#50 /var/www/html/dainikShahtha/vendor/laravel/framework/src/Illuminate/Foundation/Http/Kernel.php(116): Illuminate\\Foundation\\Http\\Kernel->sendRequestThroughRouter(Object(Illuminate\\Http\\Request))
#51 /var/www/html/dainikShahtha/public/index.php(55): Illuminate\\Foundation\\Http\\Kernel->handle(Object(Illuminate\\Http\\Request))
#52 /var/www/html/dainikShahtha/server.php(21): require_once('/var/www/html/d...')
#53 {main}
"} 
[2026-03-26 19:28:40] local.ERROR: file_put_contents(D:\Personal Projects\dainikShahtha\storage\framework\views/cca79836c9896ead3693bf5fb5fe5762ba905db1.php): failed to open stream: No such file or directory {"exception":"[object] (ErrorException(code: 0): file_put_contents(D:\\Personal Projects\\dainikShahtha\\storage\\framework\\views/cca79836c9896ead3693bf5fb5fe5762ba905db1.php): failed to open stream: No such file or directory at /var/www/html/dainikShahtha/vendor/laravel/framework/src/Illuminate/Filesystem/Filesystem.php:122)
[stacktrace]
#0 [internal function]: Illuminate\\Foundation\\Bootstrap\\HandleExceptions->handleError(2, 'file_put_conten...', '/var/www/html/d...', 122, Array)
#1 /var/www/html/dainikShahtha/vendor/laravel/framework/src/Illuminate/Filesystem/Filesystem.php(122): file_put_contents('D:\\\\Personal Pro...', '<?php $__env->s...', 0)
#2 /var/www/html/dainikShahtha/vendor/laravel/framework/src/Illuminate/View/Compilers/BladeCompiler.php(122): Illuminate\\Filesystem\\Filesystem->put('D:\\\\Personal Pro...', '<?php $__env->s...')
#3 /var/www/html/dainikShahtha/vendor/laravel/framework/src/Illuminate/View/Engines/CompilerEngine.php(51): Illuminate\\View\\Compilers\\BladeCompiler->compile('/var/www/html/d...')
#4 /var/www/html/dainikShahtha/vendor/laravel/framework/src/Illuminate/View/View.php(142): Illuminate\\View\\Engines\\CompilerEngine->get('/var/www/html/d...', Array)
#5 /var/www/html/dainikShahtha/vendor/laravel/framework/src/Illuminate/View/View.php(125): Illuminate\\View\\View->getContents()
#6 /var/www/html/dainikShahtha/vendor/laravel/framework/src/Illuminate/View/View.php(90): Illuminate\\View\\View->renderContents()
#7 /var/www/html/dainikShahtha/vendor/laravel/framework/src/Illuminate/Http/Response.php(42): Illuminate\\View\\View->render()
#8 /var/www/html/dainikShahtha/vendor/symfony/http-foundation/Response.php(205): Illuminate\\Http\\Response->setContent(Object(Illuminate\\View\\View))
#9 /var/www/html/dainikShahtha/vendor/laravel/framework/src/Illuminate/Routing/ResponseFactory.php(55): Symfony\\Component\\HttpFoundation\\Response->__construct(Object(Illuminate\\View\\View), 500, Array)
#10 /var/www/html/dainikShahtha/vendor/laravel/framework/src/Illuminate/Routing/ResponseFactory.php(81): Illuminate\\Routing\\ResponseFactory->make(Object(Illuminate\\View\\View), 500, Array)
#11 /var/www/html/dainikShahtha/vendor/laravel/framework/src/Illuminate/Foundation/Exceptions/Handler.php(380): Illuminate\\Routing\\ResponseFactory->view('errors::500', Array, 500, Array)
#12 /var/www/html/dainikShahtha/vendor/laravel/framework/src/Illuminate/Foundation/Exceptions/Handler.php(289): Illuminate\\Foundation\\Exceptions\\Handler->renderHttpException(Object(Symfony\\Component\\HttpKernel\\Exception\\HttpException))
#13 /var/www/html/dainikShahtha/vendor/laravel/framework/src/Illuminate/Foundation/Exceptions/Handler.php(188): Illuminate\\Foundation\\Exceptions\\Handler->prepareResponse(Object(Illuminate\\Http\\Request), Object(Symfony\\Component\\HttpKernel\\Exception\\HttpException))
#14 /var/www/html/dainikShahtha/app/Exceptions/Handler.php(49): Illuminate\\Foundation\\Exceptions\\Handler->render(Object(Illuminate\\Http\\Request), Object(ErrorException))
#15 /var/www/html/dainikShahtha/vendor/laravel/framework/src/Illuminate/Routing/Pipeline.php(83): App\\Exceptions\\Handler->render(Object(Illuminate\\Http\\Request), Object(ErrorException))
#16 /var/www/html/dainikShahtha/vendor/laravel/framework/src/Illuminate/Routing/Pipeline.php(55): Illuminate\\Routing\\Pipeline->handleException(Object(Illuminate\\Http\\Request), Object(ErrorException))
#17 /var/www/html/dainikShahtha/vendor/laravel/framework/src/Illuminate/Cookie/Middleware/EncryptCookies.php(66): Illuminate\\Routing\\Pipeline->Illuminate\\Routing\\{closure}(Object(Illuminate\\Http\\Request))
#18 /var/www/html/dainikShahtha/vendor/laravel/framework/src/Illuminate/Pipeline/Pipeline.php(163): Illuminate\\Cookie\\Middleware\\EncryptCookies->handle(Object(Illuminate\\Http\\Request), Object(Closure))
#19 /var/www/html/dainikShahtha/vendor/laravel/framework/src/Illuminate/Routing/Pipeline.php(53): Illuminate\\Pipeline\\Pipeline->Illuminate\\Pipeline\\{closure}(Object(Illuminate\\Http\\Request))
#20 /var/www/html/dainikShahtha/vendor/laravel/framework/src/Illuminate/Pipeline/Pipeline.php(104): Illuminate\\Routing\\Pipeline->Illuminate\\Routing\\{closure}(Object(Illuminate\\Http\\Request))
#21 /var/www/html/dainikShahtha/vendor/laravel/framework/src/Illuminate/Routing/Router.php(684): Illuminate\\Pipeline\\Pipeline->then(Object(Closure))
#22 /var/www/html/dainikShahtha/vendor/laravel/framework/src/Illuminate/Routing/Router.php(659): Illuminate\\Routing\\Router->runRouteWithinStack(Object(Illuminate\\Routing\\Route), Object(Illuminate\\Http\\Request))
#23 /var/www/html/dainikShahtha/vendor/laravel/framework/src/Illuminate/Routing/Router.php(625): Illuminate\\Routing\\Router->runRoute(Object(Illuminate\\Http\\Request), Object(Illuminate\\Routing\\Route))
#24 /var/www/html/dainikShahtha/vendor/laravel/framework/src/Illuminate/Routing/Router.php(614): Illuminate\\Routing\\Router->dispatchToRoute(Object(Illuminate\\Http\\Request))
#25 /var/www/html/dainikShahtha/vendor/laravel/framework/src/Illuminate/Foundation/Http/Kernel.php(176): Illuminate\\Routing\\Router->dispatch(Object(Illuminate\\Http\\Request))
#26 /var/www/html/dainikShahtha/vendor/laravel/framework/src/Illuminate/Routing/Pipeline.php(30): Illuminate\\Foundation\\Http\\Kernel->Illuminate\\Foundation\\Http\\{closure}(Object(Illuminate\\Http\\Request))
#27 /var/www/html/dainikShahtha/vendor/barryvdh/laravel-debugbar/src/Middleware/InjectDebugbar.php(58): Illuminate\\Routing\\Pipeline->Illuminate\\Routing\\{closure}(Object(Illuminate\\Http\\Request))
#28 /var/www/html/dainikShahtha/vendor/laravel/framework/src/Illuminate/Pipeline/Pipeline.php(163): Barryvdh\\Debugbar\\Middleware\\InjectDebugbar->handle(Object(Illuminate\\Http\\Request), Object(Closure))
#29 /var/www/html/dainikShahtha/vendor/laravel/framework/src/Illuminate/Routing/Pipeline.php(53): Illuminate\\Pipeline\\Pipeline->Illuminate\\Pipeline\\{closure}(Object(Illuminate\\Http\\Request))
#30 /var/www/html/dainikShahtha/vendor/fideloper/proxy/src/TrustProxies.php(57): Illuminate\\Routing\\Pipeline->Illuminate\\Routing\\{closure}(Object(Illuminate\\Http\\Request))
#31 /var/www/html/dainikShahtha/vendor/laravel/framework/src/Illuminate/Pipeline/Pipeline.php(163): Fideloper\\Proxy\\TrustProxies->handle(Object(Illuminate\\Http\\Request), Object(Closure))
#32 /var/www/html/dainikShahtha/vendor/laravel/framework/src/Illuminate/Routing/Pipeline.php(53): Illuminate\\Pipeline\\Pipeline->Illuminate\\Pipeline\\{closure}(Object(Illuminate\\Http\\Request))
#33 /var/www/html/dainikShahtha/vendor/laravel/framework/src/Illuminate/Foundation/Http/Middleware/TransformsRequest.php(31): Illuminate\\Routing\\Pipeline->Illuminate\\Routing\\{closure}(Object(Illuminate\\Http\\Request))
#34 /var/www/html/dainikShahtha/vendor/laravel/framework/src/Illuminate/Pipeline/Pipeline.php(163): Illuminate\\Foundation\\Http\\Middleware\\TransformsRequest->handle(Object(Illuminate\\Http\\Request), Object(Closure))
#35 /var/www/html/dainikShahtha/vendor/laravel/framework/src/Illuminate/Routing/Pipeline.php(53): Illuminate\\Pipeline\\Pipeline->Illuminate\\Pipeline\\{closure}(Object(Illuminate\\Http\\Request))
#36 /var/www/html/dainikShahtha/vendor/laravel/framework/src/Illuminate/Foundation/Http/Middleware/TransformsRequest.php(31): Illuminate\\Routing\\Pipeline->Illuminate\\Routing\\{closure}(Object(Illuminate\\Http\\Request))
#37 /var/www/html/dainikShahtha/vendor/laravel/framework/src/Illuminate/Pipeline/Pipeline.php(163): Illuminate\\Foundation\\Http\\Middleware\\TransformsRequest->handle(Object(Illuminate\\Http\\Request), Object(Closure))
#38 /var/www/html/dainikShahtha/vendor/laravel/framework/src/Illuminate/Routing/Pipeline.php(53): Illuminate\\Pipeline\\Pipeline->Illuminate\\Pipeline\\{closure}(Object(Illuminate\\Http\\Request))
#39 /var/www/html/dainikShahtha/vendor/laravel/framework/src/Illuminate/Foundation/Http/Middleware/ValidatePostSize.php(27): Illuminate\\Routing\\Pipeline->Illuminate\\Routing\\{closure}(Object(Illuminate\\Http\\Request))
#40 /var/www/html/dainikShahtha/vendor/laravel/framework/src/Illuminate/Pipeline/Pipeline.php(163): Illuminate\\Foundation\\Http\\Middleware\\ValidatePostSize->handle(Object(Illuminate\\Http\\Request), Object(Closure))
#41 /var/www/html/dainikShahtha/vendor/laravel/framework/src/Illuminate/Routing/Pipeline.php(53): Illuminate\\Pipeline\\Pipeline->Illuminate\\Pipeline\\{closure}(Object(Illuminate\\Http\\Request))
#42 /var/www/html/dainikShahtha/vendor/laravel/framework/src/Illuminate/Foundation/Http/Middleware/CheckForMaintenanceMode.php(62): Illuminate\\Routing\\Pipeline->Illuminate\\Routing\\{closure}(Object(Illuminate\\Http\\Request))
#43 /var/www/html/dainikShahtha/vendor/laravel/framework/src/Illuminate/Pipeline/Pipeline.php(163): Illuminate\\Foundation\\Http\\Middleware\\CheckForMaintenanceMode->handle(Object(Illuminate\\Http\\Request), Object(Closure))
#44 /var/www/html/dainikShahtha/vendor/laravel/framework/src/Illuminate/Routing/Pipeline.php(53): Illuminate\\Pipeline\\Pipeline->Illuminate\\Pipeline\\{closure}(Object(Illuminate\\Http\\Request))
#45 /var/www/html/dainikShahtha/vendor/laravel/framework/src/Illuminate/Pipeline/Pipeline.php(104): Illuminate\\Routing\\Pipeline->Illuminate\\Routing\\{closure}(Object(Illuminate\\Http\\Request))
#46 /var/www/html/dainikShahtha/vendor/laravel/framework/src/Illuminate/Foundation/Http/Kernel.php(151): Illuminate\\Pipeline\\Pipeline->then(Object(Closure))
#47 /var/www/html/dainikShahtha/vendor/laravel/framework/src/Illuminate/Foundation/Http/Kernel.php(116): Illuminate\\Foundation\\Http\\Kernel->sendRequestThroughRouter(Object(Illuminate\\Http\\Request))
#48 /var/www/html/dainikShahtha/public/index.php(55): Illuminate\\Foundation\\Http\\Kernel->handle(Object(Illuminate\\Http\\Request))
#49 /var/www/html/dainikShahtha/server.php(21): require_once('/var/www/html/d...')
#50 {main}
"} 
[2026-03-26 19:28:40] local.ERROR: file_put_contents(D:\Personal Projects\dainikShahtha\storage\framework\views/cca79836c9896ead3693bf5fb5fe5762ba905db1.php): failed to open stream: No such file or directory {"exception":"[object] (ErrorException(code: 0): file_put_contents(D:\\Personal Projects\\dainikShahtha\\storage\\framework\\views/cca79836c9896ead3693bf5fb5fe5762ba905db1.php): failed to open stream: No such file or directory at /var/www/html/dainikShahtha/vendor/laravel/framework/src/Illuminate/Filesystem/Filesystem.php:122)
[stacktrace]
#0 [internal function]: Illuminate\\Foundation\\Bootstrap\\HandleExceptions->handleError(2, 'file_put_conten...', '/var/www/html/d...', 122, Array)
#1 /var/www/html/dainikShahtha/vendor/laravel/framework/src/Illuminate/Filesystem/Filesystem.php(122): file_put_contents('D:\\\\Personal Pro...', '<?php $__env->s...', 0)
#2 /var/www/html/dainikShahtha/vendor/laravel/framework/src/Illuminate/View/Compilers/BladeCompiler.php(122): Illuminate\\Filesystem\\Filesystem->put('D:\\\\Personal Pro...', '<?php $__env->s...')
#3 /var/www/html/dainikShahtha/vendor/laravel/framework/src/Illuminate/View/Engines/CompilerEngine.php(51): Illuminate\\View\\Compilers\\BladeCompiler->compile('/var/www/html/d...')
#4 /var/www/html/dainikShahtha/vendor/laravel/framework/src/Illuminate/View/View.php(142): Illuminate\\View\\Engines\\CompilerEngine->get('/var/www/html/d...', Array)
#5 /var/www/html/dainikShahtha/vendor/laravel/framework/src/Illuminate/View/View.php(125): Illuminate\\View\\View->getContents()
#6 /var/www/html/dainikShahtha/vendor/laravel/framework/src/Illuminate/View/View.php(90): Illuminate\\View\\View->renderContents()
#7 /var/www/html/dainikShahtha/vendor/laravel/framework/src/Illuminate/Http/Response.php(42): Illuminate\\View\\View->render()
#8 /var/www/html/dainikShahtha/vendor/symfony/http-foundation/Response.php(205): Illuminate\\Http\\Response->setContent(Object(Illuminate\\View\\View))
#9 /var/www/html/dainikShahtha/vendor/laravel/framework/src/Illuminate/Routing/ResponseFactory.php(55): Symfony\\Component\\HttpFoundation\\Response->__construct(Object(Illuminate\\View\\View), 500, Array)
#10 /var/www/html/dainikShahtha/vendor/laravel/framework/src/Illuminate/Routing/ResponseFactory.php(81): Illuminate\\Routing\\ResponseFactory->make(Object(Illuminate\\View\\View), 500, Array)
#11 /var/www/html/dainikShahtha/vendor/laravel/framework/src/Illuminate/Foundation/Exceptions/Handler.php(380): Illuminate\\Routing\\ResponseFactory->view('errors::500', Array, 500, Array)
#12 /var/www/html/dainikShahtha/vendor/laravel/framework/src/Illuminate/Foundation/Exceptions/Handler.php(289): Illuminate\\Foundation\\Exceptions\\Handler->renderHttpException(Object(Symfony\\Component\\HttpKernel\\Exception\\HttpException))
#13 /var/www/html/dainikShahtha/vendor/laravel/framework/src/Illuminate/Foundation/Exceptions/Handler.php(188): Illuminate\\Foundation\\Exceptions\\Handler->prepareResponse(Object(Illuminate\\Http\\Request), Object(Symfony\\Component\\HttpKernel\\Exception\\HttpException))
#14 /var/www/html/dainikShahtha/app/Exceptions/Handler.php(49): Illuminate\\Foundation\\Exceptions\\Handler->render(Object(Illuminate\\Http\\Request), Object(ErrorException))
#15 /var/www/html/dainikShahtha/vendor/laravel/framework/src/Illuminate/Routing/Pipeline.php(83): App\\Exceptions\\Handler->render(Object(Illuminate\\Http\\Request), Object(ErrorException))
#16 /var/www/html/dainikShahtha/vendor/laravel/framework/src/Illuminate/Routing/Pipeline.php(55): Illuminate\\Routing\\Pipeline->handleException(Object(Illuminate\\Http\\Request), Object(ErrorException))
#17 /var/www/html/dainikShahtha/vendor/laravel/framework/src/Illuminate/Pipeline/Pipeline.php(104): Illuminate\\Routing\\Pipeline->Illuminate\\Routing\\{closure}(Object(Illuminate\\Http\\Request))
#18 /var/www/html/dainikShahtha/vendor/laravel/framework/src/Illuminate/Routing/Router.php(684): Illuminate\\Pipeline\\Pipeline->then(Object(Closure))
#19 /var/www/html/dainikShahtha/vendor/laravel/framework/src/Illuminate/Routing/Router.php(659): Illuminate\\Routing\\Router->runRouteWithinStack(Object(Illuminate\\Routing\\Route), Object(Illuminate\\Http\\Request))
#20 /var/www/html/dainikShahtha/vendor/laravel/framework/src/Illuminate/Routing/Router.php(625): Illuminate\\Routing\\Router->runRoute(Object(Illuminate\\Http\\Request), Object(Illuminate\\Routing\\Route))
#21 /var/www/html/dainikShahtha/vendor/laravel/framework/src/Illuminate/Routing/Router.php(614): Illuminate\\Routing\\Router->dispatchToRoute(Object(Illuminate\\Http\\Request))
#22 /var/www/html/dainikShahtha/vendor/laravel/framework/src/Illuminate/Foundation/Http/Kernel.php(176): Illuminate\\Routing\\Router->dispatch(Object(Illuminate\\Http\\Request))
#23 /var/www/html/dainikShahtha/vendor/laravel/framework/src/Illuminate/Routing/Pipeline.php(30): Illuminate\\Foundation\\Http\\Kernel->Illuminate\\Foundation\\Http\\{closure}(Object(Illuminate\\Http\\Request))
#24 /var/www/html/dainikShahtha/vendor/barryvdh/laravel-debugbar/src/Middleware/InjectDebugbar.php(58): Illuminate\\Routing\\Pipeline->Illuminate\\Routing\\{closure}(Object(Illuminate\\Http\\Request))
#25 /var/www/html/dainikShahtha/vendor/laravel/framework/src/Illuminate/Pipeline/Pipeline.php(163): Barryvdh\\Debugbar\\Middleware\\InjectDebugbar->handle(Object(Illuminate\\Http\\Request), Object(Closure))
#26 /var/www/html/dainikShahtha/vendor/laravel/framework/src/Illuminate/Routing/Pipeline.php(53): Illuminate\\Pipeline\\Pipeline->Illuminate\\Pipeline\\{closure}(Object(Illuminate\\Http\\Request))
#27 /var/www/html/dainikShahtha/vendor/fideloper/proxy/src/TrustProxies.php(57): Illuminate\\Routing\\Pipeline->Illuminate\\Routing\\{closure}(Object(Illuminate\\Http\\Request))
#28 /var/www/html/dainikShahtha/vendor/laravel/framework/src/Illuminate/Pipeline/Pipeline.php(163): Fideloper\\Proxy\\TrustProxies->handle(Object(Illuminate\\Http\\Request), Object(Closure))
#29 /var/www/html/dainikShahtha/vendor/laravel/framework/src/Illuminate/Routing/Pipeline.php(53): Illuminate\\Pipeline\\Pipeline->Illuminate\\Pipeline\\{closure}(Object(Illuminate\\Http\\Request))
#30 /var/www/html/dainikShahtha/vendor/laravel/framework/src/Illuminate/Foundation/Http/Middleware/TransformsRequest.php(31): Illuminate\\Routing\\Pipeline->Illuminate\\Routing\\{closure}(Object(Illuminate\\Http\\Request))
#31 /var/www/html/dainikShahtha/vendor/laravel/framework/src/Illuminate/Pipeline/Pipeline.php(163): Illuminate\\Foundation\\Http\\Middleware\\TransformsRequest->handle(Object(Illuminate\\Http\\Request), Object(Closure))
#32 /var/www/html/dainikShahtha/vendor/laravel/framework/src/Illuminate/Routing/Pipeline.php(53): Illuminate\\Pipeline\\Pipeline->Illuminate\\Pipeline\\{closure}(Object(Illuminate\\Http\\Request))
#33 /var/www/html/dainikShahtha/vendor/laravel/framework/src/Illuminate/Foundation/Http/Middleware/TransformsRequest.php(31): Illuminate\\Routing\\Pipeline->Illuminate\\Routing\\{closure}(Object(Illuminate\\Http\\Request))
#34 /var/www/html/dainikShahtha/vendor/laravel/framework/src/Illuminate/Pipeline/Pipeline.php(163): Illuminate\\Foundation\\Http\\Middleware\\TransformsRequest->handle(Object(Illuminate\\Http\\Request), Object(Closure))
#35 /var/www/html/dainikShahtha/vendor/laravel/framework/src/Illuminate/Routing/Pipeline.php(53): Illuminate\\Pipeline\\Pipeline->Illuminate\\Pipeline\\{closure}(Object(Illuminate\\Http\\Request))
#36 /var/www/html/dainikShahtha/vendor/laravel/framework/src/Illuminate/Foundation/Http/Middleware/ValidatePostSize.php(27): Illuminate\\Routing\\Pipeline->Illuminate\\Routing\\{closure}(Object(Illuminate\\Http\\Request))
#37 /var/www/html/dainikShahtha/vendor/laravel/framework/src/Illuminate/Pipeline/Pipeline.php(163): Illuminate\\Foundation\\Http\\Middleware\\ValidatePostSize->handle(Object(Illuminate\\Http\\Request), Object(Closure))
#38 /var/www/html/dainikShahtha/vendor/laravel/framework/src/Illuminate/Routing/Pipeline.php(53): Illuminate\\Pipeline\\Pipeline->Illuminate\\Pipeline\\{closure}(Object(Illuminate\\Http\\Request))
#39 /var/www/html/dainikShahtha/vendor/laravel/framework/src/Illuminate/Foundation/Http/Middleware/CheckForMaintenanceMode.php(62): Illuminate\\Routing\\Pipeline->Illuminate\\Routing\\{closure}(Object(Illuminate\\Http\\Request))
#40 /var/www/html/dainikShahtha/vendor/laravel/framework/src/Illuminate/Pipeline/Pipeline.php(163): Illuminate\\Foundation\\Http\\Middleware\\CheckForMaintenanceMode->handle(Object(Illuminate\\Http\\Request), Object(Closure))
#41 /var/www/html/dainikShahtha/vendor/laravel/framework/src/Illuminate/Routing/Pipeline.php(53): Illuminate\\Pipeline\\Pipeline->Illuminate\\Pipeline\\{closure}(Object(Illuminate\\Http\\Request))
#42 /var/www/html/dainikShahtha/vendor/laravel/framework/src/Illuminate/Pipeline/Pipeline.php(104): Illuminate\\Routing\\Pipeline->Illuminate\\Routing\\{closure}(Object(Illuminate\\Http\\Request))
#43 /var/www/html/dainikShahtha/vendor/laravel/framework/src/Illuminate/Foundation/Http/Kernel.php(151): Illuminate\\Pipeline\\Pipeline->then(Object(Closure))
#44 /var/www/html/dainikShahtha/vendor/laravel/framework/src/Illuminate/Foundation/Http/Kernel.php(116): Illuminate\\Foundation\\Http\\Kernel->sendRequestThroughRouter(Object(Illuminate\\Http\\Request))
#45 /var/www/html/dainikShahtha/public/index.php(55): Illuminate\\Foundation\\Http\\Kernel->handle(Object(Illuminate\\Http\\Request))
#46 /var/www/html/dainikShahtha/server.php(21): require_once('/var/www/html/d...')
#47 {main}
"} 
[2026-03-26 19:28:40] local.ERROR: file_put_contents(D:\Personal Projects\dainikShahtha\storage\framework\views/cca79836c9896ead3693bf5fb5fe5762ba905db1.php): failed to open stream: No such file or directory {"exception":"[object] (ErrorException(code: 0): file_put_contents(D:\\Personal Projects\\dainikShahtha\\storage\\framework\\views/cca79836c9896ead3693bf5fb5fe5762ba905db1.php): failed to open stream: No such file or directory at /var/www/html/dainikShahtha/vendor/laravel/framework/src/Illuminate/Filesystem/Filesystem.php:122)
[stacktrace]
#0 [internal function]: Illuminate\\Foundation\\Bootstrap\\HandleExceptions->handleError(2, 'file_put_conten...', '/var/www/html/d...', 122, Array)
#1 /var/www/html/dainikShahtha/vendor/laravel/framework/src/Illuminate/Filesystem/Filesystem.php(122): file_put_contents('D:\\\\Personal Pro...', '<?php $__env->s...', 0)
#2 /var/www/html/dainikShahtha/vendor/laravel/framework/src/Illuminate/View/Compilers/BladeCompiler.php(122): Illuminate\\Filesystem\\Filesystem->put('D:\\\\Personal Pro...', '<?php $__env->s...')
#3 /var/www/html/dainikShahtha/vendor/laravel/framework/src/Illuminate/View/Engines/CompilerEngine.php(51): Illuminate\\View\\Compilers\\BladeCompiler->compile('/var/www/html/d...')
#4 /var/www/html/dainikShahtha/vendor/laravel/framework/src/Illuminate/View/View.php(142): Illuminate\\View\\Engines\\CompilerEngine->get('/var/www/html/d...', Array)
#5 /var/www/html/dainikShahtha/vendor/laravel/framework/src/Illuminate/View/View.php(125): Illuminate\\View\\View->getContents()
#6 /var/www/html/dainikShahtha/vendor/laravel/framework/src/Illuminate/View/View.php(90): Illuminate\\View\\View->renderContents()
#7 /var/www/html/dainikShahtha/vendor/laravel/framework/src/Illuminate/Http/Response.php(42): Illuminate\\View\\View->render()
#8 /var/www/html/dainikShahtha/vendor/symfony/http-foundation/Response.php(205): Illuminate\\Http\\Response->setContent(Object(Illuminate\\View\\View))
#9 /var/www/html/dainikShahtha/vendor/laravel/framework/src/Illuminate/Routing/ResponseFactory.php(55): Symfony\\Component\\HttpFoundation\\Response->__construct(Object(Illuminate\\View\\View), 500, Array)
#10 /var/www/html/dainikShahtha/vendor/laravel/framework/src/Illuminate/Routing/ResponseFactory.php(81): Illuminate\\Routing\\ResponseFactory->make(Object(Illuminate\\View\\View), 500, Array)
#11 /var/www/html/dainikShahtha/vendor/laravel/framework/src/Illuminate/Foundation/Exceptions/Handler.php(380): Illuminate\\Routing\\ResponseFactory->view('errors::500', Array, 500, Array)
#12 /var/www/html/dainikShahtha/vendor/laravel/framework/src/Illuminate/Foundation/Exceptions/Handler.php(289): Illuminate\\Foundation\\Exceptions\\Handler->renderHttpException(Object(Symfony\\Component\\HttpKernel\\Exception\\HttpException))
#13 /var/www/html/dainikShahtha/vendor/laravel/framework/src/Illuminate/Foundation/Exceptions/Handler.php(188): Illuminate\\Foundation\\Exceptions\\Handler->prepareResponse(Object(Illuminate\\Http\\Request), Object(Symfony\\Component\\HttpKernel\\Exception\\HttpException))
#14 /var/www/html/dainikShahtha/app/Exceptions/Handler.php(49): Illuminate\\Foundation\\Exceptions\\Handler->render(Object(Illuminate\\Http\\Request), Object(ErrorException))
#15 /var/www/html/dainikShahtha/vendor/laravel/framework/src/Illuminate/Routing/Pipeline.php(83): App\\Exceptions\\Handler->render(Object(Illuminate\\Http\\Request), Object(ErrorException))
#16 /var/www/html/dainikShahtha/vendor/laravel/framework/src/Illuminate/Routing/Pipeline.php(32): Illuminate\\Routing\\Pipeline->handleException(Object(Illuminate\\Http\\Request), Object(ErrorException))
#17 /var/www/html/dainikShahtha/vendor/barryvdh/laravel-debugbar/src/Middleware/InjectDebugbar.php(58): Illuminate\\Routing\\Pipeline->Illuminate\\Routing\\{closure}(Object(Illuminate\\Http\\Request))
#18 /var/www/html/dainikShahtha/vendor/laravel/framework/src/Illuminate/Pipeline/Pipeline.php(163): Barryvdh\\Debugbar\\Middleware\\InjectDebugbar->handle(Object(Illuminate\\Http\\Request), Object(Closure))
#19 /var/www/html/dainikShahtha/vendor/laravel/framework/src/Illuminate/Routing/Pipeline.php(53): Illuminate\\Pipeline\\Pipeline->Illuminate\\Pipeline\\{closure}(Object(Illuminate\\Http\\Request))
#20 /var/www/html/dainikShahtha/vendor/fideloper/proxy/src/TrustProxies.php(57): Illuminate\\Routing\\Pipeline->Illuminate\\Routing\\{closure}(Object(Illuminate\\Http\\Request))
#21 /var/www/html/dainikShahtha/vendor/laravel/framework/src/Illuminate/Pipeline/Pipeline.php(163): Fideloper\\Proxy\\TrustProxies->handle(Object(Illuminate\\Http\\Request), Object(Closure))
#22 /var/www/html/dainikShahtha/vendor/laravel/framework/src/Illuminate/Routing/Pipeline.php(53): Illuminate\\Pipeline\\Pipeline->Illuminate\\Pipeline\\{closure}(Object(Illuminate\\Http\\Request))
#23 /var/www/html/dainikShahtha/vendor/laravel/framework/src/Illuminate/Foundation/Http/Middleware/TransformsRequest.php(31): Illuminate\\Routing\\Pipeline->Illuminate\\Routing\\{closure}(Object(Illuminate\\Http\\Request))
#24 /var/www/html/dainikShahtha/vendor/laravel/framework/src/Illuminate/Pipeline/Pipeline.php(163): Illuminate\\Foundation\\Http\\Middleware\\TransformsRequest->handle(Object(Illuminate\\Http\\Request), Object(Closure))
#25 /var/www/html/dainikShahtha/vendor/laravel/framework/src/Illuminate/Routing/Pipeline.php(53): Illuminate\\Pipeline\\Pipeline->Illuminate\\Pipeline\\{closure}(Object(Illuminate\\Http\\Request))
#26 /var/www/html/dainikShahtha/vendor/laravel/framework/src/Illuminate/Foundation/Http/Middleware/TransformsRequest.php(31): Illuminate\\Routing\\Pipeline->Illuminate\\Routing\\{closure}(Object(Illuminate\\Http\\Request))
#27 /var/www/html/dainikShahtha/vendor/laravel/framework/src/Illuminate/Pipeline/Pipeline.php(163): Illuminate\\Foundation\\Http\\Middleware\\TransformsRequest->handle(Object(Illuminate\\Http\\Request), Object(Closure))
#28 /var/www/html/dainikShahtha/vendor/laravel/framework/src/Illuminate/Routing/Pipeline.php(53): Illuminate\\Pipeline\\Pipeline->Illuminate\\Pipeline\\{closure}(Object(Illuminate\\Http\\Request))
#29 /var/www/html/dainikShahtha/vendor/laravel/framework/src/Illuminate/Foundation/Http/Middleware/ValidatePostSize.php(27): Illuminate\\Routing\\Pipeline->Illuminate\\Routing\\{closure}(Object(Illuminate\\Http\\Request))
#30 /var/www/html/dainikShahtha/vendor/laravel/framework/src/Illuminate/Pipeline/Pipeline.php(163): Illuminate\\Foundation\\Http\\Middleware\\ValidatePostSize->handle(Object(Illuminate\\Http\\Request), Object(Closure))
#31 /var/www/html/dainikShahtha/vendor/laravel/framework/src/Illuminate/Routing/Pipeline.php(53): Illuminate\\Pipeline\\Pipeline->Illuminate\\Pipeline\\{closure}(Object(Illuminate\\Http\\Request))
#32 /var/www/html/dainikShahtha/vendor/laravel/framework/src/Illuminate/Foundation/Http/Middleware/CheckForMaintenanceMode.php(62): Illuminate\\Routing\\Pipeline->Illuminate\\Routing\\{closure}(Object(Illuminate\\Http\\Request))
#33 /var/www/html/dainikShahtha/vendor/laravel/framework/src/Illuminate/Pipeline/Pipeline.php(163): Illuminate\\Foundation\\Http\\Middleware\\CheckForMaintenanceMode->handle(Object(Illuminate\\Http\\Request), Object(Closure))
#34 /var/www/html/dainikShahtha/vendor/laravel/framework/src/Illuminate/Routing/Pipeline.php(53): Illuminate\\Pipeline\\Pipeline->Illuminate\\Pipeline\\{closure}(Object(Illuminate\\Http\\Request))
#35 /var/www/html/dainikShahtha/vendor/laravel/framework/src/Illuminate/Pipeline/Pipeline.php(104): Illuminate\\Routing\\Pipeline->Illuminate\\Routing\\{closure}(Object(Illuminate\\Http\\Request))
#36 /var/www/html/dainikShahtha/vendor/laravel/framework/src/Illuminate/Foundation/Http/Kernel.php(151): Illuminate\\Pipeline\\Pipeline->then(Object(Closure))
#37 /var/www/html/dainikShahtha/vendor/laravel/framework/src/Illuminate/Foundation/Http/Kernel.php(116): Illuminate\\Foundation\\Http\\Kernel->sendRequestThroughRouter(Object(Illuminate\\Http\\Request))
#38 /var/www/html/dainikShahtha/public/index.php(55): Illuminate\\Foundation\\Http\\Kernel->handle(Object(Illuminate\\Http\\Request))
#39 /var/www/html/dainikShahtha/server.php(21): require_once('/var/www/html/d...')
#40 {main}
"} 
[2026-03-26 19:28:40] local.ERROR: file_put_contents(D:\Personal Projects\dainikShahtha\storage\framework\views/cca79836c9896ead3693bf5fb5fe5762ba905db1.php): failed to open stream: No such file or directory {"exception":"[object] (ErrorException(code: 0): file_put_contents(D:\\Personal Projects\\dainikShahtha\\storage\\framework\\views/cca79836c9896ead3693bf5fb5fe5762ba905db1.php): failed to open stream: No such file or directory at /var/www/html/dainikShahtha/vendor/laravel/framework/src/Illuminate/Filesystem/Filesystem.php:122)
[stacktrace]
#0 [internal function]: Illuminate\\Foundation\\Bootstrap\\HandleExceptions->handleError(2, 'file_put_conten...', '/var/www/html/d...', 122, Array)
#1 /var/www/html/dainikShahtha/vendor/laravel/framework/src/Illuminate/Filesystem/Filesystem.php(122): file_put_contents('D:\\\\Personal Pro...', '<?php $__env->s...', 0)
#2 /var/www/html/dainikShahtha/vendor/laravel/framework/src/Illuminate/View/Compilers/BladeCompiler.php(122): Illuminate\\Filesystem\\Filesystem->put('D:\\\\Personal Pro...', '<?php $__env->s...')
#3 /var/www/html/dainikShahtha/vendor/laravel/framework/src/Illuminate/View/Engines/CompilerEngine.php(51): Illuminate\\View\\Compilers\\BladeCompiler->compile('/var/www/html/d...')
#4 /var/www/html/dainikShahtha/vendor/laravel/framework/src/Illuminate/View/View.php(142): Illuminate\\View\\Engines\\CompilerEngine->get('/var/www/html/d...', Array)
#5 /var/www/html/dainikShahtha/vendor/laravel/framework/src/Illuminate/View/View.php(125): Illuminate\\View\\View->getContents()
#6 /var/www/html/dainikShahtha/vendor/laravel/framework/src/Illuminate/View/View.php(90): Illuminate\\View\\View->renderContents()
#7 /var/www/html/dainikShahtha/vendor/laravel/framework/src/Illuminate/Http/Response.php(42): Illuminate\\View\\View->render()
#8 /var/www/html/dainikShahtha/vendor/symfony/http-foundation/Response.php(205): Illuminate\\Http\\Response->setContent(Object(Illuminate\\View\\View))
#9 /var/www/html/dainikShahtha/vendor/laravel/framework/src/Illuminate/Routing/ResponseFactory.php(55): Symfony\\Component\\HttpFoundation\\Response->__construct(Object(Illuminate\\View\\View), 500, Array)
#10 /var/www/html/dainikShahtha/vendor/laravel/framework/src/Illuminate/Routing/ResponseFactory.php(81): Illuminate\\Routing\\ResponseFactory->make(Object(Illuminate\\View\\View), 500, Array)
#11 /var/www/html/dainikShahtha/vendor/laravel/framework/src/Illuminate/Foundation/Exceptions/Handler.php(380): Illuminate\\Routing\\ResponseFactory->view('errors::500', Array, 500, Array)
#12 /var/www/html/dainikShahtha/vendor/laravel/framework/src/Illuminate/Foundation/Exceptions/Handler.php(289): Illuminate\\Foundation\\Exceptions\\Handler->renderHttpException(Object(Symfony\\Component\\HttpKernel\\Exception\\HttpException))
#13 /var/www/html/dainikShahtha/vendor/laravel/framework/src/Illuminate/Foundation/Exceptions/Handler.php(188): Illuminate\\Foundation\\Exceptions\\Handler->prepareResponse(Object(Illuminate\\Http\\Request), Object(Symfony\\Component\\HttpKernel\\Exception\\HttpException))
#14 /var/www/html/dainikShahtha/app/Exceptions/Handler.php(49): Illuminate\\Foundation\\Exceptions\\Handler->render(Object(Illuminate\\Http\\Request), Object(ErrorException))
#15 /var/www/html/dainikShahtha/vendor/laravel/framework/src/Illuminate/Routing/Pipeline.php(83): App\\Exceptions\\Handler->render(Object(Illuminate\\Http\\Request), Object(ErrorException))
#16 /var/www/html/dainikShahtha/vendor/laravel/framework/src/Illuminate/Routing/Pipeline.php(55): Illuminate\\Routing\\Pipeline->handleException(Object(Illuminate\\Http\\Request), Object(ErrorException))
#17 /var/www/html/dainikShahtha/vendor/fideloper/proxy/src/TrustProxies.php(57): Illuminate\\Routing\\Pipeline->Illuminate\\Routing\\{closure}(Object(Illuminate\\Http\\Request))
#18 /var/www/html/dainikShahtha/vendor/laravel/framework/src/Illuminate/Pipeline/Pipeline.php(163): Fideloper\\Proxy\\TrustProxies->handle(Object(Illuminate\\Http\\Request), Object(Closure))
#19 /var/www/html/dainikShahtha/vendor/laravel/framework/src/Illuminate/Routing/Pipeline.php(53): Illuminate\\Pipeline\\Pipeline->Illuminate\\Pipeline\\{closure}(Object(Illuminate\\Http\\Request))
#20 /var/www/html/dainikShahtha/vendor/laravel/framework/src/Illuminate/Foundation/Http/Middleware/TransformsRequest.php(31): Illuminate\\Routing\\Pipeline->Illuminate\\Routing\\{closure}(Object(Illuminate\\Http\\Request))
#21 /var/www/html/dainikShahtha/vendor/laravel/framework/src/Illuminate/Pipeline/Pipeline.php(163): Illuminate\\Foundation\\Http\\Middleware\\TransformsRequest->handle(Object(Illuminate\\Http\\Request), Object(Closure))
#22 /var/www/html/dainikShahtha/vendor/laravel/framework/src/Illuminate/Routing/Pipeline.php(53): Illuminate\\Pipeline\\Pipeline->Illuminate\\Pipeline\\{closure}(Object(Illuminate\\Http\\Request))
#23 /var/www/html/dainikShahtha/vendor/laravel/framework/src/Illuminate/Foundation/Http/Middleware/TransformsRequest.php(31): Illuminate\\Routing\\Pipeline->Illuminate\\Routing\\{closure}(Object(Illuminate\\Http\\Request))
#24 /var/www/html/dainikShahtha/vendor/laravel/framework/src/Illuminate/Pipeline/Pipeline.php(163): Illuminate\\Foundation\\Http\\Middleware\\TransformsRequest->handle(Object(Illuminate\\Http\\Request), Object(Closure))
#25 /var/www/html/dainikShahtha/vendor/laravel/framework/src/Illuminate/Routing/Pipeline.php(53): Illuminate\\Pipeline\\Pipeline->Illuminate\\Pipeline\\{closure}(Object(Illuminate\\Http\\Request))
#26 /var/www/html/dainikShahtha/vendor/laravel/framework/src/Illuminate/Foundation/Http/Middleware/ValidatePostSize.php(27): Illuminate\\Routing\\Pipeline->Illuminate\\Routing\\{closure}(Object(Illuminate\\Http\\Request))
#27 /var/www/html/dainikShahtha/vendor/laravel/framework/src/Illuminate/Pipeline/Pipeline.php(163): Illuminate\\Foundation\\Http\\Middleware\\ValidatePostSize->handle(Object(Illuminate\\Http\\Request), Object(Closure))
#28 /var/www/html/dainikShahtha/vendor/laravel/framework/src/Illuminate/Routing/Pipeline.php(53): Illuminate\\Pipeline\\Pipeline->Illuminate\\Pipeline\\{closure}(Object(Illuminate\\Http\\Request))
#29 /var/www/html/dainikShahtha/vendor/laravel/framework/src/Illuminate/Foundation/Http/Middleware/CheckForMaintenanceMode.php(62): Illuminate\\Routing\\Pipeline->Illuminate\\Routing\\{closure}(Object(Illuminate\\Http\\Request))
#30 /var/www/html/dainikShahtha/vendor/laravel/framework/src/Illuminate/Pipeline/Pipeline.php(163): Illuminate\\Foundation\\Http\\Middleware\\CheckForMaintenanceMode->handle(Object(Illuminate\\Http\\Request), Object(Closure))
#31 /var/www/html/dainikShahtha/vendor/laravel/framework/src/Illuminate/Routing/Pipeline.php(53): Illuminate\\Pipeline\\Pipeline->Illuminate\\Pipeline\\{closure}(Object(Illuminate\\Http\\Request))
#32 /var/www/html/dainikShahtha/vendor/laravel/framework/src/Illuminate/Pipeline/Pipeline.php(104): Illuminate\\Routing\\Pipeline->Illuminate\\Routing\\{closure}(Object(Illuminate\\Http\\Request))
#33 /var/www/html/dainikShahtha/vendor/laravel/framework/src/Illuminate/Foundation/Http/Kernel.php(151): Illuminate\\Pipeline\\Pipeline->then(Object(Closure))
#34 /var/www/html/dainikShahtha/vendor/laravel/framework/src/Illuminate/Foundation/Http/Kernel.php(116): Illuminate\\Foundation\\Http\\Kernel->sendRequestThroughRouter(Object(Illuminate\\Http\\Request))
#35 /var/www/html/dainikShahtha/public/index.php(55): Illuminate\\Foundation\\Http\\Kernel->handle(Object(Illuminate\\Http\\Request))
#36 /var/www/html/dainikShahtha/server.php(21): require_once('/var/www/html/d...')
#37 {main}
"} 
[2026-03-26 19:28:40] local.ERROR: file_put_contents(D:\Personal Projects\dainikShahtha\storage\framework\views/cca79836c9896ead3693bf5fb5fe5762ba905db1.php): failed to open stream: No such file or directory {"exception":"[object] (ErrorException(code: 0): file_put_contents(D:\\Personal Projects\\dainikShahtha\\storage\\framework\\views/cca79836c9896ead3693bf5fb5fe5762ba905db1.php): failed to open stream: No such file or directory at /var/www/html/dainikShahtha/vendor/laravel/framework/src/Illuminate/Filesystem/Filesystem.php:122)
[stacktrace]
#0 [internal function]: Illuminate\\Foundation\\Bootstrap\\HandleExceptions->handleError(2, 'file_put_conten...', '/var/www/html/d...', 122, Array)
#1 /var/www/html/dainikShahtha/vendor/laravel/framework/src/Illuminate/Filesystem/Filesystem.php(122): file_put_contents('D:\\\\Personal Pro...', '<?php $__env->s...', 0)
#2 /var/www/html/dainikShahtha/vendor/laravel/framework/src/Illuminate/View/Compilers/BladeCompiler.php(122): Illuminate\\Filesystem\\Filesystem->put('D:\\\\Personal Pro...', '<?php $__env->s...')
#3 /var/www/html/dainikShahtha/vendor/laravel/framework/src/Illuminate/View/Engines/CompilerEngine.php(51): Illuminate\\View\\Compilers\\BladeCompiler->compile('/var/www/html/d...')
#4 /var/www/html/dainikShahtha/vendor/laravel/framework/src/Illuminate/View/View.php(142): Illuminate\\View\\Engines\\CompilerEngine->get('/var/www/html/d...', Array)
#5 /var/www/html/dainikShahtha/vendor/laravel/framework/src/Illuminate/View/View.php(125): Illuminate\\View\\View->getContents()
#6 /var/www/html/dainikShahtha/vendor/laravel/framework/src/Illuminate/View/View.php(90): Illuminate\\View\\View->renderContents()
#7 /var/www/html/dainikShahtha/vendor/laravel/framework/src/Illuminate/Http/Response.php(42): Illuminate\\View\\View->render()
#8 /var/www/html/dainikShahtha/vendor/symfony/http-foundation/Response.php(205): Illuminate\\Http\\Response->setContent(Object(Illuminate\\View\\View))
#9 /var/www/html/dainikShahtha/vendor/laravel/framework/src/Illuminate/Routing/ResponseFactory.php(55): Symfony\\Component\\HttpFoundation\\Response->__construct(Object(Illuminate\\View\\View), 500, Array)
#10 /var/www/html/dainikShahtha/vendor/laravel/framework/src/Illuminate/Routing/ResponseFactory.php(81): Illuminate\\Routing\\ResponseFactory->make(Object(Illuminate\\View\\View), 500, Array)
#11 /var/www/html/dainikShahtha/vendor/laravel/framework/src/Illuminate/Foundation/Exceptions/Handler.php(380): Illuminate\\Routing\\ResponseFactory->view('errors::500', Array, 500, Array)
#12 /var/www/html/dainikShahtha/vendor/laravel/framework/src/Illuminate/Foundation/Exceptions/Handler.php(289): Illuminate\\Foundation\\Exceptions\\Handler->renderHttpException(Object(Symfony\\Component\\HttpKernel\\Exception\\HttpException))
#13 /var/www/html/dainikShahtha/vendor/laravel/framework/src/Illuminate/Foundation/Exceptions/Handler.php(188): Illuminate\\Foundation\\Exceptions\\Handler->prepareResponse(Object(Illuminate\\Http\\Request), Object(Symfony\\Component\\HttpKernel\\Exception\\HttpException))
#14 /var/www/html/dainikShahtha/app/Exceptions/Handler.php(49): Illuminate\\Foundation\\Exceptions\\Handler->render(Object(Illuminate\\Http\\Request), Object(ErrorException))
#15 /var/www/html/dainikShahtha/vendor/laravel/framework/src/Illuminate/Routing/Pipeline.php(83): App\\Exceptions\\Handler->render(Object(Illuminate\\Http\\Request), Object(ErrorException))
#16 /var/www/html/dainikShahtha/vendor/laravel/framework/src/Illuminate/Routing/Pipeline.php(55): Illuminate\\Routing\\Pipeline->handleException(Object(Illuminate\\Http\\Request), Object(ErrorException))
#17 /var/www/html/dainikShahtha/vendor/laravel/framework/src/Illuminate/Foundation/Http/Middleware/TransformsRequest.php(31): Illuminate\\Routing\\Pipeline->Illuminate\\Routing\\{closure}(Object(Illuminate\\Http\\Request))
#18 /var/www/html/dainikShahtha/vendor/laravel/framework/src/Illuminate/Pipeline/Pipeline.php(163): Illuminate\\Foundation\\Http\\Middleware\\TransformsRequest->handle(Object(Illuminate\\Http\\Request), Object(Closure))
#19 /var/www/html/dainikShahtha/vendor/laravel/framework/src/Illuminate/Routing/Pipeline.php(53): Illuminate\\Pipeline\\Pipeline->Illuminate\\Pipeline\\{closure}(Object(Illuminate\\Http\\Request))
#20 /var/www/html/dainikShahtha/vendor/laravel/framework/src/Illuminate/Foundation/Http/Middleware/TransformsRequest.php(31): Illuminate\\Routing\\Pipeline->Illuminate\\Routing\\{closure}(Object(Illuminate\\Http\\Request))
#21 /var/www/html/dainikShahtha/vendor/laravel/framework/src/Illuminate/Pipeline/Pipeline.php(163): Illuminate\\Foundation\\Http\\Middleware\\TransformsRequest->handle(Object(Illuminate\\Http\\Request), Object(Closure))
#22 /var/www/html/dainikShahtha/vendor/laravel/framework/src/Illuminate/Routing/Pipeline.php(53): Illuminate\\Pipeline\\Pipeline->Illuminate\\Pipeline\\{closure}(Object(Illuminate\\Http\\Request))
#23 /var/www/html/dainikShahtha/vendor/laravel/framework/src/Illuminate/Foundation/Http/Middleware/ValidatePostSize.php(27): Illuminate\\Routing\\Pipeline->Illuminate\\Routing\\{closure}(Object(Illuminate\\Http\\Request))
#24 /var/www/html/dainikShahtha/vendor/laravel/framework/src/Illuminate/Pipeline/Pipeline.php(163): Illuminate\\Foundation\\Http\\Middleware\\ValidatePostSize->handle(Object(Illuminate\\Http\\Request), Object(Closure))
#25 /var/www/html/dainikShahtha/vendor/laravel/framework/src/Illuminate/Routing/Pipeline.php(53): Illuminate\\Pipeline\\Pipeline->Illuminate\\Pipeline\\{closure}(Object(Illuminate\\Http\\Request))
#26 /var/www/html/dainikShahtha/vendor/laravel/framework/src/Illuminate/Foundation/Http/Middleware/CheckForMaintenanceMode.php(62): Illuminate\\Routing\\Pipeline->Illuminate\\Routing\\{closure}(Object(Illuminate\\Http\\Request))
#27 /var/www/html/dainikShahtha/vendor/laravel/framework/src/Illuminate/Pipeline/Pipeline.php(163): Illuminate\\Foundation\\Http\\Middleware\\CheckForMaintenanceMode->handle(Object(Illuminate\\Http\\Request), Object(Closure))
#28 /var/www/html/dainikShahtha/vendor/laravel/framework/src/Illuminate/Routing/Pipeline.php(53): Illuminate\\Pipeline\\Pipeline->Illuminate\\Pipeline\\{closure}(Object(Illuminate\\Http\\Request))
#29 /var/www/html/dainikShahtha/vendor/laravel/framework/src/Illuminate/Pipeline/Pipeline.php(104): Illuminate\\Routing\\Pipeline->Illuminate\\Routing\\{closure}(Object(Illuminate\\Http\\Request))
#30 /var/www/html/dainikShahtha/vendor/laravel/framework/src/Illuminate/Foundation/Http/Kernel.php(151): Illuminate\\Pipeline\\Pipeline->then(Object(Closure))
#31 /var/www/html/dainikShahtha/vendor/laravel/framework/src/Illuminate/Foundation/Http/Kernel.php(116): Illuminate\\Foundation\\Http\\Kernel->sendRequestThroughRouter(Object(Illuminate\\Http\\Request))
#32 /var/www/html/dainikShahtha/public/index.php(55): Illuminate\\Foundation\\Http\\Kernel->handle(Object(Illuminate\\Http\\Request))
#33 /var/www/html/dainikShahtha/server.php(21): require_once('/var/www/html/d...')
#34 {main}
"} 
[2026-03-26 19:28:40] local.ERROR: file_put_contents(D:\Personal Projects\dainikShahtha\storage\framework\views/cca79836c9896ead3693bf5fb5fe5762ba905db1.php): failed to open stream: No such file or directory {"exception":"[object] (ErrorException(code: 0): file_put_contents(D:\\Personal Projects\\dainikShahtha\\storage\\framework\\views/cca79836c9896ead3693bf5fb5fe5762ba905db1.php): failed to open stream: No such file or directory at /var/www/html/dainikShahtha/vendor/laravel/framework/src/Illuminate/Filesystem/Filesystem.php:122)
[stacktrace]
#0 [internal function]: Illuminate\\Foundation\\Bootstrap\\HandleExceptions->handleError(2, 'file_put_conten...', '/var/www/html/d...', 122, Array)
#1 /var/www/html/dainikShahtha/vendor/laravel/framework/src/Illuminate/Filesystem/Filesystem.php(122): file_put_contents('D:\\\\Personal Pro...', '<?php $__env->s...', 0)
#2 /var/www/html/dainikShahtha/vendor/laravel/framework/src/Illuminate/View/Compilers/BladeCompiler.php(122): Illuminate\\Filesystem\\Filesystem->put('D:\\\\Personal Pro...', '<?php $__env->s...')
#3 /var/www/html/dainikShahtha/vendor/laravel/framework/src/Illuminate/View/Engines/CompilerEngine.php(51): Illuminate\\View\\Compilers\\BladeCompiler->compile('/var/www/html/d...')
#4 /var/www/html/dainikShahtha/vendor/laravel/framework/src/Illuminate/View/View.php(142): Illuminate\\View\\Engines\\CompilerEngine->get('/var/www/html/d...', Array)
#5 /var/www/html/dainikShahtha/vendor/laravel/framework/src/Illuminate/View/View.php(125): Illuminate\\View\\View->getContents()
#6 /var/www/html/dainikShahtha/vendor/laravel/framework/src/Illuminate/View/View.php(90): Illuminate\\View\\View->renderContents()
#7 /var/www/html/dainikShahtha/vendor/laravel/framework/src/Illuminate/Http/Response.php(42): Illuminate\\View\\View->render()
#8 /var/www/html/dainikShahtha/vendor/symfony/http-foundation/Response.php(205): Illuminate\\Http\\Response->setContent(Object(Illuminate\\View\\View))
#9 /var/www/html/dainikShahtha/vendor/laravel/framework/src/Illuminate/Routing/ResponseFactory.php(55): Symfony\\Component\\HttpFoundation\\Response->__construct(Object(Illuminate\\View\\View), 500, Array)
#10 /var/www/html/dainikShahtha/vendor/laravel/framework/src/Illuminate/Routing/ResponseFactory.php(81): Illuminate\\Routing\\ResponseFactory->make(Object(Illuminate\\View\\View), 500, Array)
#11 /var/www/html/dainikShahtha/vendor/laravel/framework/src/Illuminate/Foundation/Exceptions/Handler.php(380): Illuminate\\Routing\\ResponseFactory->view('errors::500', Array, 500, Array)
#12 /var/www/html/dainikShahtha/vendor/laravel/framework/src/Illuminate/Foundation/Exceptions/Handler.php(289): Illuminate\\Foundation\\Exceptions\\Handler->renderHttpException(Object(Symfony\\Component\\HttpKernel\\Exception\\HttpException))
#13 /var/www/html/dainikShahtha/vendor/laravel/framework/src/Illuminate/Foundation/Exceptions/Handler.php(188): Illuminate\\Foundation\\Exceptions\\Handler->prepareResponse(Object(Illuminate\\Http\\Request), Object(Symfony\\Component\\HttpKernel\\Exception\\HttpException))
#14 /var/www/html/dainikShahtha/app/Exceptions/Handler.php(49): Illuminate\\Foundation\\Exceptions\\Handler->render(Object(Illuminate\\Http\\Request), Object(ErrorException))
#15 /var/www/html/dainikShahtha/vendor/laravel/framework/src/Illuminate/Routing/Pipeline.php(83): App\\Exceptions\\Handler->render(Object(Illuminate\\Http\\Request), Object(ErrorException))
#16 /var/www/html/dainikShahtha/vendor/laravel/framework/src/Illuminate/Routing/Pipeline.php(55): Illuminate\\Routing\\Pipeline->handleException(Object(Illuminate\\Http\\Request), Object(ErrorException))
#17 /var/www/html/dainikShahtha/vendor/laravel/framework/src/Illuminate/Foundation/Http/Middleware/TransformsRequest.php(31): Illuminate\\Routing\\Pipeline->Illuminate\\Routing\\{closure}(Object(Illuminate\\Http\\Request))
#18 /var/www/html/dainikShahtha/vendor/laravel/framework/src/Illuminate/Pipeline/Pipeline.php(163): Illuminate\\Foundation\\Http\\Middleware\\TransformsRequest->handle(Object(Illuminate\\Http\\Request), Object(Closure))
#19 /var/www/html/dainikShahtha/vendor/laravel/framework/src/Illuminate/Routing/Pipeline.php(53): Illuminate\\Pipeline\\Pipeline->Illuminate\\Pipeline\\{closure}(Object(Illuminate\\Http\\Request))
#20 /var/www/html/dainikShahtha/vendor/laravel/framework/src/Illuminate/Foundation/Http/Middleware/ValidatePostSize.php(27): Illuminate\\Routing\\Pipeline->Illuminate\\Routing\\{closure}(Object(Illuminate\\Http\\Request))
#21 /var/www/html/dainikShahtha/vendor/laravel/framework/src/Illuminate/Pipeline/Pipeline.php(163): Illuminate\\Foundation\\Http\\Middleware\\ValidatePostSize->handle(Object(Illuminate\\Http\\Request), Object(Closure))
#22 /var/www/html/dainikShahtha/vendor/laravel/framework/src/Illuminate/Routing/Pipeline.php(53): Illuminate\\Pipeline\\Pipeline->Illuminate\\Pipeline\\{closure}(Object(Illuminate\\Http\\Request))
#23 /var/www/html/dainikShahtha/vendor/laravel/framework/src/Illuminate/Foundation/Http/Middleware/CheckForMaintenanceMode.php(62): Illuminate\\Routing\\Pipeline->Illuminate\\Routing\\{closure}(Object(Illuminate\\Http\\Request))
#24 /var/www/html/dainikShahtha/vendor/laravel/framework/src/Illuminate/Pipeline/Pipeline.php(163): Illuminate\\Foundation\\Http\\Middleware\\CheckForMaintenanceMode->handle(Object(Illuminate\\Http\\Request), Object(Closure))
#25 /var/www/html/dainikShahtha/vendor/laravel/framework/src/Illuminate/Routing/Pipeline.php(53): Illuminate\\Pipeline\\Pipeline->Illuminate\\Pipeline\\{closure}(Object(Illuminate\\Http\\Request))
#26 /var/www/html/dainikShahtha/vendor/laravel/framework/src/Illuminate/Pipeline/Pipeline.php(104): Illuminate\\Routing\\Pipeline->Illuminate\\Routing\\{closure}(Object(Illuminate\\Http\\Request))
#27 /var/www/html/dainikShahtha/vendor/laravel/framework/src/Illuminate/Foundation/Http/Kernel.php(151): Illuminate\\Pipeline\\Pipeline->then(Object(Closure))
#28 /var/www/html/dainikShahtha/vendor/laravel/framework/src/Illuminate/Foundation/Http/Kernel.php(116): Illuminate\\Foundation\\Http\\Kernel->sendRequestThroughRouter(Object(Illuminate\\Http\\Request))
#29 /var/www/html/dainikShahtha/public/index.php(55): Illuminate\\Foundation\\Http\\Kernel->handle(Object(Illuminate\\Http\\Request))
#30 /var/www/html/dainikShahtha/server.php(21): require_once('/var/www/html/d...')
#31 {main}
"} 
[2026-03-26 19:28:40] local.ERROR: file_put_contents(D:\Personal Projects\dainikShahtha\storage\framework\views/cca79836c9896ead3693bf5fb5fe5762ba905db1.php): failed to open stream: No such file or directory {"exception":"[object] (ErrorException(code: 0): file_put_contents(D:\\Personal Projects\\dainikShahtha\\storage\\framework\\views/cca79836c9896ead3693bf5fb5fe5762ba905db1.php): failed to open stream: No such file or directory at /var/www/html/dainikShahtha/vendor/laravel/framework/src/Illuminate/Filesystem/Filesystem.php:122)
[stacktrace]
#0 [internal function]: Illuminate\\Foundation\\Bootstrap\\HandleExceptions->handleError(2, 'file_put_conten...', '/var/www/html/d...', 122, Array)
#1 /var/www/html/dainikShahtha/vendor/laravel/framework/src/Illuminate/Filesystem/Filesystem.php(122): file_put_contents('D:\\\\Personal Pro...', '<?php $__env->s...', 0)
#2 /var/www/html/dainikShahtha/vendor/laravel/framework/src/Illuminate/View/Compilers/BladeCompiler.php(122): Illuminate\\Filesystem\\Filesystem->put('D:\\\\Personal Pro...', '<?php $__env->s...')
#3 /var/www/html/dainikShahtha/vendor/laravel/framework/src/Illuminate/View/Engines/CompilerEngine.php(51): Illuminate\\View\\Compilers\\BladeCompiler->compile('/var/www/html/d...')
#4 /var/www/html/dainikShahtha/vendor/laravel/framework/src/Illuminate/View/View.php(142): Illuminate\\View\\Engines\\CompilerEngine->get('/var/www/html/d...', Array)
#5 /var/www/html/dainikShahtha/vendor/laravel/framework/src/Illuminate/View/View.php(125): Illuminate\\View\\View->getContents()
#6 /var/www/html/dainikShahtha/vendor/laravel/framework/src/Illuminate/View/View.php(90): Illuminate\\View\\View->renderContents()
#7 /var/www/html/dainikShahtha/vendor/laravel/framework/src/Illuminate/Http/Response.php(42): Illuminate\\View\\View->render()
#8 /var/www/html/dainikShahtha/vendor/symfony/http-foundation/Response.php(205): Illuminate\\Http\\Response->setContent(Object(Illuminate\\View\\View))
#9 /var/www/html/dainikShahtha/vendor/laravel/framework/src/Illuminate/Routing/ResponseFactory.php(55): Symfony\\Component\\HttpFoundation\\Response->__construct(Object(Illuminate\\View\\View), 500, Array)
#10 /var/www/html/dainikShahtha/vendor/laravel/framework/src/Illuminate/Routing/ResponseFactory.php(81): Illuminate\\Routing\\ResponseFactory->make(Object(Illuminate\\View\\View), 500, Array)
#11 /var/www/html/dainikShahtha/vendor/laravel/framework/src/Illuminate/Foundation/Exceptions/Handler.php(380): Illuminate\\Routing\\ResponseFactory->view('errors::500', Array, 500, Array)
#12 /var/www/html/dainikShahtha/vendor/laravel/framework/src/Illuminate/Foundation/Exceptions/Handler.php(289): Illuminate\\Foundation\\Exceptions\\Handler->renderHttpException(Object(Symfony\\Component\\HttpKernel\\Exception\\HttpException))
#13 /var/www/html/dainikShahtha/vendor/laravel/framework/src/Illuminate/Foundation/Exceptions/Handler.php(188): Illuminate\\Foundation\\Exceptions\\Handler->prepareResponse(Object(Illuminate\\Http\\Request), Object(Symfony\\Component\\HttpKernel\\Exception\\HttpException))
#14 /var/www/html/dainikShahtha/app/Exceptions/Handler.php(49): Illuminate\\Foundation\\Exceptions\\Handler->render(Object(Illuminate\\Http\\Request), Object(ErrorException))
#15 /var/www/html/dainikShahtha/vendor/laravel/framework/src/Illuminate/Routing/Pipeline.php(83): App\\Exceptions\\Handler->render(Object(Illuminate\\Http\\Request), Object(ErrorException))
#16 /var/www/html/dainikShahtha/vendor/laravel/framework/src/Illuminate/Routing/Pipeline.php(55): Illuminate\\Routing\\Pipeline->handleException(Object(Illuminate\\Http\\Request), Object(ErrorException))
#17 /var/www/html/dainikShahtha/vendor/laravel/framework/src/Illuminate/Foundation/Http/Middleware/ValidatePostSize.php(27): Illuminate\\Routing\\Pipeline->Illuminate\\Routing\\{closure}(Object(Illuminate\\Http\\Request))
#18 /var/www/html/dainikShahtha/vendor/laravel/framework/src/Illuminate/Pipeline/Pipeline.php(163): Illuminate\\Foundation\\Http\\Middleware\\ValidatePostSize->handle(Object(Illuminate\\Http\\Request), Object(Closure))
#19 /var/www/html/dainikShahtha/vendor/laravel/framework/src/Illuminate/Routing/Pipeline.php(53): Illuminate\\Pipeline\\Pipeline->Illuminate\\Pipeline\\{closure}(Object(Illuminate\\Http\\Request))
#20 /var/www/html/dainikShahtha/vendor/laravel/framework/src/Illuminate/Foundation/Http/Middleware/CheckForMaintenanceMode.php(62): Illuminate\\Routing\\Pipeline->Illuminate\\Routing\\{closure}(Object(Illuminate\\Http\\Request))
#21 /var/www/html/dainikShahtha/vendor/laravel/framework/src/Illuminate/Pipeline/Pipeline.php(163): Illuminate\\Foundation\\Http\\Middleware\\CheckForMaintenanceMode->handle(Object(Illuminate\\Http\\Request), Object(Closure))
#22 /var/www/html/dainikShahtha/vendor/laravel/framework/src/Illuminate/Routing/Pipeline.php(53): Illuminate\\Pipeline\\Pipeline->Illuminate\\Pipeline\\{closure}(Object(Illuminate\\Http\\Request))
#23 /var/www/html/dainikShahtha/vendor/laravel/framework/src/Illuminate/Pipeline/Pipeline.php(104): Illuminate\\Routing\\Pipeline->Illuminate\\Routing\\{closure}(Object(Illuminate\\Http\\Request))
#24 /var/www/html/dainikShahtha/vendor/laravel/framework/src/Illuminate/Foundation/Http/Kernel.php(151): Illuminate\\Pipeline\\Pipeline->then(Object(Closure))
#25 /var/www/html/dainikShahtha/vendor/laravel/framework/src/Illuminate/Foundation/Http/Kernel.php(116): Illuminate\\Foundation\\Http\\Kernel->sendRequestThroughRouter(Object(Illuminate\\Http\\Request))
#26 /var/www/html/dainikShahtha/public/index.php(55): Illuminate\\Foundation\\Http\\Kernel->handle(Object(Illuminate\\Http\\Request))
#27 /var/www/html/dainikShahtha/server.php(21): require_once('/var/www/html/d...')
#28 {main}
"} 
[2026-03-26 19:28:40] local.ERROR: file_put_contents(D:\Personal Projects\dainikShahtha\storage\framework\views/cca79836c9896ead3693bf5fb5fe5762ba905db1.php): failed to open stream: No such file or directory {"exception":"[object] (ErrorException(code: 0): file_put_contents(D:\\Personal Projects\\dainikShahtha\\storage\\framework\\views/cca79836c9896ead3693bf5fb5fe5762ba905db1.php): failed to open stream: No such file or directory at /var/www/html/dainikShahtha/vendor/laravel/framework/src/Illuminate/Filesystem/Filesystem.php:122)
[stacktrace]
#0 [internal function]: Illuminate\\Foundation\\Bootstrap\\HandleExceptions->handleError(2, 'file_put_conten...', '/var/www/html/d...', 122, Array)
#1 /var/www/html/dainikShahtha/vendor/laravel/framework/src/Illuminate/Filesystem/Filesystem.php(122): file_put_contents('D:\\\\Personal Pro...', '<?php $__env->s...', 0)
#2 /var/www/html/dainikShahtha/vendor/laravel/framework/src/Illuminate/View/Compilers/BladeCompiler.php(122): Illuminate\\Filesystem\\Filesystem->put('D:\\\\Personal Pro...', '<?php $__env->s...')
#3 /var/www/html/dainikShahtha/vendor/laravel/framework/src/Illuminate/View/Engines/CompilerEngine.php(51): Illuminate\\View\\Compilers\\BladeCompiler->compile('/var/www/html/d...')
#4 /var/www/html/dainikShahtha/vendor/laravel/framework/src/Illuminate/View/View.php(142): Illuminate\\View\\Engines\\CompilerEngine->get('/var/www/html/d...', Array)
#5 /var/www/html/dainikShahtha/vendor/laravel/framework/src/Illuminate/View/View.php(125): Illuminate\\View\\View->getContents()
#6 /var/www/html/dainikShahtha/vendor/laravel/framework/src/Illuminate/View/View.php(90): Illuminate\\View\\View->renderContents()
#7 /var/www/html/dainikShahtha/vendor/laravel/framework/src/Illuminate/Http/Response.php(42): Illuminate\\View\\View->render()
#8 /var/www/html/dainikShahtha/vendor/symfony/http-foundation/Response.php(205): Illuminate\\Http\\Response->setContent(Object(Illuminate\\View\\View))
#9 /var/www/html/dainikShahtha/vendor/laravel/framework/src/Illuminate/Routing/ResponseFactory.php(55): Symfony\\Component\\HttpFoundation\\Response->__construct(Object(Illuminate\\View\\View), 500, Array)
#10 /var/www/html/dainikShahtha/vendor/laravel/framework/src/Illuminate/Routing/ResponseFactory.php(81): Illuminate\\Routing\\ResponseFactory->make(Object(Illuminate\\View\\View), 500, Array)
#11 /var/www/html/dainikShahtha/vendor/laravel/framework/src/Illuminate/Foundation/Exceptions/Handler.php(380): Illuminate\\Routing\\ResponseFactory->view('errors::500', Array, 500, Array)
#12 /var/www/html/dainikShahtha/vendor/laravel/framework/src/Illuminate/Foundation/Exceptions/Handler.php(289): Illuminate\\Foundation\\Exceptions\\Handler->renderHttpException(Object(Symfony\\Component\\HttpKernel\\Exception\\HttpException))
#13 /var/www/html/dainikShahtha/vendor/laravel/framework/src/Illuminate/Foundation/Exceptions/Handler.php(188): Illuminate\\Foundation\\Exceptions\\Handler->prepareResponse(Object(Illuminate\\Http\\Request), Object(Symfony\\Component\\HttpKernel\\Exception\\HttpException))
#14 /var/www/html/dainikShahtha/app/Exceptions/Handler.php(49): Illuminate\\Foundation\\Exceptions\\Handler->render(Object(Illuminate\\Http\\Request), Object(ErrorException))
#15 /var/www/html/dainikShahtha/vendor/laravel/framework/src/Illuminate/Routing/Pipeline.php(83): App\\Exceptions\\Handler->render(Object(Illuminate\\Http\\Request), Object(ErrorException))
#16 /var/www/html/dainikShahtha/vendor/laravel/framework/src/Illuminate/Routing/Pipeline.php(55): Illuminate\\Routing\\Pipeline->handleException(Object(Illuminate\\Http\\Request), Object(ErrorException))
#17 /var/www/html/dainikShahtha/vendor/laravel/framework/src/Illuminate/Foundation/Http/Middleware/CheckForMaintenanceMode.php(62): Illuminate\\Routing\\Pipeline->Illuminate\\Routing\\{closure}(Object(Illuminate\\Http\\Request))
#18 /var/www/html/dainikShahtha/vendor/laravel/framework/src/Illuminate/Pipeline/Pipeline.php(163): Illuminate\\Foundation\\Http\\Middleware\\CheckForMaintenanceMode->handle(Object(Illuminate\\Http\\Request), Object(Closure))
#19 /var/www/html/dainikShahtha/vendor/laravel/framework/src/Illuminate/Routing/Pipeline.php(53): Illuminate\\Pipeline\\Pipeline->Illuminate\\Pipeline\\{closure}(Object(Illuminate\\Http\\Request))
#20 /var/www/html/dainikShahtha/vendor/laravel/framework/src/Illuminate/Pipeline/Pipeline.php(104): Illuminate\\Routing\\Pipeline->Illuminate\\Routing\\{closure}(Object(Illuminate\\Http\\Request))
#21 /var/www/html/dainikShahtha/vendor/laravel/framework/src/Illuminate/Foundation/Http/Kernel.php(151): Illuminate\\Pipeline\\Pipeline->then(Object(Closure))
#22 /var/www/html/dainikShahtha/vendor/laravel/framework/src/Illuminate/Foundation/Http/Kernel.php(116): Illuminate\\Foundation\\Http\\Kernel->sendRequestThroughRouter(Object(Illuminate\\Http\\Request))
#23 /var/www/html/dainikShahtha/public/index.php(55): Illuminate\\Foundation\\Http\\Kernel->handle(Object(Illuminate\\Http\\Request))
#24 /var/www/html/dainikShahtha/server.php(21): require_once('/var/www/html/d...')
#25 {main}
"} 
[2026-03-26 19:28:40] local.ERROR: file_put_contents(D:\Personal Projects\dainikShahtha\storage\framework\views/cca79836c9896ead3693bf5fb5fe5762ba905db1.php): failed to open stream: No such file or directory {"exception":"[object] (ErrorException(code: 0): file_put_contents(D:\\Personal Projects\\dainikShahtha\\storage\\framework\\views/cca79836c9896ead3693bf5fb5fe5762ba905db1.php): failed to open stream: No such file or directory at /var/www/html/dainikShahtha/vendor/laravel/framework/src/Illuminate/Filesystem/Filesystem.php:122)
[stacktrace]
#0 [internal function]: Illuminate\\Foundation\\Bootstrap\\HandleExceptions->handleError(2, 'file_put_conten...', '/var/www/html/d...', 122, Array)
#1 /var/www/html/dainikShahtha/vendor/laravel/framework/src/Illuminate/Filesystem/Filesystem.php(122): file_put_contents('D:\\\\Personal Pro...', '<?php $__env->s...', 0)
#2 /var/www/html/dainikShahtha/vendor/laravel/framework/src/Illuminate/View/Compilers/BladeCompiler.php(122): Illuminate\\Filesystem\\Filesystem->put('D:\\\\Personal Pro...', '<?php $__env->s...')
#3 /var/www/html/dainikShahtha/vendor/laravel/framework/src/Illuminate/View/Engines/CompilerEngine.php(51): Illuminate\\View\\Compilers\\BladeCompiler->compile('/var/www/html/d...')
#4 /var/www/html/dainikShahtha/vendor/laravel/framework/src/Illuminate/View/View.php(142): Illuminate\\View\\Engines\\CompilerEngine->get('/var/www/html/d...', Array)
#5 /var/www/html/dainikShahtha/vendor/laravel/framework/src/Illuminate/View/View.php(125): Illuminate\\View\\View->getContents()
#6 /var/www/html/dainikShahtha/vendor/laravel/framework/src/Illuminate/View/View.php(90): Illuminate\\View\\View->renderContents()
#7 /var/www/html/dainikShahtha/vendor/laravel/framework/src/Illuminate/Http/Response.php(42): Illuminate\\View\\View->render()
#8 /var/www/html/dainikShahtha/vendor/symfony/http-foundation/Response.php(205): Illuminate\\Http\\Response->setContent(Object(Illuminate\\View\\View))
#9 /var/www/html/dainikShahtha/vendor/laravel/framework/src/Illuminate/Routing/ResponseFactory.php(55): Symfony\\Component\\HttpFoundation\\Response->__construct(Object(Illuminate\\View\\View), 500, Array)
#10 /var/www/html/dainikShahtha/vendor/laravel/framework/src/Illuminate/Routing/ResponseFactory.php(81): Illuminate\\Routing\\ResponseFactory->make(Object(Illuminate\\View\\View), 500, Array)
#11 /var/www/html/dainikShahtha/vendor/laravel/framework/src/Illuminate/Foundation/Exceptions/Handler.php(380): Illuminate\\Routing\\ResponseFactory->view('errors::500', Array, 500, Array)
#12 /var/www/html/dainikShahtha/vendor/laravel/framework/src/Illuminate/Foundation/Exceptions/Handler.php(289): Illuminate\\Foundation\\Exceptions\\Handler->renderHttpException(Object(Symfony\\Component\\HttpKernel\\Exception\\HttpException))
#13 /var/www/html/dainikShahtha/vendor/laravel/framework/src/Illuminate/Foundation/Exceptions/Handler.php(188): Illuminate\\Foundation\\Exceptions\\Handler->prepareResponse(Object(Illuminate\\Http\\Request), Object(Symfony\\Component\\HttpKernel\\Exception\\HttpException))
#14 /var/www/html/dainikShahtha/app/Exceptions/Handler.php(49): Illuminate\\Foundation\\Exceptions\\Handler->render(Object(Illuminate\\Http\\Request), Object(ErrorException))
#15 /var/www/html/dainikShahtha/vendor/laravel/framework/src/Illuminate/Routing/Pipeline.php(83): App\\Exceptions\\Handler->render(Object(Illuminate\\Http\\Request), Object(ErrorException))
#16 /var/www/html/dainikShahtha/vendor/laravel/framework/src/Illuminate/Routing/Pipeline.php(55): Illuminate\\Routing\\Pipeline->handleException(Object(Illuminate\\Http\\Request), Object(ErrorException))
#17 /var/www/html/dainikShahtha/vendor/laravel/framework/src/Illuminate/Pipeline/Pipeline.php(104): Illuminate\\Routing\\Pipeline->Illuminate\\Routing\\{closure}(Object(Illuminate\\Http\\Request))
#18 /var/www/html/dainikShahtha/vendor/laravel/framework/src/Illuminate/Foundation/Http/Kernel.php(151): Illuminate\\Pipeline\\Pipeline->then(Object(Closure))
#19 /var/www/html/dainikShahtha/vendor/laravel/framework/src/Illuminate/Foundation/Http/Kernel.php(116): Illuminate\\Foundation\\Http\\Kernel->sendRequestThroughRouter(Object(Illuminate\\Http\\Request))
#20 /var/www/html/dainikShahtha/public/index.php(55): Illuminate\\Foundation\\Http\\Kernel->handle(Object(Illuminate\\Http\\Request))
#21 /var/www/html/dainikShahtha/server.php(21): require_once('/var/www/html/d...')
#22 {main}
"} 
[2026-03-26 19:28:40] local.ERROR: file_put_contents(D:\Personal Projects\dainikShahtha\storage\framework\views/cca79836c9896ead3693bf5fb5fe5762ba905db1.php): failed to open stream: No such file or directory {"exception":"[object] (ErrorException(code: 0): file_put_contents(D:\\Personal Projects\\dainikShahtha\\storage\\framework\\views/cca79836c9896ead3693bf5fb5fe5762ba905db1.php): failed to open stream: No such file or directory at /var/www/html/dainikShahtha/vendor/laravel/framework/src/Illuminate/Filesystem/Filesystem.php:122)
[stacktrace]
#0 [internal function]: Illuminate\\Foundation\\Bootstrap\\HandleExceptions->handleError(2, 'file_put_conten...', '/var/www/html/d...', 122, Array)
#1 /var/www/html/dainikShahtha/vendor/laravel/framework/src/Illuminate/Filesystem/Filesystem.php(122): file_put_contents('D:\\\\Personal Pro...', '<?php $__env->s...', 0)
#2 /var/www/html/dainikShahtha/vendor/laravel/framework/src/Illuminate/View/Compilers/BladeCompiler.php(122): Illuminate\\Filesystem\\Filesystem->put('D:\\\\Personal Pro...', '<?php $__env->s...')
#3 /var/www/html/dainikShahtha/vendor/laravel/framework/src/Illuminate/View/Engines/CompilerEngine.php(51): Illuminate\\View\\Compilers\\BladeCompiler->compile('/var/www/html/d...')
#4 /var/www/html/dainikShahtha/vendor/laravel/framework/src/Illuminate/View/View.php(142): Illuminate\\View\\Engines\\CompilerEngine->get('/var/www/html/d...', Array)
#5 /var/www/html/dainikShahtha/vendor/laravel/framework/src/Illuminate/View/View.php(125): Illuminate\\View\\View->getContents()
#6 /var/www/html/dainikShahtha/vendor/laravel/framework/src/Illuminate/View/View.php(90): Illuminate\\View\\View->renderContents()
#7 /var/www/html/dainikShahtha/vendor/laravel/framework/src/Illuminate/Http/Response.php(42): Illuminate\\View\\View->render()
#8 /var/www/html/dainikShahtha/vendor/symfony/http-foundation/Response.php(205): Illuminate\\Http\\Response->setContent(Object(Illuminate\\View\\View))
#9 /var/www/html/dainikShahtha/vendor/laravel/framework/src/Illuminate/Routing/ResponseFactory.php(55): Symfony\\Component\\HttpFoundation\\Response->__construct(Object(Illuminate\\View\\View), 500, Array)
#10 /var/www/html/dainikShahtha/vendor/laravel/framework/src/Illuminate/Routing/ResponseFactory.php(81): Illuminate\\Routing\\ResponseFactory->make(Object(Illuminate\\View\\View), 500, Array)
#11 /var/www/html/dainikShahtha/vendor/laravel/framework/src/Illuminate/Foundation/Exceptions/Handler.php(380): Illuminate\\Routing\\ResponseFactory->view('errors::500', Array, 500, Array)
#12 /var/www/html/dainikShahtha/vendor/laravel/framework/src/Illuminate/Foundation/Exceptions/Handler.php(289): Illuminate\\Foundation\\Exceptions\\Handler->renderHttpException(Object(Symfony\\Component\\HttpKernel\\Exception\\HttpException))
#13 /var/www/html/dainikShahtha/vendor/laravel/framework/src/Illuminate/Foundation/Exceptions/Handler.php(188): Illuminate\\Foundation\\Exceptions\\Handler->prepareResponse(Object(Illuminate\\Http\\Request), Object(Symfony\\Component\\HttpKernel\\Exception\\HttpException))
#14 /var/www/html/dainikShahtha/app/Exceptions/Handler.php(49): Illuminate\\Foundation\\Exceptions\\Handler->render(Object(Illuminate\\Http\\Request), Object(ErrorException))
#15 /var/www/html/dainikShahtha/vendor/laravel/framework/src/Illuminate/Foundation/Http/Kernel.php(326): App\\Exceptions\\Handler->render(Object(Illuminate\\Http\\Request), Object(ErrorException))
#16 /var/www/html/dainikShahtha/vendor/laravel/framework/src/Illuminate/Foundation/Http/Kernel.php(120): Illuminate\\Foundation\\Http\\Kernel->renderException(Object(Illuminate\\Http\\Request), Object(ErrorException))
#17 /var/www/html/dainikShahtha/public/index.php(55): Illuminate\\Foundation\\Http\\Kernel->handle(Object(Illuminate\\Http\\Request))
#18 /var/www/html/dainikShahtha/server.php(21): require_once('/var/www/html/d...')
#19 {main}
"} 
[2026-03-26 19:28:40] local.ERROR: Uncaught ErrorException: file_put_contents(D:\Personal Projects\dainikShahtha\storage\framework\views/cca79836c9896ead3693bf5fb5fe5762ba905db1.php): failed to open stream: No such file or directory in /var/www/html/dainikShahtha/vendor/laravel/framework/src/Illuminate/Filesystem/Filesystem.php:122
Stack trace:
#0 [internal function]: Illuminate\Foundation\Bootstrap\HandleExceptions->handleError(2, 'file_put_conten...', '/var/www/html/d...', 122, Array)
#1 /var/www/html/dainikShahtha/vendor/laravel/framework/src/Illuminate/Filesystem/Filesystem.php(122): file_put_contents('D:\\Personal Pro...', '<?php $__env->s...', 0)
#2 /var/www/html/dainikShahtha/vendor/laravel/framework/src/Illuminate/View/Compilers/BladeCompiler.php(122): Illuminate\Filesystem\Filesystem->put('D:\\Personal Pro...', '<?php $__env->s...')
#3 /var/www/html/dainikShahtha/vendor/laravel/framework/src/Illuminate/View/Engines/CompilerEngine.php(51): Illuminate\View\Compilers\BladeCompiler->compile('/var/www/html/d...')
#4 /var/www/html/dainikSha {"exception":"[object] (Symfony\\Component\\Debug\\Exception\\FatalErrorException(code: 1): Uncaught ErrorException: file_put_contents(D:\\Personal Projects\\dainikShahtha\\storage\\framework\\views/cca79836c9896ead3693bf5fb5fe5762ba905db1.php): failed to open stream: No such file or directory in /var/www/html/dainikShahtha/vendor/laravel/framework/src/Illuminate/Filesystem/Filesystem.php:122
Stack trace:
#0 [internal function]: Illuminate\\Foundation\\Bootstrap\\HandleExceptions->handleError(2, 'file_put_conten...', '/var/www/html/d...', 122, Array)
#1 /var/www/html/dainikShahtha/vendor/laravel/framework/src/Illuminate/Filesystem/Filesystem.php(122): file_put_contents('D:\\\\Personal Pro...', '<?php $__env->s...', 0)
#2 /var/www/html/dainikShahtha/vendor/laravel/framework/src/Illuminate/View/Compilers/BladeCompiler.php(122): Illuminate\\Filesystem\\Filesystem->put('D:\\\\Personal Pro...', '<?php $__env->s...')
#3 /var/www/html/dainikShahtha/vendor/laravel/framework/src/Illuminate/View/Engines/CompilerEngine.php(51): Illuminate\\View\\Compilers\\BladeCompiler->compile('/var/www/html/d...')
#4 /var/www/html/dainikSha at /var/www/html/dainikShahtha/vendor/laravel/framework/src/Illuminate/Filesystem/Filesystem.php:122)
[stacktrace]
#0 {main}
"} 
[2026-03-26 19:28:44] local.ERROR: SQLSTATE[HY000] [1045] Access denied for user 'root'@'localhost' (using password: NO) (SQL: select * from `set_as` where `set_as` in (lead_news_1, lead_news_2, lead_news_3) order by `set_as` asc) {"exception":"[object] (Illuminate\\Database\\QueryException(code: 1045): SQLSTATE[HY000] [1045] Access denied for user 'root'@'localhost' (using password: NO) (SQL: select * from `set_as` where `set_as` in (lead_news_1, lead_news_2, lead_news_3) order by `set_as` asc) at /var/www/html/dainikShahtha/vendor/laravel/framework/src/Illuminate/Database/Connection.php:664, PDOException(code: 1045): SQLSTATE[HY000] [1045] Access denied for user 'root'@'localhost' (using password: NO) at /var/www/html/dainikShahtha/vendor/laravel/framework/src/Illuminate/Database/Connectors/Connector.php:70)
[stacktrace]
#0 /var/www/html/dainikShahtha/vendor/laravel/framework/src/Illuminate/Database/Connection.php(624): Illuminate\\Database\\Connection->runQueryCallback('select * from `...', Array, Object(Closure))
#1 /var/www/html/dainikShahtha/vendor/laravel/framework/src/Illuminate/Database/Connection.php(333): Illuminate\\Database\\Connection->run('select * from `...', Array, Object(Closure))
#2 /var/www/html/dainikShahtha/vendor/laravel/framework/src/Illuminate/Database/Query/Builder.php(2095): Illuminate\\Database\\Connection->select('select * from `...', Array, true)
#3 /var/www/html/dainikShahtha/vendor/laravel/framework/src/Illuminate/Database/Query/Builder.php(2083): Illuminate\\Database\\Query\\Builder->runSelect()
#4 /var/www/html/dainikShahtha/vendor/laravel/framework/src/Illuminate/Database/Query/Builder.php(2569): Illuminate\\Database\\Query\\Builder->Illuminate\\Database\\Query\\{closure}()
#5 /var/www/html/dainikShahtha/vendor/laravel/framework/src/Illuminate/Database/Query/Builder.php(2084): Illuminate\\Database\\Query\\Builder->onceWithColumns(Array, Object(Closure))
#6 /var/www/html/dainikShahtha/vendor/laravel/framework/src/Illuminate/Database/Eloquent/Builder.php(519): Illuminate\\Database\\Query\\Builder->get(Array)
#7 /var/www/html/dainikShahtha/vendor/laravel/framework/src/Illuminate/Database/Eloquent/Builder.php(503): Illuminate\\Database\\Eloquent\\Builder->getModels(Array)
#8 /var/www/html/dainikShahtha/app/Http/Controllers/sksController.php(24): Illuminate\\Database\\Eloquent\\Builder->get()
#9 [internal function]: App\\Http\\Controllers\\sksController->index()
#10 /var/www/html/dainikShahtha/vendor/laravel/framework/src/Illuminate/Routing/Controller.php(54): call_user_func_array(Array, Array)
#11 /var/www/html/dainikShahtha/vendor/laravel/framework/src/Illuminate/Routing/ControllerDispatcher.php(45): Illuminate\\Routing\\Controller->callAction('index', Array)
#12 /var/www/html/dainikShahtha/vendor/laravel/framework/src/Illuminate/Routing/Route.php(219): Illuminate\\Routing\\ControllerDispatcher->dispatch(Object(Illuminate\\Routing\\Route), Object(App\\Http\\Controllers\\sksController), 'index')
#13 /var/www/html/dainikShahtha/vendor/laravel/framework/src/Illuminate/Routing/Route.php(176): Illuminate\\Routing\\Route->runController()
#14 /var/www/html/dainikShahtha/vendor/laravel/framework/src/Illuminate/Routing/Router.php(682): Illuminate\\Routing\\Route->run()
#15 /var/www/html/dainikShahtha/vendor/laravel/framework/src/Illuminate/Routing/Pipeline.php(30): Illuminate\\Routing\\Router->Illuminate\\Routing\\{closure}(Object(Illuminate\\Http\\Request))
#16 /var/www/html/dainikShahtha/vendor/laravel/framework/src/Illuminate/Routing/Middleware/SubstituteBindings.php(41): Illuminate\\Routing\\Pipeline->Illuminate\\Routing\\{closure}(Object(Illuminate\\Http\\Request))
#17 /var/www/html/dainikShahtha/vendor/laravel/framework/src/Illuminate/Pipeline/Pipeline.php(163): Illuminate\\Routing\\Middleware\\SubstituteBindings->handle(Object(Illuminate\\Http\\Request), Object(Closure))
#18 /var/www/html/dainikShahtha/vendor/laravel/framework/src/Illuminate/Routing/Pipeline.php(53): Illuminate\\Pipeline\\Pipeline->Illuminate\\Pipeline\\{closure}(Object(Illuminate\\Http\\Request))
#19 /var/www/html/dainikShahtha/vendor/laravel/framework/src/Illuminate/Foundation/Http/Middleware/VerifyCsrfToken.php(75): Illuminate\\Routing\\Pipeline->Illuminate\\Routing\\{closure}(Object(Illuminate\\Http\\Request))
#20 /var/www/html/dainikShahtha/vendor/laravel/framework/src/Illuminate/Pipeline/Pipeline.php(163): Illuminate\\Foundation\\Http\\Middleware\\VerifyCsrfToken->handle(Object(Illuminate\\Http\\Request), Object(Closure))
#21 /var/www/html/dainikShahtha/vendor/laravel/framework/src/Illuminate/Routing/Pipeline.php(53): Illuminate\\Pipeline\\Pipeline->Illuminate\\Pipeline\\{closure}(Object(Illuminate\\Http\\Request))
#22 /var/www/html/dainikShahtha/vendor/laravel/framework/src/Illuminate/View/Middleware/ShareErrorsFromSession.php(49): Illuminate\\Routing\\Pipeline->Illuminate\\Routing\\{closure}(Object(Illuminate\\Http\\Request))
#23 /var/www/html/dainikShahtha/vendor/laravel/framework/src/Illuminate/Pipeline/Pipeline.php(163): Illuminate\\View\\Middleware\\ShareErrorsFromSession->handle(Object(Illuminate\\Http\\Request), Object(Closure))
#24 /var/www/html/dainikShahtha/vendor/laravel/framework/src/Illuminate/Routing/Pipeline.php(53): Illuminate\\Pipeline\\Pipeline->Illuminate\\Pipeline\\{closure}(Object(Illuminate\\Http\\Request))
#25 /var/www/html/dainikShahtha/vendor/laravel/framework/src/Illuminate/Session/Middleware/StartSession.php(63): Illuminate\\Routing\\Pipeline->Illuminate\\Routing\\{closure}(Object(Illuminate\\Http\\Request))
#26 /var/www/html/dainikShahtha/vendor/laravel/framework/src/Illuminate/Pipeline/Pipeline.php(163): Illuminate\\Session\\Middleware\\StartSession->handle(Object(Illuminate\\Http\\Request), Object(Closure))
#27 /var/www/html/dainikShahtha/vendor/laravel/framework/src/Illuminate/Routing/Pipeline.php(53): Illuminate\\Pipeline\\Pipeline->Illuminate\\Pipeline\\{closure}(Object(Illuminate\\Http\\Request))
#28 /var/www/html/dainikShahtha/vendor/laravel/framework/src/Illuminate/Cookie/Middleware/AddQueuedCookiesToResponse.php(37): Illuminate\\Routing\\Pipeline->Illuminate\\Routing\\{closure}(Object(Illuminate\\Http\\Request))
#29 /var/www/html/dainikShahtha/vendor/laravel/framework/src/Illuminate/Pipeline/Pipeline.php(163): Illuminate\\Cookie\\Middleware\\AddQueuedCookiesToResponse->handle(Object(Illuminate\\Http\\Request), Object(Closure))
#30 /var/www/html/dainikShahtha/vendor/laravel/framework/src/Illuminate/Routing/Pipeline.php(53): Illuminate\\Pipeline\\Pipeline->Illuminate\\Pipeline\\{closure}(Object(Illuminate\\Http\\Request))
#31 /var/www/html/dainikShahtha/vendor/laravel/framework/src/Illuminate/Cookie/Middleware/EncryptCookies.php(66): Illuminate\\Routing\\Pipeline->Illuminate\\Routing\\{closure}(Object(Illuminate\\Http\\Request))
#32 /var/www/html/dainikShahtha/vendor/laravel/framework/src/Illuminate/Pipeline/Pipeline.php(163): Illuminate\\Cookie\\Middleware\\EncryptCookies->handle(Object(Illuminate\\Http\\Request), Object(Closure))
#33 /var/www/html/dainikShahtha/vendor/laravel/framework/src/Illuminate/Routing/Pipeline.php(53): Illuminate\\Pipeline\\Pipeline->Illuminate\\Pipeline\\{closure}(Object(Illuminate\\Http\\Request))
#34 /var/www/html/dainikShahtha/vendor/laravel/framework/src/Illuminate/Pipeline/Pipeline.php(104): Illuminate\\Routing\\Pipeline->Illuminate\\Routing\\{closure}(Object(Illuminate\\Http\\Request))
#35 /var/www/html/dainikShahtha/vendor/laravel/framework/src/Illuminate/Routing/Router.php(684): Illuminate\\Pipeline\\Pipeline->then(Object(Closure))
#36 /var/www/html/dainikShahtha/vendor/laravel/framework/src/Illuminate/Routing/Router.php(659): Illuminate\\Routing\\Router->runRouteWithinStack(Object(Illuminate\\Routing\\Route), Object(Illuminate\\Http\\Request))
#37 /var/www/html/dainikShahtha/vendor/laravel/framework/src/Illuminate/Routing/Router.php(625): Illuminate\\Routing\\Router->runRoute(Object(Illuminate\\Http\\Request), Object(Illuminate\\Routing\\Route))
#38 /var/www/html/dainikShahtha/vendor/laravel/framework/src/Illuminate/Routing/Router.php(614): Illuminate\\Routing\\Router->dispatchToRoute(Object(Illuminate\\Http\\Request))
#39 /var/www/html/dainikShahtha/vendor/laravel/framework/src/Illuminate/Foundation/Http/Kernel.php(176): Illuminate\\Routing\\Router->dispatch(Object(Illuminate\\Http\\Request))
#40 /var/www/html/dainikShahtha/vendor/laravel/framework/src/Illuminate/Routing/Pipeline.php(30): Illuminate\\Foundation\\Http\\Kernel->Illuminate\\Foundation\\Http\\{closure}(Object(Illuminate\\Http\\Request))
#41 /var/www/html/dainikShahtha/vendor/barryvdh/laravel-debugbar/src/Middleware/InjectDebugbar.php(58): Illuminate\\Routing\\Pipeline->Illuminate\\Routing\\{closure}(Object(Illuminate\\Http\\Request))
#42 /var/www/html/dainikShahtha/vendor/laravel/framework/src/Illuminate/Pipeline/Pipeline.php(163): Barryvdh\\Debugbar\\Middleware\\InjectDebugbar->handle(Object(Illuminate\\Http\\Request), Object(Closure))
#43 /var/www/html/dainikShahtha/vendor/laravel/framework/src/Illuminate/Routing/Pipeline.php(53): Illuminate\\Pipeline\\Pipeline->Illuminate\\Pipeline\\{closure}(Object(Illuminate\\Http\\Request))
#44 /var/www/html/dainikShahtha/vendor/fideloper/proxy/src/TrustProxies.php(57): Illuminate\\Routing\\Pipeline->Illuminate\\Routing\\{closure}(Object(Illuminate\\Http\\Request))
#45 /var/www/html/dainikShahtha/vendor/laravel/framework/src/Illuminate/Pipeline/Pipeline.php(163): Fideloper\\Proxy\\TrustProxies->handle(Object(Illuminate\\Http\\Request), Object(Closure))
#46 /var/www/html/dainikShahtha/vendor/laravel/framework/src/Illuminate/Routing/Pipeline.php(53): Illuminate\\Pipeline\\Pipeline->Illuminate\\Pipeline\\{closure}(Object(Illuminate\\Http\\Request))
#47 /var/www/html/dainikShahtha/vendor/laravel/framework/src/Illuminate/Foundation/Http/Middleware/TransformsRequest.php(31): Illuminate\\Routing\\Pipeline->Illuminate\\Routing\\{closure}(Object(Illuminate\\Http\\Request))
#48 /var/www/html/dainikShahtha/vendor/laravel/framework/src/Illuminate/Pipeline/Pipeline.php(163): Illuminate\\Foundation\\Http\\Middleware\\TransformsRequest->handle(Object(Illuminate\\Http\\Request), Object(Closure))
#49 /var/www/html/dainikShahtha/vendor/laravel/framework/src/Illuminate/Routing/Pipeline.php(53): Illuminate\\Pipeline\\Pipeline->Illuminate\\Pipeline\\{closure}(Object(Illuminate\\Http\\Request))
#50 /var/www/html/dainikShahtha/vendor/laravel/framework/src/Illuminate/Foundation/Http/Middleware/TransformsRequest.php(31): Illuminate\\Routing\\Pipeline->Illuminate\\Routing\\{closure}(Object(Illuminate\\Http\\Request))
#51 /var/www/html/dainikShahtha/vendor/laravel/framework/src/Illuminate/Pipeline/Pipeline.php(163): Illuminate\\Foundation\\Http\\Middleware\\TransformsRequest->handle(Object(Illuminate\\Http\\Request), Object(Closure))
#52 /var/www/html/dainikShahtha/vendor/laravel/framework/src/Illuminate/Routing/Pipeline.php(53): Illuminate\\Pipeline\\Pipeline->Illuminate\\Pipeline\\{closure}(Object(Illuminate\\Http\\Request))
#53 /var/www/html/dainikShahtha/vendor/laravel/framework/src/Illuminate/Foundation/Http/Middleware/ValidatePostSize.php(27): Illuminate\\Routing\\Pipeline->Illuminate\\Routing\\{closure}(Object(Illuminate\\Http\\Request))
#54 /var/www/html/dainikShahtha/vendor/laravel/framework/src/Illuminate/Pipeline/Pipeline.php(163): Illuminate\\Foundation\\Http\\Middleware\\ValidatePostSize->handle(Object(Illuminate\\Http\\Request), Object(Closure))
#55 /var/www/html/dainikShahtha/vendor/laravel/framework/src/Illuminate/Routing/Pipeline.php(53): Illuminate\\Pipeline\\Pipeline->Illuminate\\Pipeline\\{closure}(Object(Illuminate\\Http\\Request))
#56 /var/www/html/dainikShahtha/vendor/laravel/framework/src/Illuminate/Foundation/Http/Middleware/CheckForMaintenanceMode.php(62): Illuminate\\Routing\\Pipeline->Illuminate\\Routing\\{closure}(Object(Illuminate\\Http\\Request))
#57 /var/www/html/dainikShahtha/vendor/laravel/framework/src/Illuminate/Pipeline/Pipeline.php(163): Illuminate\\Foundation\\Http\\Middleware\\CheckForMaintenanceMode->handle(Object(Illuminate\\Http\\Request), Object(Closure))
#58 /var/www/html/dainikShahtha/vendor/laravel/framework/src/Illuminate/Routing/Pipeline.php(53): Illuminate\\Pipeline\\Pipeline->Illuminate\\Pipeline\\{closure}(Object(Illuminate\\Http\\Request))
#59 /var/www/html/dainikShahtha/vendor/laravel/framework/src/Illuminate/Pipeline/Pipeline.php(104): Illuminate\\Routing\\Pipeline->Illuminate\\Routing\\{closure}(Object(Illuminate\\Http\\Request))
#60 /var/www/html/dainikShahtha/vendor/laravel/framework/src/Illuminate/Foundation/Http/Kernel.php(151): Illuminate\\Pipeline\\Pipeline->then(Object(Closure))
#61 /var/www/html/dainikShahtha/vendor/laravel/framework/src/Illuminate/Foundation/Http/Kernel.php(116): Illuminate\\Foundation\\Http\\Kernel->sendRequestThroughRouter(Object(Illuminate\\Http\\Request))
#62 /var/www/html/dainikShahtha/public/index.php(55): Illuminate\\Foundation\\Http\\Kernel->handle(Object(Illuminate\\Http\\Request))
#63 /var/www/html/dainikShahtha/server.php(21): require_once('/var/www/html/d...')
#64 {main}
"} 
[2026-03-26 19:28:44] local.ERROR: file_put_contents(D:\Personal Projects\dainikShahtha\storage\framework\views/cca79836c9896ead3693bf5fb5fe5762ba905db1.php): failed to open stream: No such file or directory {"exception":"[object] (ErrorException(code: 0): file_put_contents(D:\\Personal Projects\\dainikShahtha\\storage\\framework\\views/cca79836c9896ead3693bf5fb5fe5762ba905db1.php): failed to open stream: No such file or directory at /var/www/html/dainikShahtha/vendor/laravel/framework/src/Illuminate/Filesystem/Filesystem.php:122)
[stacktrace]
#0 [internal function]: Illuminate\\Foundation\\Bootstrap\\HandleExceptions->handleError(2, 'file_put_conten...', '/var/www/html/d...', 122, Array)
#1 /var/www/html/dainikShahtha/vendor/laravel/framework/src/Illuminate/Filesystem/Filesystem.php(122): file_put_contents('D:\\\\Personal Pro...', '<?php $__env->s...', 0)
#2 /var/www/html/dainikShahtha/vendor/laravel/framework/src/Illuminate/View/Compilers/BladeCompiler.php(122): Illuminate\\Filesystem\\Filesystem->put('D:\\\\Personal Pro...', '<?php $__env->s...')
#3 /var/www/html/dainikShahtha/vendor/laravel/framework/src/Illuminate/View/Engines/CompilerEngine.php(51): Illuminate\\View\\Compilers\\BladeCompiler->compile('/var/www/html/d...')
#4 /var/www/html/dainikShahtha/vendor/laravel/framework/src/Illuminate/View/View.php(142): Illuminate\\View\\Engines\\CompilerEngine->get('/var/www/html/d...', Array)
#5 /var/www/html/dainikShahtha/vendor/laravel/framework/src/Illuminate/View/View.php(125): Illuminate\\View\\View->getContents()
#6 /var/www/html/dainikShahtha/vendor/laravel/framework/src/Illuminate/View/View.php(90): Illuminate\\View\\View->renderContents()
#7 /var/www/html/dainikShahtha/vendor/laravel/framework/src/Illuminate/Http/Response.php(42): Illuminate\\View\\View->render()
#8 /var/www/html/dainikShahtha/vendor/symfony/http-foundation/Response.php(205): Illuminate\\Http\\Response->setContent(Object(Illuminate\\View\\View))
#9 /var/www/html/dainikShahtha/vendor/laravel/framework/src/Illuminate/Routing/ResponseFactory.php(55): Symfony\\Component\\HttpFoundation\\Response->__construct(Object(Illuminate\\View\\View), 500, Array)
#10 /var/www/html/dainikShahtha/vendor/laravel/framework/src/Illuminate/Routing/ResponseFactory.php(81): Illuminate\\Routing\\ResponseFactory->make(Object(Illuminate\\View\\View), 500, Array)
#11 /var/www/html/dainikShahtha/vendor/laravel/framework/src/Illuminate/Foundation/Exceptions/Handler.php(380): Illuminate\\Routing\\ResponseFactory->view('errors::500', Array, 500, Array)
#12 /var/www/html/dainikShahtha/vendor/laravel/framework/src/Illuminate/Foundation/Exceptions/Handler.php(289): Illuminate\\Foundation\\Exceptions\\Handler->renderHttpException(Object(Symfony\\Component\\HttpKernel\\Exception\\HttpException))
#13 /var/www/html/dainikShahtha/vendor/laravel/framework/src/Illuminate/Foundation/Exceptions/Handler.php(188): Illuminate\\Foundation\\Exceptions\\Handler->prepareResponse(Object(Illuminate\\Http\\Request), Object(Symfony\\Component\\HttpKernel\\Exception\\HttpException))
#14 /var/www/html/dainikShahtha/app/Exceptions/Handler.php(49): Illuminate\\Foundation\\Exceptions\\Handler->render(Object(Illuminate\\Http\\Request), Object(Illuminate\\Database\\QueryException))
#15 /var/www/html/dainikShahtha/vendor/laravel/framework/src/Illuminate/Routing/Pipeline.php(83): App\\Exceptions\\Handler->render(Object(Illuminate\\Http\\Request), Object(Illuminate\\Database\\QueryException))
#16 /var/www/html/dainikShahtha/vendor/laravel/framework/src/Illuminate/Routing/Pipeline.php(32): Illuminate\\Routing\\Pipeline->handleException(Object(Illuminate\\Http\\Request), Object(Illuminate\\Database\\QueryException))
#17 /var/www/html/dainikShahtha/vendor/laravel/framework/src/Illuminate/Routing/Middleware/SubstituteBindings.php(41): Illuminate\\Routing\\Pipeline->Illuminate\\Routing\\{closure}(Object(Illuminate\\Http\\Request))
#18 /var/www/html/dainikShahtha/vendor/laravel/framework/src/Illuminate/Pipeline/Pipeline.php(163): Illuminate\\Routing\\Middleware\\SubstituteBindings->handle(Object(Illuminate\\Http\\Request), Object(Closure))
#19 /var/www/html/dainikShahtha/vendor/laravel/framework/src/Illuminate/Routing/Pipeline.php(53): Illuminate\\Pipeline\\Pipeline->Illuminate\\Pipeline\\{closure}(Object(Illuminate\\Http\\Request))
#20 /var/www/html/dainikShahtha/vendor/laravel/framework/src/Illuminate/Foundation/Http/Middleware/VerifyCsrfToken.php(75): Illuminate\\Routing\\Pipeline->Illuminate\\Routing\\{closure}(Object(Illuminate\\Http\\Request))
#21 /var/www/html/dainikShahtha/vendor/laravel/framework/src/Illuminate/Pipeline/Pipeline.php(163): Illuminate\\Foundation\\Http\\Middleware\\VerifyCsrfToken->handle(Object(Illuminate\\Http\\Request), Object(Closure))
#22 /var/www/html/dainikShahtha/vendor/laravel/framework/src/Illuminate/Routing/Pipeline.php(53): Illuminate\\Pipeline\\Pipeline->Illuminate\\Pipeline\\{closure}(Object(Illuminate\\Http\\Request))
#23 /var/www/html/dainikShahtha/vendor/laravel/framework/src/Illuminate/View/Middleware/ShareErrorsFromSession.php(49): Illuminate\\Routing\\Pipeline->Illuminate\\Routing\\{closure}(Object(Illuminate\\Http\\Request))
#24 /var/www/html/dainikShahtha/vendor/laravel/framework/src/Illuminate/Pipeline/Pipeline.php(163): Illuminate\\View\\Middleware\\ShareErrorsFromSession->handle(Object(Illuminate\\Http\\Request), Object(Closure))
#25 /var/www/html/dainikShahtha/vendor/laravel/framework/src/Illuminate/Routing/Pipeline.php(53): Illuminate\\Pipeline\\Pipeline->Illuminate\\Pipeline\\{closure}(Object(Illuminate\\Http\\Request))
#26 /var/www/html/dainikShahtha/vendor/laravel/framework/src/Illuminate/Session/Middleware/StartSession.php(63): Illuminate\\Routing\\Pipeline->Illuminate\\Routing\\{closure}(Object(Illuminate\\Http\\Request))
#27 /var/www/html/dainikShahtha/vendor/laravel/framework/src/Illuminate/Pipeline/Pipeline.php(163): Illuminate\\Session\\Middleware\\StartSession->handle(Object(Illuminate\\Http\\Request), Object(Closure))
#28 /var/www/html/dainikShahtha/vendor/laravel/framework/src/Illuminate/Routing/Pipeline.php(53): Illuminate\\Pipeline\\Pipeline->Illuminate\\Pipeline\\{closure}(Object(Illuminate\\Http\\Request))
#29 /var/www/html/dainikShahtha/vendor/laravel/framework/src/Illuminate/Cookie/Middleware/AddQueuedCookiesToResponse.php(37): Illuminate\\Routing\\Pipeline->Illuminate\\Routing\\{closure}(Object(Illuminate\\Http\\Request))
#30 /var/www/html/dainikShahtha/vendor/laravel/framework/src/Illuminate/Pipeline/Pipeline.php(163): Illuminate\\Cookie\\Middleware\\AddQueuedCookiesToResponse->handle(Object(Illuminate\\Http\\Request), Object(Closure))
#31 /var/www/html/dainikShahtha/vendor/laravel/framework/src/Illuminate/Routing/Pipeline.php(53): Illuminate\\Pipeline\\Pipeline->Illuminate\\Pipeline\\{closure}(Object(Illuminate\\Http\\Request))
#32 /var/www/html/dainikShahtha/vendor/laravel/framework/src/Illuminate/Cookie/Middleware/EncryptCookies.php(66): Illuminate\\Routing\\Pipeline->Illuminate\\Routing\\{closure}(Object(Illuminate\\Http\\Request))
#33 /var/www/html/dainikShahtha/vendor/laravel/framework/src/Illuminate/Pipeline/Pipeline.php(163): Illuminate\\Cookie\\Middleware\\EncryptCookies->handle(Object(Illuminate\\Http\\Request), Object(Closure))
#34 /var/www/html/dainikShahtha/vendor/laravel/framework/src/Illuminate/Routing/Pipeline.php(53): Illuminate\\Pipeline\\Pipeline->Illuminate\\Pipeline\\{closure}(Object(Illuminate\\Http\\Request))
#35 /var/www/html/dainikShahtha/vendor/laravel/framework/src/Illuminate/Pipeline/Pipeline.php(104): Illuminate\\Routing\\Pipeline->Illuminate\\Routing\\{closure}(Object(Illuminate\\Http\\Request))
#36 /var/www/html/dainikShahtha/vendor/laravel/framework/src/Illuminate/Routing/Router.php(684): Illuminate\\Pipeline\\Pipeline->then(Object(Closure))
#37 /var/www/html/dainikShahtha/vendor/laravel/framework/src/Illuminate/Routing/Router.php(659): Illuminate\\Routing\\Router->runRouteWithinStack(Object(Illuminate\\Routing\\Route), Object(Illuminate\\Http\\Request))
#38 /var/www/html/dainikShahtha/vendor/laravel/framework/src/Illuminate/Routing/Router.php(625): Illuminate\\Routing\\Router->runRoute(Object(Illuminate\\Http\\Request), Object(Illuminate\\Routing\\Route))
#39 /var/www/html/dainikShahtha/vendor/laravel/framework/src/Illuminate/Routing/Router.php(614): Illuminate\\Routing\\Router->dispatchToRoute(Object(Illuminate\\Http\\Request))
#40 /var/www/html/dainikShahtha/vendor/laravel/framework/src/Illuminate/Foundation/Http/Kernel.php(176): Illuminate\\Routing\\Router->dispatch(Object(Illuminate\\Http\\Request))
#41 /var/www/html/dainikShahtha/vendor/laravel/framework/src/Illuminate/Routing/Pipeline.php(30): Illuminate\\Foundation\\Http\\Kernel->Illuminate\\Foundation\\Http\\{closure}(Object(Illuminate\\Http\\Request))
#42 /var/www/html/dainikShahtha/vendor/barryvdh/laravel-debugbar/src/Middleware/InjectDebugbar.php(58): Illuminate\\Routing\\Pipeline->Illuminate\\Routing\\{closure}(Object(Illuminate\\Http\\Request))
#43 /var/www/html/dainikShahtha/vendor/laravel/framework/src/Illuminate/Pipeline/Pipeline.php(163): Barryvdh\\Debugbar\\Middleware\\InjectDebugbar->handle(Object(Illuminate\\Http\\Request), Object(Closure))
#44 /var/www/html/dainikShahtha/vendor/laravel/framework/src/Illuminate/Routing/Pipeline.php(53): Illuminate\\Pipeline\\Pipeline->Illuminate\\Pipeline\\{closure}(Object(Illuminate\\Http\\Request))
#45 /var/www/html/dainikShahtha/vendor/fideloper/proxy/src/TrustProxies.php(57): Illuminate\\Routing\\Pipeline->Illuminate\\Routing\\{closure}(Object(Illuminate\\Http\\Request))
#46 /var/www/html/dainikShahtha/vendor/laravel/framework/src/Illuminate/Pipeline/Pipeline.php(163): Fideloper\\Proxy\\TrustProxies->handle(Object(Illuminate\\Http\\Request), Object(Closure))
#47 /var/www/html/dainikShahtha/vendor/laravel/framework/src/Illuminate/Routing/Pipeline.php(53): Illuminate\\Pipeline\\Pipeline->Illuminate\\Pipeline\\{closure}(Object(Illuminate\\Http\\Request))
#48 /var/www/html/dainikShahtha/vendor/laravel/framework/src/Illuminate/Foundation/Http/Middleware/TransformsRequest.php(31): Illuminate\\Routing\\Pipeline->Illuminate\\Routing\\{closure}(Object(Illuminate\\Http\\Request))
#49 /var/www/html/dainikShahtha/vendor/laravel/framework/src/Illuminate/Pipeline/Pipeline.php(163): Illuminate\\Foundation\\Http\\Middleware\\TransformsRequest->handle(Object(Illuminate\\Http\\Request), Object(Closure))
#50 /var/www/html/dainikShahtha/vendor/laravel/framework/src/Illuminate/Routing/Pipeline.php(53): Illuminate\\Pipeline\\Pipeline->Illuminate\\Pipeline\\{closure}(Object(Illuminate\\Http\\Request))
#51 /var/www/html/dainikShahtha/vendor/laravel/framework/src/Illuminate/Foundation/Http/Middleware/TransformsRequest.php(31): Illuminate\\Routing\\Pipeline->Illuminate\\Routing\\{closure}(Object(Illuminate\\Http\\Request))
#52 /var/www/html/dainikShahtha/vendor/laravel/framework/src/Illuminate/Pipeline/Pipeline.php(163): Illuminate\\Foundation\\Http\\Middleware\\TransformsRequest->handle(Object(Illuminate\\Http\\Request), Object(Closure))
#53 /var/www/html/dainikShahtha/vendor/laravel/framework/src/Illuminate/Routing/Pipeline.php(53): Illuminate\\Pipeline\\Pipeline->Illuminate\\Pipeline\\{closure}(Object(Illuminate\\Http\\Request))
#54 /var/www/html/dainikShahtha/vendor/laravel/framework/src/Illuminate/Foundation/Http/Middleware/ValidatePostSize.php(27): Illuminate\\Routing\\Pipeline->Illuminate\\Routing\\{closure}(Object(Illuminate\\Http\\Request))
#55 /var/www/html/dainikShahtha/vendor/laravel/framework/src/Illuminate/Pipeline/Pipeline.php(163): Illuminate\\Foundation\\Http\\Middleware\\ValidatePostSize->handle(Object(Illuminate\\Http\\Request), Object(Closure))
#56 /var/www/html/dainikShahtha/vendor/laravel/framework/src/Illuminate/Routing/Pipeline.php(53): Illuminate\\Pipeline\\Pipeline->Illuminate\\Pipeline\\{closure}(Object(Illuminate\\Http\\Request))
#57 /var/www/html/dainikShahtha/vendor/laravel/framework/src/Illuminate/Foundation/Http/Middleware/CheckForMaintenanceMode.php(62): Illuminate\\Routing\\Pipeline->Illuminate\\Routing\\{closure}(Object(Illuminate\\Http\\Request))
#58 /var/www/html/dainikShahtha/vendor/laravel/framework/src/Illuminate/Pipeline/Pipeline.php(163): Illuminate\\Foundation\\Http\\Middleware\\CheckForMaintenanceMode->handle(Object(Illuminate\\Http\\Request), Object(Closure))
#59 /var/www/html/dainikShahtha/vendor/laravel/framework/src/Illuminate/Routing/Pipeline.php(53): Illuminate\\Pipeline\\Pipeline->Illuminate\\Pipeline\\{closure}(Object(Illuminate\\Http\\Request))
#60 /var/www/html/dainikShahtha/vendor/laravel/framework/src/Illuminate/Pipeline/Pipeline.php(104): Illuminate\\Routing\\Pipeline->Illuminate\\Routing\\{closure}(Object(Illuminate\\Http\\Request))
#61 /var/www/html/dainikShahtha/vendor/laravel/framework/src/Illuminate/Foundation/Http/Kernel.php(151): Illuminate\\Pipeline\\Pipeline->then(Object(Closure))
#62 /var/www/html/dainikShahtha/vendor/laravel/framework/src/Illuminate/Foundation/Http/Kernel.php(116): Illuminate\\Foundation\\Http\\Kernel->sendRequestThroughRouter(Object(Illuminate\\Http\\Request))
#63 /var/www/html/dainikShahtha/public/index.php(55): Illuminate\\Foundation\\Http\\Kernel->handle(Object(Illuminate\\Http\\Request))
#64 /var/www/html/dainikShahtha/server.php(21): require_once('/var/www/html/d...')
#65 {main}
"} 
[2026-03-26 19:28:44] local.ERROR: file_put_contents(D:\Personal Projects\dainikShahtha\storage\framework\views/cca79836c9896ead3693bf5fb5fe5762ba905db1.php): failed to open stream: No such file or directory {"exception":"[object] (ErrorException(code: 0): file_put_contents(D:\\Personal Projects\\dainikShahtha\\storage\\framework\\views/cca79836c9896ead3693bf5fb5fe5762ba905db1.php): failed to open stream: No such file or directory at /var/www/html/dainikShahtha/vendor/laravel/framework/src/Illuminate/Filesystem/Filesystem.php:122)
[stacktrace]
#0 [internal function]: Illuminate\\Foundation\\Bootstrap\\HandleExceptions->handleError(2, 'file_put_conten...', '/var/www/html/d...', 122, Array)
#1 /var/www/html/dainikShahtha/vendor/laravel/framework/src/Illuminate/Filesystem/Filesystem.php(122): file_put_contents('D:\\\\Personal Pro...', '<?php $__env->s...', 0)
#2 /var/www/html/dainikShahtha/vendor/laravel/framework/src/Illuminate/View/Compilers/BladeCompiler.php(122): Illuminate\\Filesystem\\Filesystem->put('D:\\\\Personal Pro...', '<?php $__env->s...')
#3 /var/www/html/dainikShahtha/vendor/laravel/framework/src/Illuminate/View/Engines/CompilerEngine.php(51): Illuminate\\View\\Compilers\\BladeCompiler->compile('/var/www/html/d...')
#4 /var/www/html/dainikShahtha/vendor/laravel/framework/src/Illuminate/View/View.php(142): Illuminate\\View\\Engines\\CompilerEngine->get('/var/www/html/d...', Array)
#5 /var/www/html/dainikShahtha/vendor/laravel/framework/src/Illuminate/View/View.php(125): Illuminate\\View\\View->getContents()
#6 /var/www/html/dainikShahtha/vendor/laravel/framework/src/Illuminate/View/View.php(90): Illuminate\\View\\View->renderContents()
#7 /var/www/html/dainikShahtha/vendor/laravel/framework/src/Illuminate/Http/Response.php(42): Illuminate\\View\\View->render()
#8 /var/www/html/dainikShahtha/vendor/symfony/http-foundation/Response.php(205): Illuminate\\Http\\Response->setContent(Object(Illuminate\\View\\View))
#9 /var/www/html/dainikShahtha/vendor/laravel/framework/src/Illuminate/Routing/ResponseFactory.php(55): Symfony\\Component\\HttpFoundation\\Response->__construct(Object(Illuminate\\View\\View), 500, Array)
#10 /var/www/html/dainikShahtha/vendor/laravel/framework/src/Illuminate/Routing/ResponseFactory.php(81): Illuminate\\Routing\\ResponseFactory->make(Object(Illuminate\\View\\View), 500, Array)
#11 /var/www/html/dainikShahtha/vendor/laravel/framework/src/Illuminate/Foundation/Exceptions/Handler.php(380): Illuminate\\Routing\\ResponseFactory->view('errors::500', Array, 500, Array)
#12 /var/www/html/dainikShahtha/vendor/laravel/framework/src/Illuminate/Foundation/Exceptions/Handler.php(289): Illuminate\\Foundation\\Exceptions\\Handler->renderHttpException(Object(Symfony\\Component\\HttpKernel\\Exception\\HttpException))
#13 /var/www/html/dainikShahtha/vendor/laravel/framework/src/Illuminate/Foundation/Exceptions/Handler.php(188): Illuminate\\Foundation\\Exceptions\\Handler->prepareResponse(Object(Illuminate\\Http\\Request), Object(Symfony\\Component\\HttpKernel\\Exception\\HttpException))
#14 /var/www/html/dainikShahtha/app/Exceptions/Handler.php(49): Illuminate\\Foundation\\Exceptions\\Handler->render(Object(Illuminate\\Http\\Request), Object(ErrorException))
#15 /var/www/html/dainikShahtha/vendor/laravel/framework/src/Illuminate/Routing/Pipeline.php(83): App\\Exceptions\\Handler->render(Object(Illuminate\\Http\\Request), Object(ErrorException))
#16 /var/www/html/dainikShahtha/vendor/laravel/framework/src/Illuminate/Routing/Pipeline.php(55): Illuminate\\Routing\\Pipeline->handleException(Object(Illuminate\\Http\\Request), Object(ErrorException))
#17 /var/www/html/dainikShahtha/vendor/laravel/framework/src/Illuminate/Foundation/Http/Middleware/VerifyCsrfToken.php(75): Illuminate\\Routing\\Pipeline->Illuminate\\Routing\\{closure}(Object(Illuminate\\Http\\Request))
#18 /var/www/html/dainikShahtha/vendor/laravel/framework/src/Illuminate/Pipeline/Pipeline.php(163): Illuminate\\Foundation\\Http\\Middleware\\VerifyCsrfToken->handle(Object(Illuminate\\Http\\Request), Object(Closure))
#19 /var/www/html/dainikShahtha/vendor/laravel/framework/src/Illuminate/Routing/Pipeline.php(53): Illuminate\\Pipeline\\Pipeline->Illuminate\\Pipeline\\{closure}(Object(Illuminate\\Http\\Request))
#20 /var/www/html/dainikShahtha/vendor/laravel/framework/src/Illuminate/View/Middleware/ShareErrorsFromSession.php(49): Illuminate\\Routing\\Pipeline->Illuminate\\Routing\\{closure}(Object(Illuminate\\Http\\Request))
#21 /var/www/html/dainikShahtha/vendor/laravel/framework/src/Illuminate/Pipeline/Pipeline.php(163): Illuminate\\View\\Middleware\\ShareErrorsFromSession->handle(Object(Illuminate\\Http\\Request), Object(Closure))
#22 /var/www/html/dainikShahtha/vendor/laravel/framework/src/Illuminate/Routing/Pipeline.php(53): Illuminate\\Pipeline\\Pipeline->Illuminate\\Pipeline\\{closure}(Object(Illuminate\\Http\\Request))
#23 /var/www/html/dainikShahtha/vendor/laravel/framework/src/Illuminate/Session/Middleware/StartSession.php(63): Illuminate\\Routing\\Pipeline->Illuminate\\Routing\\{closure}(Object(Illuminate\\Http\\Request))
#24 /var/www/html/dainikShahtha/vendor/laravel/framework/src/Illuminate/Pipeline/Pipeline.php(163): Illuminate\\Session\\Middleware\\StartSession->handle(Object(Illuminate\\Http\\Request), Object(Closure))
#25 /var/www/html/dainikShahtha/vendor/laravel/framework/src/Illuminate/Routing/Pipeline.php(53): Illuminate\\Pipeline\\Pipeline->Illuminate\\Pipeline\\{closure}(Object(Illuminate\\Http\\Request))
#26 /var/www/html/dainikShahtha/vendor/laravel/framework/src/Illuminate/Cookie/Middleware/AddQueuedCookiesToResponse.php(37): Illuminate\\Routing\\Pipeline->Illuminate\\Routing\\{closure}(Object(Illuminate\\Http\\Request))
#27 /var/www/html/dainikShahtha/vendor/laravel/framework/src/Illuminate/Pipeline/Pipeline.php(163): Illuminate\\Cookie\\Middleware\\AddQueuedCookiesToResponse->handle(Object(Illuminate\\Http\\Request), Object(Closure))
#28 /var/www/html/dainikShahtha/vendor/laravel/framework/src/Illuminate/Routing/Pipeline.php(53): Illuminate\\Pipeline\\Pipeline->Illuminate\\Pipeline\\{closure}(Object(Illuminate\\Http\\Request))
#29 /var/www/html/dainikShahtha/vendor/laravel/framework/src/Illuminate/Cookie/Middleware/EncryptCookies.php(66): Illuminate\\Routing\\Pipeline->Illuminate\\Routing\\{closure}(Object(Illuminate\\Http\\Request))
#30 /var/www/html/dainikShahtha/vendor/laravel/framework/src/Illuminate/Pipeline/Pipeline.php(163): Illuminate\\Cookie\\Middleware\\EncryptCookies->handle(Object(Illuminate\\Http\\Request), Object(Closure))
#31 /var/www/html/dainikShahtha/vendor/laravel/framework/src/Illuminate/Routing/Pipeline.php(53): Illuminate\\Pipeline\\Pipeline->Illuminate\\Pipeline\\{closure}(Object(Illuminate\\Http\\Request))
#32 /var/www/html/dainikShahtha/vendor/laravel/framework/src/Illuminate/Pipeline/Pipeline.php(104): Illuminate\\Routing\\Pipeline->Illuminate\\Routing\\{closure}(Object(Illuminate\\Http\\Request))
#33 /var/www/html/dainikShahtha/vendor/laravel/framework/src/Illuminate/Routing/Router.php(684): Illuminate\\Pipeline\\Pipeline->then(Object(Closure))
#34 /var/www/html/dainikShahtha/vendor/laravel/framework/src/Illuminate/Routing/Router.php(659): Illuminate\\Routing\\Router->runRouteWithinStack(Object(Illuminate\\Routing\\Route), Object(Illuminate\\Http\\Request))
#35 /var/www/html/dainikShahtha/vendor/laravel/framework/src/Illuminate/Routing/Router.php(625): Illuminate\\Routing\\Router->runRoute(Object(Illuminate\\Http\\Request), Object(Illuminate\\Routing\\Route))
#36 /var/www/html/dainikShahtha/vendor/laravel/framework/src/Illuminate/Routing/Router.php(614): Illuminate\\Routing\\Router->dispatchToRoute(Object(Illuminate\\Http\\Request))
#37 /var/www/html/dainikShahtha/vendor/laravel/framework/src/Illuminate/Foundation/Http/Kernel.php(176): Illuminate\\Routing\\Router->dispatch(Object(Illuminate\\Http\\Request))
#38 /var/www/html/dainikShahtha/vendor/laravel/framework/src/Illuminate/Routing/Pipeline.php(30): Illuminate\\Foundation\\Http\\Kernel->Illuminate\\Foundation\\Http\\{closure}(Object(Illuminate\\Http\\Request))
#39 /var/www/html/dainikShahtha/vendor/barryvdh/laravel-debugbar/src/Middleware/InjectDebugbar.php(58): Illuminate\\Routing\\Pipeline->Illuminate\\Routing\\{closure}(Object(Illuminate\\Http\\Request))
#40 /var/www/html/dainikShahtha/vendor/laravel/framework/src/Illuminate/Pipeline/Pipeline.php(163): Barryvdh\\Debugbar\\Middleware\\InjectDebugbar->handle(Object(Illuminate\\Http\\Request), Object(Closure))
#41 /var/www/html/dainikShahtha/vendor/laravel/framework/src/Illuminate/Routing/Pipeline.php(53): Illuminate\\Pipeline\\Pipeline->Illuminate\\Pipeline\\{closure}(Object(Illuminate\\Http\\Request))
#42 /var/www/html/dainikShahtha/vendor/fideloper/proxy/src/TrustProxies.php(57): Illuminate\\Routing\\Pipeline->Illuminate\\Routing\\{closure}(Object(Illuminate\\Http\\Request))
#43 /var/www/html/dainikShahtha/vendor/laravel/framework/src/Illuminate/Pipeline/Pipeline.php(163): Fideloper\\Proxy\\TrustProxies->handle(Object(Illuminate\\Http\\Request), Object(Closure))
#44 /var/www/html/dainikShahtha/vendor/laravel/framework/src/Illuminate/Routing/Pipeline.php(53): Illuminate\\Pipeline\\Pipeline->Illuminate\\Pipeline\\{closure}(Object(Illuminate\\Http\\Request))
#45 /var/www/html/dainikShahtha/vendor/laravel/framework/src/Illuminate/Foundation/Http/Middleware/TransformsRequest.php(31): Illuminate\\Routing\\Pipeline->Illuminate\\Routing\\{closure}(Object(Illuminate\\Http\\Request))
#46 /var/www/html/dainikShahtha/vendor/laravel/framework/src/Illuminate/Pipeline/Pipeline.php(163): Illuminate\\Foundation\\Http\\Middleware\\TransformsRequest->handle(Object(Illuminate\\Http\\Request), Object(Closure))
#47 /var/www/html/dainikShahtha/vendor/laravel/framework/src/Illuminate/Routing/Pipeline.php(53): Illuminate\\Pipeline\\Pipeline->Illuminate\\Pipeline\\{closure}(Object(Illuminate\\Http\\Request))
#48 /var/www/html/dainikShahtha/vendor/laravel/framework/src/Illuminate/Foundation/Http/Middleware/TransformsRequest.php(31): Illuminate\\Routing\\Pipeline->Illuminate\\Routing\\{closure}(Object(Illuminate\\Http\\Request))
#49 /var/www/html/dainikShahtha/vendor/laravel/framework/src/Illuminate/Pipeline/Pipeline.php(163): Illuminate\\Foundation\\Http\\Middleware\\TransformsRequest->handle(Object(Illuminate\\Http\\Request), Object(Closure))
#50 /var/www/html/dainikShahtha/vendor/laravel/framework/src/Illuminate/Routing/Pipeline.php(53): Illuminate\\Pipeline\\Pipeline->Illuminate\\Pipeline\\{closure}(Object(Illuminate\\Http\\Request))
#51 /var/www/html/dainikShahtha/vendor/laravel/framework/src/Illuminate/Foundation/Http/Middleware/ValidatePostSize.php(27): Illuminate\\Routing\\Pipeline->Illuminate\\Routing\\{closure}(Object(Illuminate\\Http\\Request))
#52 /var/www/html/dainikShahtha/vendor/laravel/framework/src/Illuminate/Pipeline/Pipeline.php(163): Illuminate\\Foundation\\Http\\Middleware\\ValidatePostSize->handle(Object(Illuminate\\Http\\Request), Object(Closure))
#53 /var/www/html/dainikShahtha/vendor/laravel/framework/src/Illuminate/Routing/Pipeline.php(53): Illuminate\\Pipeline\\Pipeline->Illuminate\\Pipeline\\{closure}(Object(Illuminate\\Http\\Request))
#54 /var/www/html/dainikShahtha/vendor/laravel/framework/src/Illuminate/Foundation/Http/Middleware/CheckForMaintenanceMode.php(62): Illuminate\\Routing\\Pipeline->Illuminate\\Routing\\{closure}(Object(Illuminate\\Http\\Request))
#55 /var/www/html/dainikShahtha/vendor/laravel/framework/src/Illuminate/Pipeline/Pipeline.php(163): Illuminate\\Foundation\\Http\\Middleware\\CheckForMaintenanceMode->handle(Object(Illuminate\\Http\\Request), Object(Closure))
#56 /var/www/html/dainikShahtha/vendor/laravel/framework/src/Illuminate/Routing/Pipeline.php(53): Illuminate\\Pipeline\\Pipeline->Illuminate\\Pipeline\\{closure}(Object(Illuminate\\Http\\Request))
#57 /var/www/html/dainikShahtha/vendor/laravel/framework/src/Illuminate/Pipeline/Pipeline.php(104): Illuminate\\Routing\\Pipeline->Illuminate\\Routing\\{closure}(Object(Illuminate\\Http\\Request))
#58 /var/www/html/dainikShahtha/vendor/laravel/framework/src/Illuminate/Foundation/Http/Kernel.php(151): Illuminate\\Pipeline\\Pipeline->then(Object(Closure))
#59 /var/www/html/dainikShahtha/vendor/laravel/framework/src/Illuminate/Foundation/Http/Kernel.php(116): Illuminate\\Foundation\\Http\\Kernel->sendRequestThroughRouter(Object(Illuminate\\Http\\Request))
#60 /var/www/html/dainikShahtha/public/index.php(55): Illuminate\\Foundation\\Http\\Kernel->handle(Object(Illuminate\\Http\\Request))
#61 /var/www/html/dainikShahtha/server.php(21): require_once('/var/www/html/d...')
#62 {main}
"} 
[2026-03-26 19:28:44] local.ERROR: file_put_contents(D:\Personal Projects\dainikShahtha\storage\framework\views/cca79836c9896ead3693bf5fb5fe5762ba905db1.php): failed to open stream: No such file or directory {"exception":"[object] (ErrorException(code: 0): file_put_contents(D:\\Personal Projects\\dainikShahtha\\storage\\framework\\views/cca79836c9896ead3693bf5fb5fe5762ba905db1.php): failed to open stream: No such file or directory at /var/www/html/dainikShahtha/vendor/laravel/framework/src/Illuminate/Filesystem/Filesystem.php:122)
[stacktrace]
#0 [internal function]: Illuminate\\Foundation\\Bootstrap\\HandleExceptions->handleError(2, 'file_put_conten...', '/var/www/html/d...', 122, Array)
#1 /var/www/html/dainikShahtha/vendor/laravel/framework/src/Illuminate/Filesystem/Filesystem.php(122): file_put_contents('D:\\\\Personal Pro...', '<?php $__env->s...', 0)
#2 /var/www/html/dainikShahtha/vendor/laravel/framework/src/Illuminate/View/Compilers/BladeCompiler.php(122): Illuminate\\Filesystem\\Filesystem->put('D:\\\\Personal Pro...', '<?php $__env->s...')
#3 /var/www/html/dainikShahtha/vendor/laravel/framework/src/Illuminate/View/Engines/CompilerEngine.php(51): Illuminate\\View\\Compilers\\BladeCompiler->compile('/var/www/html/d...')
#4 /var/www/html/dainikShahtha/vendor/laravel/framework/src/Illuminate/View/View.php(142): Illuminate\\View\\Engines\\CompilerEngine->get('/var/www/html/d...', Array)
#5 /var/www/html/dainikShahtha/vendor/laravel/framework/src/Illuminate/View/View.php(125): Illuminate\\View\\View->getContents()
#6 /var/www/html/dainikShahtha/vendor/laravel/framework/src/Illuminate/View/View.php(90): Illuminate\\View\\View->renderContents()
#7 /var/www/html/dainikShahtha/vendor/laravel/framework/src/Illuminate/Http/Response.php(42): Illuminate\\View\\View->render()
#8 /var/www/html/dainikShahtha/vendor/symfony/http-foundation/Response.php(205): Illuminate\\Http\\Response->setContent(Object(Illuminate\\View\\View))
#9 /var/www/html/dainikShahtha/vendor/laravel/framework/src/Illuminate/Routing/ResponseFactory.php(55): Symfony\\Component\\HttpFoundation\\Response->__construct(Object(Illuminate\\View\\View), 500, Array)
#10 /var/www/html/dainikShahtha/vendor/laravel/framework/src/Illuminate/Routing/ResponseFactory.php(81): Illuminate\\Routing\\ResponseFactory->make(Object(Illuminate\\View\\View), 500, Array)
#11 /var/www/html/dainikShahtha/vendor/laravel/framework/src/Illuminate/Foundation/Exceptions/Handler.php(380): Illuminate\\Routing\\ResponseFactory->view('errors::500', Array, 500, Array)
#12 /var/www/html/dainikShahtha/vendor/laravel/framework/src/Illuminate/Foundation/Exceptions/Handler.php(289): Illuminate\\Foundation\\Exceptions\\Handler->renderHttpException(Object(Symfony\\Component\\HttpKernel\\Exception\\HttpException))
#13 /var/www/html/dainikShahtha/vendor/laravel/framework/src/Illuminate/Foundation/Exceptions/Handler.php(188): Illuminate\\Foundation\\Exceptions\\Handler->prepareResponse(Object(Illuminate\\Http\\Request), Object(Symfony\\Component\\HttpKernel\\Exception\\HttpException))
#14 /var/www/html/dainikShahtha/app/Exceptions/Handler.php(49): Illuminate\\Foundation\\Exceptions\\Handler->render(Object(Illuminate\\Http\\Request), Object(ErrorException))
#15 /var/www/html/dainikShahtha/vendor/laravel/framework/src/Illuminate/Routing/Pipeline.php(83): App\\Exceptions\\Handler->render(Object(Illuminate\\Http\\Request), Object(ErrorException))
#16 /var/www/html/dainikShahtha/vendor/laravel/framework/src/Illuminate/Routing/Pipeline.php(55): Illuminate\\Routing\\Pipeline->handleException(Object(Illuminate\\Http\\Request), Object(ErrorException))
#17 /var/www/html/dainikShahtha/vendor/laravel/framework/src/Illuminate/View/Middleware/ShareErrorsFromSession.php(49): Illuminate\\Routing\\Pipeline->Illuminate\\Routing\\{closure}(Object(Illuminate\\Http\\Request))
#18 /var/www/html/dainikShahtha/vendor/laravel/framework/src/Illuminate/Pipeline/Pipeline.php(163): Illuminate\\View\\Middleware\\ShareErrorsFromSession->handle(Object(Illuminate\\Http\\Request), Object(Closure))
#19 /var/www/html/dainikShahtha/vendor/laravel/framework/src/Illuminate/Routing/Pipeline.php(53): Illuminate\\Pipeline\\Pipeline->Illuminate\\Pipeline\\{closure}(Object(Illuminate\\Http\\Request))
#20 /var/www/html/dainikShahtha/vendor/laravel/framework/src/Illuminate/Session/Middleware/StartSession.php(63): Illuminate\\Routing\\Pipeline->Illuminate\\Routing\\{closure}(Object(Illuminate\\Http\\Request))
#21 /var/www/html/dainikShahtha/vendor/laravel/framework/src/Illuminate/Pipeline/Pipeline.php(163): Illuminate\\Session\\Middleware\\StartSession->handle(Object(Illuminate\\Http\\Request), Object(Closure))
#22 /var/www/html/dainikShahtha/vendor/laravel/framework/src/Illuminate/Routing/Pipeline.php(53): Illuminate\\Pipeline\\Pipeline->Illuminate\\Pipeline\\{closure}(Object(Illuminate\\Http\\Request))
#23 /var/www/html/dainikShahtha/vendor/laravel/framework/src/Illuminate/Cookie/Middleware/AddQueuedCookiesToResponse.php(37): Illuminate\\Routing\\Pipeline->Illuminate\\Routing\\{closure}(Object(Illuminate\\Http\\Request))
#24 /var/www/html/dainikShahtha/vendor/laravel/framework/src/Illuminate/Pipeline/Pipeline.php(163): Illuminate\\Cookie\\Middleware\\AddQueuedCookiesToResponse->handle(Object(Illuminate\\Http\\Request), Object(Closure))
#25 /var/www/html/dainikShahtha/vendor/laravel/framework/src/Illuminate/Routing/Pipeline.php(53): Illuminate\\Pipeline\\Pipeline->Illuminate\\Pipeline\\{closure}(Object(Illuminate\\Http\\Request))
#26 /var/www/html/dainikShahtha/vendor/laravel/framework/src/Illuminate/Cookie/Middleware/EncryptCookies.php(66): Illuminate\\Routing\\Pipeline->Illuminate\\Routing\\{closure}(Object(Illuminate\\Http\\Request))
#27 /var/www/html/dainikShahtha/vendor/laravel/framework/src/Illuminate/Pipeline/Pipeline.php(163): Illuminate\\Cookie\\Middleware\\EncryptCookies->handle(Object(Illuminate\\Http\\Request), Object(Closure))
#28 /var/www/html/dainikShahtha/vendor/laravel/framework/src/Illuminate/Routing/Pipeline.php(53): Illuminate\\Pipeline\\Pipeline->Illuminate\\Pipeline\\{closure}(Object(Illuminate\\Http\\Request))
#29 /var/www/html/dainikShahtha/vendor/laravel/framework/src/Illuminate/Pipeline/Pipeline.php(104): Illuminate\\Routing\\Pipeline->Illuminate\\Routing\\{closure}(Object(Illuminate\\Http\\Request))
#30 /var/www/html/dainikShahtha/vendor/laravel/framework/src/Illuminate/Routing/Router.php(684): Illuminate\\Pipeline\\Pipeline->then(Object(Closure))
#31 /var/www/html/dainikShahtha/vendor/laravel/framework/src/Illuminate/Routing/Router.php(659): Illuminate\\Routing\\Router->runRouteWithinStack(Object(Illuminate\\Routing\\Route), Object(Illuminate\\Http\\Request))
#32 /var/www/html/dainikShahtha/vendor/laravel/framework/src/Illuminate/Routing/Router.php(625): Illuminate\\Routing\\Router->runRoute(Object(Illuminate\\Http\\Request), Object(Illuminate\\Routing\\Route))
#33 /var/www/html/dainikShahtha/vendor/laravel/framework/src/Illuminate/Routing/Router.php(614): Illuminate\\Routing\\Router->dispatchToRoute(Object(Illuminate\\Http\\Request))
#34 /var/www/html/dainikShahtha/vendor/laravel/framework/src/Illuminate/Foundation/Http/Kernel.php(176): Illuminate\\Routing\\Router->dispatch(Object(Illuminate\\Http\\Request))
#35 /var/www/html/dainikShahtha/vendor/laravel/framework/src/Illuminate/Routing/Pipeline.php(30): Illuminate\\Foundation\\Http\\Kernel->Illuminate\\Foundation\\Http\\{closure}(Object(Illuminate\\Http\\Request))
#36 /var/www/html/dainikShahtha/vendor/barryvdh/laravel-debugbar/src/Middleware/InjectDebugbar.php(58): Illuminate\\Routing\\Pipeline->Illuminate\\Routing\\{closure}(Object(Illuminate\\Http\\Request))
#37 /var/www/html/dainikShahtha/vendor/laravel/framework/src/Illuminate/Pipeline/Pipeline.php(163): Barryvdh\\Debugbar\\Middleware\\InjectDebugbar->handle(Object(Illuminate\\Http\\Request), Object(Closure))
#38 /var/www/html/dainikShahtha/vendor/laravel/framework/src/Illuminate/Routing/Pipeline.php(53): Illuminate\\Pipeline\\Pipeline->Illuminate\\Pipeline\\{closure}(Object(Illuminate\\Http\\Request))
#39 /var/www/html/dainikShahtha/vendor/fideloper/proxy/src/TrustProxies.php(57): Illuminate\\Routing\\Pipeline->Illuminate\\Routing\\{closure}(Object(Illuminate\\Http\\Request))
#40 /var/www/html/dainikShahtha/vendor/laravel/framework/src/Illuminate/Pipeline/Pipeline.php(163): Fideloper\\Proxy\\TrustProxies->handle(Object(Illuminate\\Http\\Request), Object(Closure))
#41 /var/www/html/dainikShahtha/vendor/laravel/framework/src/Illuminate/Routing/Pipeline.php(53): Illuminate\\Pipeline\\Pipeline->Illuminate\\Pipeline\\{closure}(Object(Illuminate\\Http\\Request))
#42 /var/www/html/dainikShahtha/vendor/laravel/framework/src/Illuminate/Foundation/Http/Middleware/TransformsRequest.php(31): Illuminate\\Routing\\Pipeline->Illuminate\\Routing\\{closure}(Object(Illuminate\\Http\\Request))
#43 /var/www/html/dainikShahtha/vendor/laravel/framework/src/Illuminate/Pipeline/Pipeline.php(163): Illuminate\\Foundation\\Http\\Middleware\\TransformsRequest->handle(Object(Illuminate\\Http\\Request), Object(Closure))
#44 /var/www/html/dainikShahtha/vendor/laravel/framework/src/Illuminate/Routing/Pipeline.php(53): Illuminate\\Pipeline\\Pipeline->Illuminate\\Pipeline\\{closure}(Object(Illuminate\\Http\\Request))
#45 /var/www/html/dainikShahtha/vendor/laravel/framework/src/Illuminate/Foundation/Http/Middleware/TransformsRequest.php(31): Illuminate\\Routing\\Pipeline->Illuminate\\Routing\\{closure}(Object(Illuminate\\Http\\Request))
#46 /var/www/html/dainikShahtha/vendor/laravel/framework/src/Illuminate/Pipeline/Pipeline.php(163): Illuminate\\Foundation\\Http\\Middleware\\TransformsRequest->handle(Object(Illuminate\\Http\\Request), Object(Closure))
#47 /var/www/html/dainikShahtha/vendor/laravel/framework/src/Illuminate/Routing/Pipeline.php(53): Illuminate\\Pipeline\\Pipeline->Illuminate\\Pipeline\\{closure}(Object(Illuminate\\Http\\Request))
#48 /var/www/html/dainikShahtha/vendor/laravel/framework/src/Illuminate/Foundation/Http/Middleware/ValidatePostSize.php(27): Illuminate\\Routing\\Pipeline->Illuminate\\Routing\\{closure}(Object(Illuminate\\Http\\Request))
#49 /var/www/html/dainikShahtha/vendor/laravel/framework/src/Illuminate/Pipeline/Pipeline.php(163): Illuminate\\Foundation\\Http\\Middleware\\ValidatePostSize->handle(Object(Illuminate\\Http\\Request), Object(Closure))
#50 /var/www/html/dainikShahtha/vendor/laravel/framework/src/Illuminate/Routing/Pipeline.php(53): Illuminate\\Pipeline\\Pipeline->Illuminate\\Pipeline\\{closure}(Object(Illuminate\\Http\\Request))
#51 /var/www/html/dainikShahtha/vendor/laravel/framework/src/Illuminate/Foundation/Http/Middleware/CheckForMaintenanceMode.php(62): Illuminate\\Routing\\Pipeline->Illuminate\\Routing\\{closure}(Object(Illuminate\\Http\\Request))
#52 /var/www/html/dainikShahtha/vendor/laravel/framework/src/Illuminate/Pipeline/Pipeline.php(163): Illuminate\\Foundation\\Http\\Middleware\\CheckForMaintenanceMode->handle(Object(Illuminate\\Http\\Request), Object(Closure))
#53 /var/www/html/dainikShahtha/vendor/laravel/framework/src/Illuminate/Routing/Pipeline.php(53): Illuminate\\Pipeline\\Pipeline->Illuminate\\Pipeline\\{closure}(Object(Illuminate\\Http\\Request))
#54 /var/www/html/dainikShahtha/vendor/laravel/framework/src/Illuminate/Pipeline/Pipeline.php(104): Illuminate\\Routing\\Pipeline->Illuminate\\Routing\\{closure}(Object(Illuminate\\Http\\Request))
#55 /var/www/html/dainikShahtha/vendor/laravel/framework/src/Illuminate/Foundation/Http/Kernel.php(151): Illuminate\\Pipeline\\Pipeline->then(Object(Closure))
#56 /var/www/html/dainikShahtha/vendor/laravel/framework/src/Illuminate/Foundation/Http/Kernel.php(116): Illuminate\\Foundation\\Http\\Kernel->sendRequestThroughRouter(Object(Illuminate\\Http\\Request))
#57 /var/www/html/dainikShahtha/public/index.php(55): Illuminate\\Foundation\\Http\\Kernel->handle(Object(Illuminate\\Http\\Request))
#58 /var/www/html/dainikShahtha/server.php(21): require_once('/var/www/html/d...')
#59 {main}
"} 
[2026-03-26 19:28:44] local.ERROR: file_put_contents(D:\Personal Projects\dainikShahtha\storage\framework\views/cca79836c9896ead3693bf5fb5fe5762ba905db1.php): failed to open stream: No such file or directory {"exception":"[object] (ErrorException(code: 0): file_put_contents(D:\\Personal Projects\\dainikShahtha\\storage\\framework\\views/cca79836c9896ead3693bf5fb5fe5762ba905db1.php): failed to open stream: No such file or directory at /var/www/html/dainikShahtha/vendor/laravel/framework/src/Illuminate/Filesystem/Filesystem.php:122)
[stacktrace]
#0 [internal function]: Illuminate\\Foundation\\Bootstrap\\HandleExceptions->handleError(2, 'file_put_conten...', '/var/www/html/d...', 122, Array)
#1 /var/www/html/dainikShahtha/vendor/laravel/framework/src/Illuminate/Filesystem/Filesystem.php(122): file_put_contents('D:\\\\Personal Pro...', '<?php $__env->s...', 0)
#2 /var/www/html/dainikShahtha/vendor/laravel/framework/src/Illuminate/View/Compilers/BladeCompiler.php(122): Illuminate\\Filesystem\\Filesystem->put('D:\\\\Personal Pro...', '<?php $__env->s...')
#3 /var/www/html/dainikShahtha/vendor/laravel/framework/src/Illuminate/View/Engines/CompilerEngine.php(51): Illuminate\\View\\Compilers\\BladeCompiler->compile('/var/www/html/d...')
#4 /var/www/html/dainikShahtha/vendor/laravel/framework/src/Illuminate/View/View.php(142): Illuminate\\View\\Engines\\CompilerEngine->get('/var/www/html/d...', Array)
#5 /var/www/html/dainikShahtha/vendor/laravel/framework/src/Illuminate/View/View.php(125): Illuminate\\View\\View->getContents()
#6 /var/www/html/dainikShahtha/vendor/laravel/framework/src/Illuminate/View/View.php(90): Illuminate\\View\\View->renderContents()
#7 /var/www/html/dainikShahtha/vendor/laravel/framework/src/Illuminate/Http/Response.php(42): Illuminate\\View\\View->render()
#8 /var/www/html/dainikShahtha/vendor/symfony/http-foundation/Response.php(205): Illuminate\\Http\\Response->setContent(Object(Illuminate\\View\\View))
#9 /var/www/html/dainikShahtha/vendor/laravel/framework/src/Illuminate/Routing/ResponseFactory.php(55): Symfony\\Component\\HttpFoundation\\Response->__construct(Object(Illuminate\\View\\View), 500, Array)
#10 /var/www/html/dainikShahtha/vendor/laravel/framework/src/Illuminate/Routing/ResponseFactory.php(81): Illuminate\\Routing\\ResponseFactory->make(Object(Illuminate\\View\\View), 500, Array)
#11 /var/www/html/dainikShahtha/vendor/laravel/framework/src/Illuminate/Foundation/Exceptions/Handler.php(380): Illuminate\\Routing\\ResponseFactory->view('errors::500', Array, 500, Array)
#12 /var/www/html/dainikShahtha/vendor/laravel/framework/src/Illuminate/Foundation/Exceptions/Handler.php(289): Illuminate\\Foundation\\Exceptions\\Handler->renderHttpException(Object(Symfony\\Component\\HttpKernel\\Exception\\HttpException))
#13 /var/www/html/dainikShahtha/vendor/laravel/framework/src/Illuminate/Foundation/Exceptions/Handler.php(188): Illuminate\\Foundation\\Exceptions\\Handler->prepareResponse(Object(Illuminate\\Http\\Request), Object(Symfony\\Component\\HttpKernel\\Exception\\HttpException))
#14 /var/www/html/dainikShahtha/app/Exceptions/Handler.php(49): Illuminate\\Foundation\\Exceptions\\Handler->render(Object(Illuminate\\Http\\Request), Object(ErrorException))
#15 /var/www/html/dainikShahtha/vendor/laravel/framework/src/Illuminate/Routing/Pipeline.php(83): App\\Exceptions\\Handler->render(Object(Illuminate\\Http\\Request), Object(ErrorException))
#16 /var/www/html/dainikShahtha/vendor/laravel/framework/src/Illuminate/Routing/Pipeline.php(55): Illuminate\\Routing\\Pipeline->handleException(Object(Illuminate\\Http\\Request), Object(ErrorException))
#17 /var/www/html/dainikShahtha/vendor/laravel/framework/src/Illuminate/Session/Middleware/StartSession.php(63): Illuminate\\Routing\\Pipeline->Illuminate\\Routing\\{closure}(Object(Illuminate\\Http\\Request))
#18 /var/www/html/dainikShahtha/vendor/laravel/framework/src/Illuminate/Pipeline/Pipeline.php(163): Illuminate\\Session\\Middleware\\StartSession->handle(Object(Illuminate\\Http\\Request), Object(Closure))
#19 /var/www/html/dainikShahtha/vendor/laravel/framework/src/Illuminate/Routing/Pipeline.php(53): Illuminate\\Pipeline\\Pipeline->Illuminate\\Pipeline\\{closure}(Object(Illuminate\\Http\\Request))
#20 /var/www/html/dainikShahtha/vendor/laravel/framework/src/Illuminate/Cookie/Middleware/AddQueuedCookiesToResponse.php(37): Illuminate\\Routing\\Pipeline->Illuminate\\Routing\\{closure}(Object(Illuminate\\Http\\Request))
#21 /var/www/html/dainikShahtha/vendor/laravel/framework/src/Illuminate/Pipeline/Pipeline.php(163): Illuminate\\Cookie\\Middleware\\AddQueuedCookiesToResponse->handle(Object(Illuminate\\Http\\Request), Object(Closure))
#22 /var/www/html/dainikShahtha/vendor/laravel/framework/src/Illuminate/Routing/Pipeline.php(53): Illuminate\\Pipeline\\Pipeline->Illuminate\\Pipeline\\{closure}(Object(Illuminate\\Http\\Request))
#23 /var/www/html/dainikShahtha/vendor/laravel/framework/src/Illuminate/Cookie/Middleware/EncryptCookies.php(66): Illuminate\\Routing\\Pipeline->Illuminate\\Routing\\{closure}(Object(Illuminate\\Http\\Request))
#24 /var/www/html/dainikShahtha/vendor/laravel/framework/src/Illuminate/Pipeline/Pipeline.php(163): Illuminate\\Cookie\\Middleware\\EncryptCookies->handle(Object(Illuminate\\Http\\Request), Object(Closure))
#25 /var/www/html/dainikShahtha/vendor/laravel/framework/src/Illuminate/Routing/Pipeline.php(53): Illuminate\\Pipeline\\Pipeline->Illuminate\\Pipeline\\{closure}(Object(Illuminate\\Http\\Request))
#26 /var/www/html/dainikShahtha/vendor/laravel/framework/src/Illuminate/Pipeline/Pipeline.php(104): Illuminate\\Routing\\Pipeline->Illuminate\\Routing\\{closure}(Object(Illuminate\\Http\\Request))
#27 /var/www/html/dainikShahtha/vendor/laravel/framework/src/Illuminate/Routing/Router.php(684): Illuminate\\Pipeline\\Pipeline->then(Object(Closure))
#28 /var/www/html/dainikShahtha/vendor/laravel/framework/src/Illuminate/Routing/Router.php(659): Illuminate\\Routing\\Router->runRouteWithinStack(Object(Illuminate\\Routing\\Route), Object(Illuminate\\Http\\Request))
#29 /var/www/html/dainikShahtha/vendor/laravel/framework/src/Illuminate/Routing/Router.php(625): Illuminate\\Routing\\Router->runRoute(Object(Illuminate\\Http\\Request), Object(Illuminate\\Routing\\Route))
#30 /var/www/html/dainikShahtha/vendor/laravel/framework/src/Illuminate/Routing/Router.php(614): Illuminate\\Routing\\Router->dispatchToRoute(Object(Illuminate\\Http\\Request))
#31 /var/www/html/dainikShahtha/vendor/laravel/framework/src/Illuminate/Foundation/Http/Kernel.php(176): Illuminate\\Routing\\Router->dispatch(Object(Illuminate\\Http\\Request))
#32 /var/www/html/dainikShahtha/vendor/laravel/framework/src/Illuminate/Routing/Pipeline.php(30): Illuminate\\Foundation\\Http\\Kernel->Illuminate\\Foundation\\Http\\{closure}(Object(Illuminate\\Http\\Request))
#33 /var/www/html/dainikShahtha/vendor/barryvdh/laravel-debugbar/src/Middleware/InjectDebugbar.php(58): Illuminate\\Routing\\Pipeline->Illuminate\\Routing\\{closure}(Object(Illuminate\\Http\\Request))
#34 /var/www/html/dainikShahtha/vendor/laravel/framework/src/Illuminate/Pipeline/Pipeline.php(163): Barryvdh\\Debugbar\\Middleware\\InjectDebugbar->handle(Object(Illuminate\\Http\\Request), Object(Closure))
#35 /var/www/html/dainikShahtha/vendor/laravel/framework/src/Illuminate/Routing/Pipeline.php(53): Illuminate\\Pipeline\\Pipeline->Illuminate\\Pipeline\\{closure}(Object(Illuminate\\Http\\Request))
#36 /var/www/html/dainikShahtha/vendor/fideloper/proxy/src/TrustProxies.php(57): Illuminate\\Routing\\Pipeline->Illuminate\\Routing\\{closure}(Object(Illuminate\\Http\\Request))
#37 /var/www/html/dainikShahtha/vendor/laravel/framework/src/Illuminate/Pipeline/Pipeline.php(163): Fideloper\\Proxy\\TrustProxies->handle(Object(Illuminate\\Http\\Request), Object(Closure))
#38 /var/www/html/dainikShahtha/vendor/laravel/framework/src/Illuminate/Routing/Pipeline.php(53): Illuminate\\Pipeline\\Pipeline->Illuminate\\Pipeline\\{closure}(Object(Illuminate\\Http\\Request))
#39 /var/www/html/dainikShahtha/vendor/laravel/framework/src/Illuminate/Foundation/Http/Middleware/TransformsRequest.php(31): Illuminate\\Routing\\Pipeline->Illuminate\\Routing\\{closure}(Object(Illuminate\\Http\\Request))
#40 /var/www/html/dainikShahtha/vendor/laravel/framework/src/Illuminate/Pipeline/Pipeline.php(163): Illuminate\\Foundation\\Http\\Middleware\\TransformsRequest->handle(Object(Illuminate\\Http\\Request), Object(Closure))
#41 /var/www/html/dainikShahtha/vendor/laravel/framework/src/Illuminate/Routing/Pipeline.php(53): Illuminate\\Pipeline\\Pipeline->Illuminate\\Pipeline\\{closure}(Object(Illuminate\\Http\\Request))
#42 /var/www/html/dainikShahtha/vendor/laravel/framework/src/Illuminate/Foundation/Http/Middleware/TransformsRequest.php(31): Illuminate\\Routing\\Pipeline->Illuminate\\Routing\\{closure}(Object(Illuminate\\Http\\Request))
#43 /var/www/html/dainikShahtha/vendor/laravel/framework/src/Illuminate/Pipeline/Pipeline.php(163): Illuminate\\Foundation\\Http\\Middleware\\TransformsRequest->handle(Object(Illuminate\\Http\\Request), Object(Closure))
#44 /var/www/html/dainikShahtha/vendor/laravel/framework/src/Illuminate/Routing/Pipeline.php(53): Illuminate\\Pipeline\\Pipeline->Illuminate\\Pipeline\\{closure}(Object(Illuminate\\Http\\Request))
#45 /var/www/html/dainikShahtha/vendor/laravel/framework/src/Illuminate/Foundation/Http/Middleware/ValidatePostSize.php(27): Illuminate\\Routing\\Pipeline->Illuminate\\Routing\\{closure}(Object(Illuminate\\Http\\Request))
#46 /var/www/html/dainikShahtha/vendor/laravel/framework/src/Illuminate/Pipeline/Pipeline.php(163): Illuminate\\Foundation\\Http\\Middleware\\ValidatePostSize->handle(Object(Illuminate\\Http\\Request), Object(Closure))
#47 /var/www/html/dainikShahtha/vendor/laravel/framework/src/Illuminate/Routing/Pipeline.php(53): Illuminate\\Pipeline\\Pipeline->Illuminate\\Pipeline\\{closure}(Object(Illuminate\\Http\\Request))
#48 /var/www/html/dainikShahtha/vendor/laravel/framework/src/Illuminate/Foundation/Http/Middleware/CheckForMaintenanceMode.php(62): Illuminate\\Routing\\Pipeline->Illuminate\\Routing\\{closure}(Object(Illuminate\\Http\\Request))
#49 /var/www/html/dainikShahtha/vendor/laravel/framework/src/Illuminate/Pipeline/Pipeline.php(163): Illuminate\\Foundation\\Http\\Middleware\\CheckForMaintenanceMode->handle(Object(Illuminate\\Http\\Request), Object(Closure))
#50 /var/www/html/dainikShahtha/vendor/laravel/framework/src/Illuminate/Routing/Pipeline.php(53): Illuminate\\Pipeline\\Pipeline->Illuminate\\Pipeline\\{closure}(Object(Illuminate\\Http\\Request))
#51 /var/www/html/dainikShahtha/vendor/laravel/framework/src/Illuminate/Pipeline/Pipeline.php(104): Illuminate\\Routing\\Pipeline->Illuminate\\Routing\\{closure}(Object(Illuminate\\Http\\Request))
#52 /var/www/html/dainikShahtha/vendor/laravel/framework/src/Illuminate/Foundation/Http/Kernel.php(151): Illuminate\\Pipeline\\Pipeline->then(Object(Closure))
#53 /var/www/html/dainikShahtha/vendor/laravel/framework/src/Illuminate/Foundation/Http/Kernel.php(116): Illuminate\\Foundation\\Http\\Kernel->sendRequestThroughRouter(Object(Illuminate\\Http\\Request))
#54 /var/www/html/dainikShahtha/public/index.php(55): Illuminate\\Foundation\\Http\\Kernel->handle(Object(Illuminate\\Http\\Request))
#55 /var/www/html/dainikShahtha/server.php(21): require_once('/var/www/html/d...')
#56 {main}
"} 
[2026-03-26 19:28:44] local.ERROR: file_put_contents(D:\Personal Projects\dainikShahtha\storage\framework\views/cca79836c9896ead3693bf5fb5fe5762ba905db1.php): failed to open stream: No such file or directory {"exception":"[object] (ErrorException(code: 0): file_put_contents(D:\\Personal Projects\\dainikShahtha\\storage\\framework\\views/cca79836c9896ead3693bf5fb5fe5762ba905db1.php): failed to open stream: No such file or directory at /var/www/html/dainikShahtha/vendor/laravel/framework/src/Illuminate/Filesystem/Filesystem.php:122)
[stacktrace]
#0 [internal function]: Illuminate\\Foundation\\Bootstrap\\HandleExceptions->handleError(2, 'file_put_conten...', '/var/www/html/d...', 122, Array)
#1 /var/www/html/dainikShahtha/vendor/laravel/framework/src/Illuminate/Filesystem/Filesystem.php(122): file_put_contents('D:\\\\Personal Pro...', '<?php $__env->s...', 0)
#2 /var/www/html/dainikShahtha/vendor/laravel/framework/src/Illuminate/View/Compilers/BladeCompiler.php(122): Illuminate\\Filesystem\\Filesystem->put('D:\\\\Personal Pro...', '<?php $__env->s...')
#3 /var/www/html/dainikShahtha/vendor/laravel/framework/src/Illuminate/View/Engines/CompilerEngine.php(51): Illuminate\\View\\Compilers\\BladeCompiler->compile('/var/www/html/d...')
#4 /var/www/html/dainikShahtha/vendor/laravel/framework/src/Illuminate/View/View.php(142): Illuminate\\View\\Engines\\CompilerEngine->get('/var/www/html/d...', Array)
#5 /var/www/html/dainikShahtha/vendor/laravel/framework/src/Illuminate/View/View.php(125): Illuminate\\View\\View->getContents()
#6 /var/www/html/dainikShahtha/vendor/laravel/framework/src/Illuminate/View/View.php(90): Illuminate\\View\\View->renderContents()
#7 /var/www/html/dainikShahtha/vendor/laravel/framework/src/Illuminate/Http/Response.php(42): Illuminate\\View\\View->render()
#8 /var/www/html/dainikShahtha/vendor/symfony/http-foundation/Response.php(205): Illuminate\\Http\\Response->setContent(Object(Illuminate\\View\\View))
#9 /var/www/html/dainikShahtha/vendor/laravel/framework/src/Illuminate/Routing/ResponseFactory.php(55): Symfony\\Component\\HttpFoundation\\Response->__construct(Object(Illuminate\\View\\View), 500, Array)
#10 /var/www/html/dainikShahtha/vendor/laravel/framework/src/Illuminate/Routing/ResponseFactory.php(81): Illuminate\\Routing\\ResponseFactory->make(Object(Illuminate\\View\\View), 500, Array)
#11 /var/www/html/dainikShahtha/vendor/laravel/framework/src/Illuminate/Foundation/Exceptions/Handler.php(380): Illuminate\\Routing\\ResponseFactory->view('errors::500', Array, 500, Array)
#12 /var/www/html/dainikShahtha/vendor/laravel/framework/src/Illuminate/Foundation/Exceptions/Handler.php(289): Illuminate\\Foundation\\Exceptions\\Handler->renderHttpException(Object(Symfony\\Component\\HttpKernel\\Exception\\HttpException))
#13 /var/www/html/dainikShahtha/vendor/laravel/framework/src/Illuminate/Foundation/Exceptions/Handler.php(188): Illuminate\\Foundation\\Exceptions\\Handler->prepareResponse(Object(Illuminate\\Http\\Request), Object(Symfony\\Component\\HttpKernel\\Exception\\HttpException))
#14 /var/www/html/dainikShahtha/app/Exceptions/Handler.php(49): Illuminate\\Foundation\\Exceptions\\Handler->render(Object(Illuminate\\Http\\Request), Object(ErrorException))
#15 /var/www/html/dainikShahtha/vendor/laravel/framework/src/Illuminate/Routing/Pipeline.php(83): App\\Exceptions\\Handler->render(Object(Illuminate\\Http\\Request), Object(ErrorException))
#16 /var/www/html/dainikShahtha/vendor/laravel/framework/src/Illuminate/Routing/Pipeline.php(55): Illuminate\\Routing\\Pipeline->handleException(Object(Illuminate\\Http\\Request), Object(ErrorException))
#17 /var/www/html/dainikShahtha/vendor/laravel/framework/src/Illuminate/Cookie/Middleware/AddQueuedCookiesToResponse.php(37): Illuminate\\Routing\\Pipeline->Illuminate\\Routing\\{closure}(Object(Illuminate\\Http\\Request))
#18 /var/www/html/dainikShahtha/vendor/laravel/framework/src/Illuminate/Pipeline/Pipeline.php(163): Illuminate\\Cookie\\Middleware\\AddQueuedCookiesToResponse->handle(Object(Illuminate\\Http\\Request), Object(Closure))
#19 /var/www/html/dainikShahtha/vendor/laravel/framework/src/Illuminate/Routing/Pipeline.php(53): Illuminate\\Pipeline\\Pipeline->Illuminate\\Pipeline\\{closure}(Object(Illuminate\\Http\\Request))
#20 /var/www/html/dainikShahtha/vendor/laravel/framework/src/Illuminate/Cookie/Middleware/EncryptCookies.php(66): Illuminate\\Routing\\Pipeline->Illuminate\\Routing\\{closure}(Object(Illuminate\\Http\\Request))
#21 /var/www/html/dainikShahtha/vendor/laravel/framework/src/Illuminate/Pipeline/Pipeline.php(163): Illuminate\\Cookie\\Middleware\\EncryptCookies->handle(Object(Illuminate\\Http\\Request), Object(Closure))
#22 /var/www/html/dainikShahtha/vendor/laravel/framework/src/Illuminate/Routing/Pipeline.php(53): Illuminate\\Pipeline\\Pipeline->Illuminate\\Pipeline\\{closure}(Object(Illuminate\\Http\\Request))
#23 /var/www/html/dainikShahtha/vendor/laravel/framework/src/Illuminate/Pipeline/Pipeline.php(104): Illuminate\\Routing\\Pipeline->Illuminate\\Routing\\{closure}(Object(Illuminate\\Http\\Request))
#24 /var/www/html/dainikShahtha/vendor/laravel/framework/src/Illuminate/Routing/Router.php(684): Illuminate\\Pipeline\\Pipeline->then(Object(Closure))
#25 /var/www/html/dainikShahtha/vendor/laravel/framework/src/Illuminate/Routing/Router.php(659): Illuminate\\Routing\\Router->runRouteWithinStack(Object(Illuminate\\Routing\\Route), Object(Illuminate\\Http\\Request))
#26 /var/www/html/dainikShahtha/vendor/laravel/framework/src/Illuminate/Routing/Router.php(625): Illuminate\\Routing\\Router->runRoute(Object(Illuminate\\Http\\Request), Object(Illuminate\\Routing\\Route))
#27 /var/www/html/dainikShahtha/vendor/laravel/framework/src/Illuminate/Routing/Router.php(614): Illuminate\\Routing\\Router->dispatchToRoute(Object(Illuminate\\Http\\Request))
#28 /var/www/html/dainikShahtha/vendor/laravel/framework/src/Illuminate/Foundation/Http/Kernel.php(176): Illuminate\\Routing\\Router->dispatch(Object(Illuminate\\Http\\Request))
#29 /var/www/html/dainikShahtha/vendor/laravel/framework/src/Illuminate/Routing/Pipeline.php(30): Illuminate\\Foundation\\Http\\Kernel->Illuminate\\Foundation\\Http\\{closure}(Object(Illuminate\\Http\\Request))
#30 /var/www/html/dainikShahtha/vendor/barryvdh/laravel-debugbar/src/Middleware/InjectDebugbar.php(58): Illuminate\\Routing\\Pipeline->Illuminate\\Routing\\{closure}(Object(Illuminate\\Http\\Request))
#31 /var/www/html/dainikShahtha/vendor/laravel/framework/src/Illuminate/Pipeline/Pipeline.php(163): Barryvdh\\Debugbar\\Middleware\\InjectDebugbar->handle(Object(Illuminate\\Http\\Request), Object(Closure))
#32 /var/www/html/dainikShahtha/vendor/laravel/framework/src/Illuminate/Routing/Pipeline.php(53): Illuminate\\Pipeline\\Pipeline->Illuminate\\Pipeline\\{closure}(Object(Illuminate\\Http\\Request))
#33 /var/www/html/dainikShahtha/vendor/fideloper/proxy/src/TrustProxies.php(57): Illuminate\\Routing\\Pipeline->Illuminate\\Routing\\{closure}(Object(Illuminate\\Http\\Request))
#34 /var/www/html/dainikShahtha/vendor/laravel/framework/src/Illuminate/Pipeline/Pipeline.php(163): Fideloper\\Proxy\\TrustProxies->handle(Object(Illuminate\\Http\\Request), Object(Closure))
#35 /var/www/html/dainikShahtha/vendor/laravel/framework/src/Illuminate/Routing/Pipeline.php(53): Illuminate\\Pipeline\\Pipeline->Illuminate\\Pipeline\\{closure}(Object(Illuminate\\Http\\Request))
#36 /var/www/html/dainikShahtha/vendor/laravel/framework/src/Illuminate/Foundation/Http/Middleware/TransformsRequest.php(31): Illuminate\\Routing\\Pipeline->Illuminate\\Routing\\{closure}(Object(Illuminate\\Http\\Request))
#37 /var/www/html/dainikShahtha/vendor/laravel/framework/src/Illuminate/Pipeline/Pipeline.php(163): Illuminate\\Foundation\\Http\\Middleware\\TransformsRequest->handle(Object(Illuminate\\Http\\Request), Object(Closure))
#38 /var/www/html/dainikShahtha/vendor/laravel/framework/src/Illuminate/Routing/Pipeline.php(53): Illuminate\\Pipeline\\Pipeline->Illuminate\\Pipeline\\{closure}(Object(Illuminate\\Http\\Request))
#39 /var/www/html/dainikShahtha/vendor/laravel/framework/src/Illuminate/Foundation/Http/Middleware/TransformsRequest.php(31): Illuminate\\Routing\\Pipeline->Illuminate\\Routing\\{closure}(Object(Illuminate\\Http\\Request))
#40 /var/www/html/dainikShahtha/vendor/laravel/framework/src/Illuminate/Pipeline/Pipeline.php(163): Illuminate\\Foundation\\Http\\Middleware\\TransformsRequest->handle(Object(Illuminate\\Http\\Request), Object(Closure))
#41 /var/www/html/dainikShahtha/vendor/laravel/framework/src/Illuminate/Routing/Pipeline.php(53): Illuminate\\Pipeline\\Pipeline->Illuminate\\Pipeline\\{closure}(Object(Illuminate\\Http\\Request))
#42 /var/www/html/dainikShahtha/vendor/laravel/framework/src/Illuminate/Foundation/Http/Middleware/ValidatePostSize.php(27): Illuminate\\Routing\\Pipeline->Illuminate\\Routing\\{closure}(Object(Illuminate\\Http\\Request))
#43 /var/www/html/dainikShahtha/vendor/laravel/framework/src/Illuminate/Pipeline/Pipeline.php(163): Illuminate\\Foundation\\Http\\Middleware\\ValidatePostSize->handle(Object(Illuminate\\Http\\Request), Object(Closure))
#44 /var/www/html/dainikShahtha/vendor/laravel/framework/src/Illuminate/Routing/Pipeline.php(53): Illuminate\\Pipeline\\Pipeline->Illuminate\\Pipeline\\{closure}(Object(Illuminate\\Http\\Request))
#45 /var/www/html/dainikShahtha/vendor/laravel/framework/src/Illuminate/Foundation/Http/Middleware/CheckForMaintenanceMode.php(62): Illuminate\\Routing\\Pipeline->Illuminate\\Routing\\{closure}(Object(Illuminate\\Http\\Request))
#46 /var/www/html/dainikShahtha/vendor/laravel/framework/src/Illuminate/Pipeline/Pipeline.php(163): Illuminate\\Foundation\\Http\\Middleware\\CheckForMaintenanceMode->handle(Object(Illuminate\\Http\\Request), Object(Closure))
#47 /var/www/html/dainikShahtha/vendor/laravel/framework/src/Illuminate/Routing/Pipeline.php(53): Illuminate\\Pipeline\\Pipeline->Illuminate\\Pipeline\\{closure}(Object(Illuminate\\Http\\Request))
#48 /var/www/html/dainikShahtha/vendor/laravel/framework/src/Illuminate/Pipeline/Pipeline.php(104): Illuminate\\Routing\\Pipeline->Illuminate\\Routing\\{closure}(Object(Illuminate\\Http\\Request))
#49 /var/www/html/dainikShahtha/vendor/laravel/framework/src/Illuminate/Foundation/Http/Kernel.php(151): Illuminate\\Pipeline\\Pipeline->then(Object(Closure))
#50 /var/www/html/dainikShahtha/vendor/laravel/framework/src/Illuminate/Foundation/Http/Kernel.php(116): Illuminate\\Foundation\\Http\\Kernel->sendRequestThroughRouter(Object(Illuminate\\Http\\Request))
#51 /var/www/html/dainikShahtha/public/index.php(55): Illuminate\\Foundation\\Http\\Kernel->handle(Object(Illuminate\\Http\\Request))
#52 /var/www/html/dainikShahtha/server.php(21): require_once('/var/www/html/d...')
#53 {main}
"} 
[2026-03-26 19:28:44] local.ERROR: file_put_contents(D:\Personal Projects\dainikShahtha\storage\framework\views/cca79836c9896ead3693bf5fb5fe5762ba905db1.php): failed to open stream: No such file or directory {"exception":"[object] (ErrorException(code: 0): file_put_contents(D:\\Personal Projects\\dainikShahtha\\storage\\framework\\views/cca79836c9896ead3693bf5fb5fe5762ba905db1.php): failed to open stream: No such file or directory at /var/www/html/dainikShahtha/vendor/laravel/framework/src/Illuminate/Filesystem/Filesystem.php:122)
[stacktrace]
#0 [internal function]: Illuminate\\Foundation\\Bootstrap\\HandleExceptions->handleError(2, 'file_put_conten...', '/var/www/html/d...', 122, Array)
#1 /var/www/html/dainikShahtha/vendor/laravel/framework/src/Illuminate/Filesystem/Filesystem.php(122): file_put_contents('D:\\\\Personal Pro...', '<?php $__env->s...', 0)
#2 /var/www/html/dainikShahtha/vendor/laravel/framework/src/Illuminate/View/Compilers/BladeCompiler.php(122): Illuminate\\Filesystem\\Filesystem->put('D:\\\\Personal Pro...', '<?php $__env->s...')
#3 /var/www/html/dainikShahtha/vendor/laravel/framework/src/Illuminate/View/Engines/CompilerEngine.php(51): Illuminate\\View\\Compilers\\BladeCompiler->compile('/var/www/html/d...')
#4 /var/www/html/dainikShahtha/vendor/laravel/framework/src/Illuminate/View/View.php(142): Illuminate\\View\\Engines\\CompilerEngine->get('/var/www/html/d...', Array)
#5 /var/www/html/dainikShahtha/vendor/laravel/framework/src/Illuminate/View/View.php(125): Illuminate\\View\\View->getContents()
#6 /var/www/html/dainikShahtha/vendor/laravel/framework/src/Illuminate/View/View.php(90): Illuminate\\View\\View->renderContents()
#7 /var/www/html/dainikShahtha/vendor/laravel/framework/src/Illuminate/Http/Response.php(42): Illuminate\\View\\View->render()
#8 /var/www/html/dainikShahtha/vendor/symfony/http-foundation/Response.php(205): Illuminate\\Http\\Response->setContent(Object(Illuminate\\View\\View))
#9 /var/www/html/dainikShahtha/vendor/laravel/framework/src/Illuminate/Routing/ResponseFactory.php(55): Symfony\\Component\\HttpFoundation\\Response->__construct(Object(Illuminate\\View\\View), 500, Array)
#10 /var/www/html/dainikShahtha/vendor/laravel/framework/src/Illuminate/Routing/ResponseFactory.php(81): Illuminate\\Routing\\ResponseFactory->make(Object(Illuminate\\View\\View), 500, Array)
#11 /var/www/html/dainikShahtha/vendor/laravel/framework/src/Illuminate/Foundation/Exceptions/Handler.php(380): Illuminate\\Routing\\ResponseFactory->view('errors::500', Array, 500, Array)
#12 /var/www/html/dainikShahtha/vendor/laravel/framework/src/Illuminate/Foundation/Exceptions/Handler.php(289): Illuminate\\Foundation\\Exceptions\\Handler->renderHttpException(Object(Symfony\\Component\\HttpKernel\\Exception\\HttpException))
#13 /var/www/html/dainikShahtha/vendor/laravel/framework/src/Illuminate/Foundation/Exceptions/Handler.php(188): Illuminate\\Foundation\\Exceptions\\Handler->prepareResponse(Object(Illuminate\\Http\\Request), Object(Symfony\\Component\\HttpKernel\\Exception\\HttpException))
#14 /var/www/html/dainikShahtha/app/Exceptions/Handler.php(49): Illuminate\\Foundation\\Exceptions\\Handler->render(Object(Illuminate\\Http\\Request), Object(ErrorException))
#15 /var/www/html/dainikShahtha/vendor/laravel/framework/src/Illuminate/Routing/Pipeline.php(83): App\\Exceptions\\Handler->render(Object(Illuminate\\Http\\Request), Object(ErrorException))
#16 /var/www/html/dainikShahtha/vendor/laravel/framework/src/Illuminate/Routing/Pipeline.php(55): Illuminate\\Routing\\Pipeline->handleException(Object(Illuminate\\Http\\Request), Object(ErrorException))
#17 /var/www/html/dainikShahtha/vendor/laravel/framework/src/Illuminate/Cookie/Middleware/EncryptCookies.php(66): Illuminate\\Routing\\Pipeline->Illuminate\\Routing\\{closure}(Object(Illuminate\\Http\\Request))
#18 /var/www/html/dainikShahtha/vendor/laravel/framework/src/Illuminate/Pipeline/Pipeline.php(163): Illuminate\\Cookie\\Middleware\\EncryptCookies->handle(Object(Illuminate\\Http\\Request), Object(Closure))
#19 /var/www/html/dainikShahtha/vendor/laravel/framework/src/Illuminate/Routing/Pipeline.php(53): Illuminate\\Pipeline\\Pipeline->Illuminate\\Pipeline\\{closure}(Object(Illuminate\\Http\\Request))
#20 /var/www/html/dainikShahtha/vendor/laravel/framework/src/Illuminate/Pipeline/Pipeline.php(104): Illuminate\\Routing\\Pipeline->Illuminate\\Routing\\{closure}(Object(Illuminate\\Http\\Request))
#21 /var/www/html/dainikShahtha/vendor/laravel/framework/src/Illuminate/Routing/Router.php(684): Illuminate\\Pipeline\\Pipeline->then(Object(Closure))
#22 /var/www/html/dainikShahtha/vendor/laravel/framework/src/Illuminate/Routing/Router.php(659): Illuminate\\Routing\\Router->runRouteWithinStack(Object(Illuminate\\Routing\\Route), Object(Illuminate\\Http\\Request))
#23 /var/www/html/dainikShahtha/vendor/laravel/framework/src/Illuminate/Routing/Router.php(625): Illuminate\\Routing\\Router->runRoute(Object(Illuminate\\Http\\Request), Object(Illuminate\\Routing\\Route))
#24 /var/www/html/dainikShahtha/vendor/laravel/framework/src/Illuminate/Routing/Router.php(614): Illuminate\\Routing\\Router->dispatchToRoute(Object(Illuminate\\Http\\Request))
#25 /var/www/html/dainikShahtha/vendor/laravel/framework/src/Illuminate/Foundation/Http/Kernel.php(176): Illuminate\\Routing\\Router->dispatch(Object(Illuminate\\Http\\Request))
#26 /var/www/html/dainikShahtha/vendor/laravel/framework/src/Illuminate/Routing/Pipeline.php(30): Illuminate\\Foundation\\Http\\Kernel->Illuminate\\Foundation\\Http\\{closure}(Object(Illuminate\\Http\\Request))
#27 /var/www/html/dainikShahtha/vendor/barryvdh/laravel-debugbar/src/Middleware/InjectDebugbar.php(58): Illuminate\\Routing\\Pipeline->Illuminate\\Routing\\{closure}(Object(Illuminate\\Http\\Request))
#28 /var/www/html/dainikShahtha/vendor/laravel/framework/src/Illuminate/Pipeline/Pipeline.php(163): Barryvdh\\Debugbar\\Middleware\\InjectDebugbar->handle(Object(Illuminate\\Http\\Request), Object(Closure))
#29 /var/www/html/dainikShahtha/vendor/laravel/framework/src/Illuminate/Routing/Pipeline.php(53): Illuminate\\Pipeline\\Pipeline->Illuminate\\Pipeline\\{closure}(Object(Illuminate\\Http\\Request))
#30 /var/www/html/dainikShahtha/vendor/fideloper/proxy/src/TrustProxies.php(57): Illuminate\\Routing\\Pipeline->Illuminate\\Routing\\{closure}(Object(Illuminate\\Http\\Request))
#31 /var/www/html/dainikShahtha/vendor/laravel/framework/src/Illuminate/Pipeline/Pipeline.php(163): Fideloper\\Proxy\\TrustProxies->handle(Object(Illuminate\\Http\\Request), Object(Closure))
#32 /var/www/html/dainikShahtha/vendor/laravel/framework/src/Illuminate/Routing/Pipeline.php(53): Illuminate\\Pipeline\\Pipeline->Illuminate\\Pipeline\\{closure}(Object(Illuminate\\Http\\Request))
#33 /var/www/html/dainikShahtha/vendor/laravel/framework/src/Illuminate/Foundation/Http/Middleware/TransformsRequest.php(31): Illuminate\\Routing\\Pipeline->Illuminate\\Routing\\{closure}(Object(Illuminate\\Http\\Request))
#34 /var/www/html/dainikShahtha/vendor/laravel/framework/src/Illuminate/Pipeline/Pipeline.php(163): Illuminate\\Foundation\\Http\\Middleware\\TransformsRequest->handle(Object(Illuminate\\Http\\Request), Object(Closure))
#35 /var/www/html/dainikShahtha/vendor/laravel/framework/src/Illuminate/Routing/Pipeline.php(53): Illuminate\\Pipeline\\Pipeline->Illuminate\\Pipeline\\{closure}(Object(Illuminate\\Http\\Request))
#36 /var/www/html/dainikShahtha/vendor/laravel/framework/src/Illuminate/Foundation/Http/Middleware/TransformsRequest.php(31): Illuminate\\Routing\\Pipeline->Illuminate\\Routing\\{closure}(Object(Illuminate\\Http\\Request))
#37 /var/www/html/dainikShahtha/vendor/laravel/framework/src/Illuminate/Pipeline/Pipeline.php(163): Illuminate\\Foundation\\Http\\Middleware\\TransformsRequest->handle(Object(Illuminate\\Http\\Request), Object(Closure))
#38 /var/www/html/dainikShahtha/vendor/laravel/framework/src/Illuminate/Routing/Pipeline.php(53): Illuminate\\Pipeline\\Pipeline->Illuminate\\Pipeline\\{closure}(Object(Illuminate\\Http\\Request))
#39 /var/www/html/dainikShahtha/vendor/laravel/framework/src/Illuminate/Foundation/Http/Middleware/ValidatePostSize.php(27): Illuminate\\Routing\\Pipeline->Illuminate\\Routing\\{closure}(Object(Illuminate\\Http\\Request))
#40 /var/www/html/dainikShahtha/vendor/laravel/framework/src/Illuminate/Pipeline/Pipeline.php(163): Illuminate\\Foundation\\Http\\Middleware\\ValidatePostSize->handle(Object(Illuminate\\Http\\Request), Object(Closure))
#41 /var/www/html/dainikShahtha/vendor/laravel/framework/src/Illuminate/Routing/Pipeline.php(53): Illuminate\\Pipeline\\Pipeline->Illuminate\\Pipeline\\{closure}(Object(Illuminate\\Http\\Request))
#42 /var/www/html/dainikShahtha/vendor/laravel/framework/src/Illuminate/Foundation/Http/Middleware/CheckForMaintenanceMode.php(62): Illuminate\\Routing\\Pipeline->Illuminate\\Routing\\{closure}(Object(Illuminate\\Http\\Request))
#43 /var/www/html/dainikShahtha/vendor/laravel/framework/src/Illuminate/Pipeline/Pipeline.php(163): Illuminate\\Foundation\\Http\\Middleware\\CheckForMaintenanceMode->handle(Object(Illuminate\\Http\\Request), Object(Closure))
#44 /var/www/html/dainikShahtha/vendor/laravel/framework/src/Illuminate/Routing/Pipeline.php(53): Illuminate\\Pipeline\\Pipeline->Illuminate\\Pipeline\\{closure}(Object(Illuminate\\Http\\Request))
#45 /var/www/html/dainikShahtha/vendor/laravel/framework/src/Illuminate/Pipeline/Pipeline.php(104): Illuminate\\Routing\\Pipeline->Illuminate\\Routing\\{closure}(Object(Illuminate\\Http\\Request))
#46 /var/www/html/dainikShahtha/vendor/laravel/framework/src/Illuminate/Foundation/Http/Kernel.php(151): Illuminate\\Pipeline\\Pipeline->then(Object(Closure))
#47 /var/www/html/dainikShahtha/vendor/laravel/framework/src/Illuminate/Foundation/Http/Kernel.php(116): Illuminate\\Foundation\\Http\\Kernel->sendRequestThroughRouter(Object(Illuminate\\Http\\Request))
#48 /var/www/html/dainikShahtha/public/index.php(55): Illuminate\\Foundation\\Http\\Kernel->handle(Object(Illuminate\\Http\\Request))
#49 /var/www/html/dainikShahtha/server.php(21): require_once('/var/www/html/d...')
#50 {main}
"} 
[2026-03-26 19:28:44] local.ERROR: file_put_contents(D:\Personal Projects\dainikShahtha\storage\framework\views/cca79836c9896ead3693bf5fb5fe5762ba905db1.php): failed to open stream: No such file or directory {"exception":"[object] (ErrorException(code: 0): file_put_contents(D:\\Personal Projects\\dainikShahtha\\storage\\framework\\views/cca79836c9896ead3693bf5fb5fe5762ba905db1.php): failed to open stream: No such file or directory at /var/www/html/dainikShahtha/vendor/laravel/framework/src/Illuminate/Filesystem/Filesystem.php:122)
[stacktrace]
#0 [internal function]: Illuminate\\Foundation\\Bootstrap\\HandleExceptions->handleError(2, 'file_put_conten...', '/var/www/html/d...', 122, Array)
#1 /var/www/html/dainikShahtha/vendor/laravel/framework/src/Illuminate/Filesystem/Filesystem.php(122): file_put_contents('D:\\\\Personal Pro...', '<?php $__env->s...', 0)
#2 /var/www/html/dainikShahtha/vendor/laravel/framework/src/Illuminate/View/Compilers/BladeCompiler.php(122): Illuminate\\Filesystem\\Filesystem->put('D:\\\\Personal Pro...', '<?php $__env->s...')
#3 /var/www/html/dainikShahtha/vendor/laravel/framework/src/Illuminate/View/Engines/CompilerEngine.php(51): Illuminate\\View\\Compilers\\BladeCompiler->compile('/var/www/html/d...')
#4 /var/www/html/dainikShahtha/vendor/laravel/framework/src/Illuminate/View/View.php(142): Illuminate\\View\\Engines\\CompilerEngine->get('/var/www/html/d...', Array)
#5 /var/www/html/dainikShahtha/vendor/laravel/framework/src/Illuminate/View/View.php(125): Illuminate\\View\\View->getContents()
#6 /var/www/html/dainikShahtha/vendor/laravel/framework/src/Illuminate/View/View.php(90): Illuminate\\View\\View->renderContents()
#7 /var/www/html/dainikShahtha/vendor/laravel/framework/src/Illuminate/Http/Response.php(42): Illuminate\\View\\View->render()
#8 /var/www/html/dainikShahtha/vendor/symfony/http-foundation/Response.php(205): Illuminate\\Http\\Response->setContent(Object(Illuminate\\View\\View))
#9 /var/www/html/dainikShahtha/vendor/laravel/framework/src/Illuminate/Routing/ResponseFactory.php(55): Symfony\\Component\\HttpFoundation\\Response->__construct(Object(Illuminate\\View\\View), 500, Array)
#10 /var/www/html/dainikShahtha/vendor/laravel/framework/src/Illuminate/Routing/ResponseFactory.php(81): Illuminate\\Routing\\ResponseFactory->make(Object(Illuminate\\View\\View), 500, Array)
#11 /var/www/html/dainikShahtha/vendor/laravel/framework/src/Illuminate/Foundation/Exceptions/Handler.php(380): Illuminate\\Routing\\ResponseFactory->view('errors::500', Array, 500, Array)
#12 /var/www/html/dainikShahtha/vendor/laravel/framework/src/Illuminate/Foundation/Exceptions/Handler.php(289): Illuminate\\Foundation\\Exceptions\\Handler->renderHttpException(Object(Symfony\\Component\\HttpKernel\\Exception\\HttpException))
#13 /var/www/html/dainikShahtha/vendor/laravel/framework/src/Illuminate/Foundation/Exceptions/Handler.php(188): Illuminate\\Foundation\\Exceptions\\Handler->prepareResponse(Object(Illuminate\\Http\\Request), Object(Symfony\\Component\\HttpKernel\\Exception\\HttpException))
#14 /var/www/html/dainikShahtha/app/Exceptions/Handler.php(49): Illuminate\\Foundation\\Exceptions\\Handler->render(Object(Illuminate\\Http\\Request), Object(ErrorException))
#15 /var/www/html/dainikShahtha/vendor/laravel/framework/src/Illuminate/Routing/Pipeline.php(83): App\\Exceptions\\Handler->render(Object(Illuminate\\Http\\Request), Object(ErrorException))
#16 /var/www/html/dainikShahtha/vendor/laravel/framework/src/Illuminate/Routing/Pipeline.php(55): Illuminate\\Routing\\Pipeline->handleException(Object(Illuminate\\Http\\Request), Object(ErrorException))
#17 /var/www/html/dainikShahtha/vendor/laravel/framework/src/Illuminate/Pipeline/Pipeline.php(104): Illuminate\\Routing\\Pipeline->Illuminate\\Routing\\{closure}(Object(Illuminate\\Http\\Request))
#18 /var/www/html/dainikShahtha/vendor/laravel/framework/src/Illuminate/Routing/Router.php(684): Illuminate\\Pipeline\\Pipeline->then(Object(Closure))
#19 /var/www/html/dainikShahtha/vendor/laravel/framework/src/Illuminate/Routing/Router.php(659): Illuminate\\Routing\\Router->runRouteWithinStack(Object(Illuminate\\Routing\\Route), Object(Illuminate\\Http\\Request))
#20 /var/www/html/dainikShahtha/vendor/laravel/framework/src/Illuminate/Routing/Router.php(625): Illuminate\\Routing\\Router->runRoute(Object(Illuminate\\Http\\Request), Object(Illuminate\\Routing\\Route))
#21 /var/www/html/dainikShahtha/vendor/laravel/framework/src/Illuminate/Routing/Router.php(614): Illuminate\\Routing\\Router->dispatchToRoute(Object(Illuminate\\Http\\Request))
#22 /var/www/html/dainikShahtha/vendor/laravel/framework/src/Illuminate/Foundation/Http/Kernel.php(176): Illuminate\\Routing\\Router->dispatch(Object(Illuminate\\Http\\Request))
#23 /var/www/html/dainikShahtha/vendor/laravel/framework/src/Illuminate/Routing/Pipeline.php(30): Illuminate\\Foundation\\Http\\Kernel->Illuminate\\Foundation\\Http\\{closure}(Object(Illuminate\\Http\\Request))
#24 /var/www/html/dainikShahtha/vendor/barryvdh/laravel-debugbar/src/Middleware/InjectDebugbar.php(58): Illuminate\\Routing\\Pipeline->Illuminate\\Routing\\{closure}(Object(Illuminate\\Http\\Request))
#25 /var/www/html/dainikShahtha/vendor/laravel/framework/src/Illuminate/Pipeline/Pipeline.php(163): Barryvdh\\Debugbar\\Middleware\\InjectDebugbar->handle(Object(Illuminate\\Http\\Request), Object(Closure))
#26 /var/www/html/dainikShahtha/vendor/laravel/framework/src/Illuminate/Routing/Pipeline.php(53): Illuminate\\Pipeline\\Pipeline->Illuminate\\Pipeline\\{closure}(Object(Illuminate\\Http\\Request))
#27 /var/www/html/dainikShahtha/vendor/fideloper/proxy/src/TrustProxies.php(57): Illuminate\\Routing\\Pipeline->Illuminate\\Routing\\{closure}(Object(Illuminate\\Http\\Request))
#28 /var/www/html/dainikShahtha/vendor/laravel/framework/src/Illuminate/Pipeline/Pipeline.php(163): Fideloper\\Proxy\\TrustProxies->handle(Object(Illuminate\\Http\\Request), Object(Closure))
#29 /var/www/html/dainikShahtha/vendor/laravel/framework/src/Illuminate/Routing/Pipeline.php(53): Illuminate\\Pipeline\\Pipeline->Illuminate\\Pipeline\\{closure}(Object(Illuminate\\Http\\Request))
#30 /var/www/html/dainikShahtha/vendor/laravel/framework/src/Illuminate/Foundation/Http/Middleware/TransformsRequest.php(31): Illuminate\\Routing\\Pipeline->Illuminate\\Routing\\{closure}(Object(Illuminate\\Http\\Request))
#31 /var/www/html/dainikShahtha/vendor/laravel/framework/src/Illuminate/Pipeline/Pipeline.php(163): Illuminate\\Foundation\\Http\\Middleware\\TransformsRequest->handle(Object(Illuminate\\Http\\Request), Object(Closure))
#32 /var/www/html/dainikShahtha/vendor/laravel/framework/src/Illuminate/Routing/Pipeline.php(53): Illuminate\\Pipeline\\Pipeline->Illuminate\\Pipeline\\{closure}(Object(Illuminate\\Http\\Request))
#33 /var/www/html/dainikShahtha/vendor/laravel/framework/src/Illuminate/Foundation/Http/Middleware/TransformsRequest.php(31): Illuminate\\Routing\\Pipeline->Illuminate\\Routing\\{closure}(Object(Illuminate\\Http\\Request))
#34 /var/www/html/dainikShahtha/vendor/laravel/framework/src/Illuminate/Pipeline/Pipeline.php(163): Illuminate\\Foundation\\Http\\Middleware\\TransformsRequest->handle(Object(Illuminate\\Http\\Request), Object(Closure))
#35 /var/www/html/dainikShahtha/vendor/laravel/framework/src/Illuminate/Routing/Pipeline.php(53): Illuminate\\Pipeline\\Pipeline->Illuminate\\Pipeline\\{closure}(Object(Illuminate\\Http\\Request))
#36 /var/www/html/dainikShahtha/vendor/laravel/framework/src/Illuminate/Foundation/Http/Middleware/ValidatePostSize.php(27): Illuminate\\Routing\\Pipeline->Illuminate\\Routing\\{closure}(Object(Illuminate\\Http\\Request))
#37 /var/www/html/dainikShahtha/vendor/laravel/framework/src/Illuminate/Pipeline/Pipeline.php(163): Illuminate\\Foundation\\Http\\Middleware\\ValidatePostSize->handle(Object(Illuminate\\Http\\Request), Object(Closure))
#38 /var/www/html/dainikShahtha/vendor/laravel/framework/src/Illuminate/Routing/Pipeline.php(53): Illuminate\\Pipeline\\Pipeline->Illuminate\\Pipeline\\{closure}(Object(Illuminate\\Http\\Request))
#39 /var/www/html/dainikShahtha/vendor/laravel/framework/src/Illuminate/Foundation/Http/Middleware/CheckForMaintenanceMode.php(62): Illuminate\\Routing\\Pipeline->Illuminate\\Routing\\{closure}(Object(Illuminate\\Http\\Request))
#40 /var/www/html/dainikShahtha/vendor/laravel/framework/src/Illuminate/Pipeline/Pipeline.php(163): Illuminate\\Foundation\\Http\\Middleware\\CheckForMaintenanceMode->handle(Object(Illuminate\\Http\\Request), Object(Closure))
#41 /var/www/html/dainikShahtha/vendor/laravel/framework/src/Illuminate/Routing/Pipeline.php(53): Illuminate\\Pipeline\\Pipeline->Illuminate\\Pipeline\\{closure}(Object(Illuminate\\Http\\Request))
#42 /var/www/html/dainikShahtha/vendor/laravel/framework/src/Illuminate/Pipeline/Pipeline.php(104): Illuminate\\Routing\\Pipeline->Illuminate\\Routing\\{closure}(Object(Illuminate\\Http\\Request))
#43 /var/www/html/dainikShahtha/vendor/laravel/framework/src/Illuminate/Foundation/Http/Kernel.php(151): Illuminate\\Pipeline\\Pipeline->then(Object(Closure))
#44 /var/www/html/dainikShahtha/vendor/laravel/framework/src/Illuminate/Foundation/Http/Kernel.php(116): Illuminate\\Foundation\\Http\\Kernel->sendRequestThroughRouter(Object(Illuminate\\Http\\Request))
#45 /var/www/html/dainikShahtha/public/index.php(55): Illuminate\\Foundation\\Http\\Kernel->handle(Object(Illuminate\\Http\\Request))
#46 /var/www/html/dainikShahtha/server.php(21): require_once('/var/www/html/d...')
#47 {main}
"} 
[2026-03-26 19:28:44] local.ERROR: file_put_contents(D:\Personal Projects\dainikShahtha\storage\framework\views/cca79836c9896ead3693bf5fb5fe5762ba905db1.php): failed to open stream: No such file or directory {"exception":"[object] (ErrorException(code: 0): file_put_contents(D:\\Personal Projects\\dainikShahtha\\storage\\framework\\views/cca79836c9896ead3693bf5fb5fe5762ba905db1.php): failed to open stream: No such file or directory at /var/www/html/dainikShahtha/vendor/laravel/framework/src/Illuminate/Filesystem/Filesystem.php:122)
[stacktrace]
#0 [internal function]: Illuminate\\Foundation\\Bootstrap\\HandleExceptions->handleError(2, 'file_put_conten...', '/var/www/html/d...', 122, Array)
#1 /var/www/html/dainikShahtha/vendor/laravel/framework/src/Illuminate/Filesystem/Filesystem.php(122): file_put_contents('D:\\\\Personal Pro...', '<?php $__env->s...', 0)
#2 /var/www/html/dainikShahtha/vendor/laravel/framework/src/Illuminate/View/Compilers/BladeCompiler.php(122): Illuminate\\Filesystem\\Filesystem->put('D:\\\\Personal Pro...', '<?php $__env->s...')
#3 /var/www/html/dainikShahtha/vendor/laravel/framework/src/Illuminate/View/Engines/CompilerEngine.php(51): Illuminate\\View\\Compilers\\BladeCompiler->compile('/var/www/html/d...')
#4 /var/www/html/dainikShahtha/vendor/laravel/framework/src/Illuminate/View/View.php(142): Illuminate\\View\\Engines\\CompilerEngine->get('/var/www/html/d...', Array)
#5 /var/www/html/dainikShahtha/vendor/laravel/framework/src/Illuminate/View/View.php(125): Illuminate\\View\\View->getContents()
#6 /var/www/html/dainikShahtha/vendor/laravel/framework/src/Illuminate/View/View.php(90): Illuminate\\View\\View->renderContents()
#7 /var/www/html/dainikShahtha/vendor/laravel/framework/src/Illuminate/Http/Response.php(42): Illuminate\\View\\View->render()
#8 /var/www/html/dainikShahtha/vendor/symfony/http-foundation/Response.php(205): Illuminate\\Http\\Response->setContent(Object(Illuminate\\View\\View))
#9 /var/www/html/dainikShahtha/vendor/laravel/framework/src/Illuminate/Routing/ResponseFactory.php(55): Symfony\\Component\\HttpFoundation\\Response->__construct(Object(Illuminate\\View\\View), 500, Array)
#10 /var/www/html/dainikShahtha/vendor/laravel/framework/src/Illuminate/Routing/ResponseFactory.php(81): Illuminate\\Routing\\ResponseFactory->make(Object(Illuminate\\View\\View), 500, Array)
#11 /var/www/html/dainikShahtha/vendor/laravel/framework/src/Illuminate/Foundation/Exceptions/Handler.php(380): Illuminate\\Routing\\ResponseFactory->view('errors::500', Array, 500, Array)
#12 /var/www/html/dainikShahtha/vendor/laravel/framework/src/Illuminate/Foundation/Exceptions/Handler.php(289): Illuminate\\Foundation\\Exceptions\\Handler->renderHttpException(Object(Symfony\\Component\\HttpKernel\\Exception\\HttpException))
#13 /var/www/html/dainikShahtha/vendor/laravel/framework/src/Illuminate/Foundation/Exceptions/Handler.php(188): Illuminate\\Foundation\\Exceptions\\Handler->prepareResponse(Object(Illuminate\\Http\\Request), Object(Symfony\\Component\\HttpKernel\\Exception\\HttpException))
#14 /var/www/html/dainikShahtha/app/Exceptions/Handler.php(49): Illuminate\\Foundation\\Exceptions\\Handler->render(Object(Illuminate\\Http\\Request), Object(ErrorException))
#15 /var/www/html/dainikShahtha/vendor/laravel/framework/src/Illuminate/Routing/Pipeline.php(83): App\\Exceptions\\Handler->render(Object(Illuminate\\Http\\Request), Object(ErrorException))
#16 /var/www/html/dainikShahtha/vendor/laravel/framework/src/Illuminate/Routing/Pipeline.php(32): Illuminate\\Routing\\Pipeline->handleException(Object(Illuminate\\Http\\Request), Object(ErrorException))
#17 /var/www/html/dainikShahtha/vendor/barryvdh/laravel-debugbar/src/Middleware/InjectDebugbar.php(58): Illuminate\\Routing\\Pipeline->Illuminate\\Routing\\{closure}(Object(Illuminate\\Http\\Request))
#18 /var/www/html/dainikShahtha/vendor/laravel/framework/src/Illuminate/Pipeline/Pipeline.php(163): Barryvdh\\Debugbar\\Middleware\\InjectDebugbar->handle(Object(Illuminate\\Http\\Request), Object(Closure))
#19 /var/www/html/dainikShahtha/vendor/laravel/framework/src/Illuminate/Routing/Pipeline.php(53): Illuminate\\Pipeline\\Pipeline->Illuminate\\Pipeline\\{closure}(Object(Illuminate\\Http\\Request))
#20 /var/www/html/dainikShahtha/vendor/fideloper/proxy/src/TrustProxies.php(57): Illuminate\\Routing\\Pipeline->Illuminate\\Routing\\{closure}(Object(Illuminate\\Http\\Request))
#21 /var/www/html/dainikShahtha/vendor/laravel/framework/src/Illuminate/Pipeline/Pipeline.php(163): Fideloper\\Proxy\\TrustProxies->handle(Object(Illuminate\\Http\\Request), Object(Closure))
#22 /var/www/html/dainikShahtha/vendor/laravel/framework/src/Illuminate/Routing/Pipeline.php(53): Illuminate\\Pipeline\\Pipeline->Illuminate\\Pipeline\\{closure}(Object(Illuminate\\Http\\Request))
#23 /var/www/html/dainikShahtha/vendor/laravel/framework/src/Illuminate/Foundation/Http/Middleware/TransformsRequest.php(31): Illuminate\\Routing\\Pipeline->Illuminate\\Routing\\{closure}(Object(Illuminate\\Http\\Request))
#24 /var/www/html/dainikShahtha/vendor/laravel/framework/src/Illuminate/Pipeline/Pipeline.php(163): Illuminate\\Foundation\\Http\\Middleware\\TransformsRequest->handle(Object(Illuminate\\Http\\Request), Object(Closure))
#25 /var/www/html/dainikShahtha/vendor/laravel/framework/src/Illuminate/Routing/Pipeline.php(53): Illuminate\\Pipeline\\Pipeline->Illuminate\\Pipeline\\{closure}(Object(Illuminate\\Http\\Request))
#26 /var/www/html/dainikShahtha/vendor/laravel/framework/src/Illuminate/Foundation/Http/Middleware/TransformsRequest.php(31): Illuminate\\Routing\\Pipeline->Illuminate\\Routing\\{closure}(Object(Illuminate\\Http\\Request))
#27 /var/www/html/dainikShahtha/vendor/laravel/framework/src/Illuminate/Pipeline/Pipeline.php(163): Illuminate\\Foundation\\Http\\Middleware\\TransformsRequest->handle(Object(Illuminate\\Http\\Request), Object(Closure))
#28 /var/www/html/dainikShahtha/vendor/laravel/framework/src/Illuminate/Routing/Pipeline.php(53): Illuminate\\Pipeline\\Pipeline->Illuminate\\Pipeline\\{closure}(Object(Illuminate\\Http\\Request))
#29 /var/www/html/dainikShahtha/vendor/laravel/framework/src/Illuminate/Foundation/Http/Middleware/ValidatePostSize.php(27): Illuminate\\Routing\\Pipeline->Illuminate\\Routing\\{closure}(Object(Illuminate\\Http\\Request))
#30 /var/www/html/dainikShahtha/vendor/laravel/framework/src/Illuminate/Pipeline/Pipeline.php(163): Illuminate\\Foundation\\Http\\Middleware\\ValidatePostSize->handle(Object(Illuminate\\Http\\Request), Object(Closure))
#31 /var/www/html/dainikShahtha/vendor/laravel/framework/src/Illuminate/Routing/Pipeline.php(53): Illuminate\\Pipeline\\Pipeline->Illuminate\\Pipeline\\{closure}(Object(Illuminate\\Http\\Request))
#32 /var/www/html/dainikShahtha/vendor/laravel/framework/src/Illuminate/Foundation/Http/Middleware/CheckForMaintenanceMode.php(62): Illuminate\\Routing\\Pipeline->Illuminate\\Routing\\{closure}(Object(Illuminate\\Http\\Request))
#33 /var/www/html/dainikShahtha/vendor/laravel/framework/src/Illuminate/Pipeline/Pipeline.php(163): Illuminate\\Foundation\\Http\\Middleware\\CheckForMaintenanceMode->handle(Object(Illuminate\\Http\\Request), Object(Closure))
#34 /var/www/html/dainikShahtha/vendor/laravel/framework/src/Illuminate/Routing/Pipeline.php(53): Illuminate\\Pipeline\\Pipeline->Illuminate\\Pipeline\\{closure}(Object(Illuminate\\Http\\Request))
#35 /var/www/html/dainikShahtha/vendor/laravel/framework/src/Illuminate/Pipeline/Pipeline.php(104): Illuminate\\Routing\\Pipeline->Illuminate\\Routing\\{closure}(Object(Illuminate\\Http\\Request))
#36 /var/www/html/dainikShahtha/vendor/laravel/framework/src/Illuminate/Foundation/Http/Kernel.php(151): Illuminate\\Pipeline\\Pipeline->then(Object(Closure))
#37 /var/www/html/dainikShahtha/vendor/laravel/framework/src/Illuminate/Foundation/Http/Kernel.php(116): Illuminate\\Foundation\\Http\\Kernel->sendRequestThroughRouter(Object(Illuminate\\Http\\Request))
#38 /var/www/html/dainikShahtha/public/index.php(55): Illuminate\\Foundation\\Http\\Kernel->handle(Object(Illuminate\\Http\\Request))
#39 /var/www/html/dainikShahtha/server.php(21): require_once('/var/www/html/d...')
#40 {main}
"} 
[2026-03-26 19:28:44] local.ERROR: file_put_contents(D:\Personal Projects\dainikShahtha\storage\framework\views/cca79836c9896ead3693bf5fb5fe5762ba905db1.php): failed to open stream: No such file or directory {"exception":"[object] (ErrorException(code: 0): file_put_contents(D:\\Personal Projects\\dainikShahtha\\storage\\framework\\views/cca79836c9896ead3693bf5fb5fe5762ba905db1.php): failed to open stream: No such file or directory at /var/www/html/dainikShahtha/vendor/laravel/framework/src/Illuminate/Filesystem/Filesystem.php:122)
[stacktrace]
#0 [internal function]: Illuminate\\Foundation\\Bootstrap\\HandleExceptions->handleError(2, 'file_put_conten...', '/var/www/html/d...', 122, Array)
#1 /var/www/html/dainikShahtha/vendor/laravel/framework/src/Illuminate/Filesystem/Filesystem.php(122): file_put_contents('D:\\\\Personal Pro...', '<?php $__env->s...', 0)
#2 /var/www/html/dainikShahtha/vendor/laravel/framework/src/Illuminate/View/Compilers/BladeCompiler.php(122): Illuminate\\Filesystem\\Filesystem->put('D:\\\\Personal Pro...', '<?php $__env->s...')
#3 /var/www/html/dainikShahtha/vendor/laravel/framework/src/Illuminate/View/Engines/CompilerEngine.php(51): Illuminate\\View\\Compilers\\BladeCompiler->compile('/var/www/html/d...')
#4 /var/www/html/dainikShahtha/vendor/laravel/framework/src/Illuminate/View/View.php(142): Illuminate\\View\\Engines\\CompilerEngine->get('/var/www/html/d...', Array)
#5 /var/www/html/dainikShahtha/vendor/laravel/framework/src/Illuminate/View/View.php(125): Illuminate\\View\\View->getContents()
#6 /var/www/html/dainikShahtha/vendor/laravel/framework/src/Illuminate/View/View.php(90): Illuminate\\View\\View->renderContents()
#7 /var/www/html/dainikShahtha/vendor/laravel/framework/src/Illuminate/Http/Response.php(42): Illuminate\\View\\View->render()
#8 /var/www/html/dainikShahtha/vendor/symfony/http-foundation/Response.php(205): Illuminate\\Http\\Response->setContent(Object(Illuminate\\View\\View))
#9 /var/www/html/dainikShahtha/vendor/laravel/framework/src/Illuminate/Routing/ResponseFactory.php(55): Symfony\\Component\\HttpFoundation\\Response->__construct(Object(Illuminate\\View\\View), 500, Array)
#10 /var/www/html/dainikShahtha/vendor/laravel/framework/src/Illuminate/Routing/ResponseFactory.php(81): Illuminate\\Routing\\ResponseFactory->make(Object(Illuminate\\View\\View), 500, Array)
#11 /var/www/html/dainikShahtha/vendor/laravel/framework/src/Illuminate/Foundation/Exceptions/Handler.php(380): Illuminate\\Routing\\ResponseFactory->view('errors::500', Array, 500, Array)
#12 /var/www/html/dainikShahtha/vendor/laravel/framework/src/Illuminate/Foundation/Exceptions/Handler.php(289): Illuminate\\Foundation\\Exceptions\\Handler->renderHttpException(Object(Symfony\\Component\\HttpKernel\\Exception\\HttpException))
#13 /var/www/html/dainikShahtha/vendor/laravel/framework/src/Illuminate/Foundation/Exceptions/Handler.php(188): Illuminate\\Foundation\\Exceptions\\Handler->prepareResponse(Object(Illuminate\\Http\\Request), Object(Symfony\\Component\\HttpKernel\\Exception\\HttpException))
#14 /var/www/html/dainikShahtha/app/Exceptions/Handler.php(49): Illuminate\\Foundation\\Exceptions\\Handler->render(Object(Illuminate\\Http\\Request), Object(ErrorException))
#15 /var/www/html/dainikShahtha/vendor/laravel/framework/src/Illuminate/Routing/Pipeline.php(83): App\\Exceptions\\Handler->render(Object(Illuminate\\Http\\Request), Object(ErrorException))
#16 /var/www/html/dainikShahtha/vendor/laravel/framework/src/Illuminate/Routing/Pipeline.php(55): Illuminate\\Routing\\Pipeline->handleException(Object(Illuminate\\Http\\Request), Object(ErrorException))
#17 /var/www/html/dainikShahtha/vendor/fideloper/proxy/src/TrustProxies.php(57): Illuminate\\Routing\\Pipeline->Illuminate\\Routing\\{closure}(Object(Illuminate\\Http\\Request))
#18 /var/www/html/dainikShahtha/vendor/laravel/framework/src/Illuminate/Pipeline/Pipeline.php(163): Fideloper\\Proxy\\TrustProxies->handle(Object(Illuminate\\Http\\Request), Object(Closure))
#19 /var/www/html/dainikShahtha/vendor/laravel/framework/src/Illuminate/Routing/Pipeline.php(53): Illuminate\\Pipeline\\Pipeline->Illuminate\\Pipeline\\{closure}(Object(Illuminate\\Http\\Request))
#20 /var/www/html/dainikShahtha/vendor/laravel/framework/src/Illuminate/Foundation/Http/Middleware/TransformsRequest.php(31): Illuminate\\Routing\\Pipeline->Illuminate\\Routing\\{closure}(Object(Illuminate\\Http\\Request))
#21 /var/www/html/dainikShahtha/vendor/laravel/framework/src/Illuminate/Pipeline/Pipeline.php(163): Illuminate\\Foundation\\Http\\Middleware\\TransformsRequest->handle(Object(Illuminate\\Http\\Request), Object(Closure))
#22 /var/www/html/dainikShahtha/vendor/laravel/framework/src/Illuminate/Routing/Pipeline.php(53): Illuminate\\Pipeline\\Pipeline->Illuminate\\Pipeline\\{closure}(Object(Illuminate\\Http\\Request))
#23 /var/www/html/dainikShahtha/vendor/laravel/framework/src/Illuminate/Foundation/Http/Middleware/TransformsRequest.php(31): Illuminate\\Routing\\Pipeline->Illuminate\\Routing\\{closure}(Object(Illuminate\\Http\\Request))
#24 /var/www/html/dainikShahtha/vendor/laravel/framework/src/Illuminate/Pipeline/Pipeline.php(163): Illuminate\\Foundation\\Http\\Middleware\\TransformsRequest->handle(Object(Illuminate\\Http\\Request), Object(Closure))
#25 /var/www/html/dainikShahtha/vendor/laravel/framework/src/Illuminate/Routing/Pipeline.php(53): Illuminate\\Pipeline\\Pipeline->Illuminate\\Pipeline\\{closure}(Object(Illuminate\\Http\\Request))
#26 /var/www/html/dainikShahtha/vendor/laravel/framework/src/Illuminate/Foundation/Http/Middleware/ValidatePostSize.php(27): Illuminate\\Routing\\Pipeline->Illuminate\\Routing\\{closure}(Object(Illuminate\\Http\\Request))
#27 /var/www/html/dainikShahtha/vendor/laravel/framework/src/Illuminate/Pipeline/Pipeline.php(163): Illuminate\\Foundation\\Http\\Middleware\\ValidatePostSize->handle(Object(Illuminate\\Http\\Request), Object(Closure))
#28 /var/www/html/dainikShahtha/vendor/laravel/framework/src/Illuminate/Routing/Pipeline.php(53): Illuminate\\Pipeline\\Pipeline->Illuminate\\Pipeline\\{closure}(Object(Illuminate\\Http\\Request))
#29 /var/www/html/dainikShahtha/vendor/laravel/framework/src/Illuminate/Foundation/Http/Middleware/CheckForMaintenanceMode.php(62): Illuminate\\Routing\\Pipeline->Illuminate\\Routing\\{closure}(Object(Illuminate\\Http\\Request))
#30 /var/www/html/dainikShahtha/vendor/laravel/framework/src/Illuminate/Pipeline/Pipeline.php(163): Illuminate\\Foundation\\Http\\Middleware\\CheckForMaintenanceMode->handle(Object(Illuminate\\Http\\Request), Object(Closure))
#31 /var/www/html/dainikShahtha/vendor/laravel/framework/src/Illuminate/Routing/Pipeline.php(53): Illuminate\\Pipeline\\Pipeline->Illuminate\\Pipeline\\{closure}(Object(Illuminate\\Http\\Request))
#32 /var/www/html/dainikShahtha/vendor/laravel/framework/src/Illuminate/Pipeline/Pipeline.php(104): Illuminate\\Routing\\Pipeline->Illuminate\\Routing\\{closure}(Object(Illuminate\\Http\\Request))
#33 /var/www/html/dainikShahtha/vendor/laravel/framework/src/Illuminate/Foundation/Http/Kernel.php(151): Illuminate\\Pipeline\\Pipeline->then(Object(Closure))
#34 /var/www/html/dainikShahtha/vendor/laravel/framework/src/Illuminate/Foundation/Http/Kernel.php(116): Illuminate\\Foundation\\Http\\Kernel->sendRequestThroughRouter(Object(Illuminate\\Http\\Request))
#35 /var/www/html/dainikShahtha/public/index.php(55): Illuminate\\Foundation\\Http\\Kernel->handle(Object(Illuminate\\Http\\Request))
#36 /var/www/html/dainikShahtha/server.php(21): require_once('/var/www/html/d...')
#37 {main}
"} 
[2026-03-26 19:28:44] local.ERROR: file_put_contents(D:\Personal Projects\dainikShahtha\storage\framework\views/cca79836c9896ead3693bf5fb5fe5762ba905db1.php): failed to open stream: No such file or directory {"exception":"[object] (ErrorException(code: 0): file_put_contents(D:\\Personal Projects\\dainikShahtha\\storage\\framework\\views/cca79836c9896ead3693bf5fb5fe5762ba905db1.php): failed to open stream: No such file or directory at /var/www/html/dainikShahtha/vendor/laravel/framework/src/Illuminate/Filesystem/Filesystem.php:122)
[stacktrace]
#0 [internal function]: Illuminate\\Foundation\\Bootstrap\\HandleExceptions->handleError(2, 'file_put_conten...', '/var/www/html/d...', 122, Array)
#1 /var/www/html/dainikShahtha/vendor/laravel/framework/src/Illuminate/Filesystem/Filesystem.php(122): file_put_contents('D:\\\\Personal Pro...', '<?php $__env->s...', 0)
#2 /var/www/html/dainikShahtha/vendor/laravel/framework/src/Illuminate/View/Compilers/BladeCompiler.php(122): Illuminate\\Filesystem\\Filesystem->put('D:\\\\Personal Pro...', '<?php $__env->s...')
#3 /var/www/html/dainikShahtha/vendor/laravel/framework/src/Illuminate/View/Engines/CompilerEngine.php(51): Illuminate\\View\\Compilers\\BladeCompiler->compile('/var/www/html/d...')
#4 /var/www/html/dainikShahtha/vendor/laravel/framework/src/Illuminate/View/View.php(142): Illuminate\\View\\Engines\\CompilerEngine->get('/var/www/html/d...', Array)
#5 /var/www/html/dainikShahtha/vendor/laravel/framework/src/Illuminate/View/View.php(125): Illuminate\\View\\View->getContents()
#6 /var/www/html/dainikShahtha/vendor/laravel/framework/src/Illuminate/View/View.php(90): Illuminate\\View\\View->renderContents()
#7 /var/www/html/dainikShahtha/vendor/laravel/framework/src/Illuminate/Http/Response.php(42): Illuminate\\View\\View->render()
#8 /var/www/html/dainikShahtha/vendor/symfony/http-foundation/Response.php(205): Illuminate\\Http\\Response->setContent(Object(Illuminate\\View\\View))
#9 /var/www/html/dainikShahtha/vendor/laravel/framework/src/Illuminate/Routing/ResponseFactory.php(55): Symfony\\Component\\HttpFoundation\\Response->__construct(Object(Illuminate\\View\\View), 500, Array)
#10 /var/www/html/dainikShahtha/vendor/laravel/framework/src/Illuminate/Routing/ResponseFactory.php(81): Illuminate\\Routing\\ResponseFactory->make(Object(Illuminate\\View\\View), 500, Array)
#11 /var/www/html/dainikShahtha/vendor/laravel/framework/src/Illuminate/Foundation/Exceptions/Handler.php(380): Illuminate\\Routing\\ResponseFactory->view('errors::500', Array, 500, Array)
#12 /var/www/html/dainikShahtha/vendor/laravel/framework/src/Illuminate/Foundation/Exceptions/Handler.php(289): Illuminate\\Foundation\\Exceptions\\Handler->renderHttpException(Object(Symfony\\Component\\HttpKernel\\Exception\\HttpException))
#13 /var/www/html/dainikShahtha/vendor/laravel/framework/src/Illuminate/Foundation/Exceptions/Handler.php(188): Illuminate\\Foundation\\Exceptions\\Handler->prepareResponse(Object(Illuminate\\Http\\Request), Object(Symfony\\Component\\HttpKernel\\Exception\\HttpException))
#14 /var/www/html/dainikShahtha/app/Exceptions/Handler.php(49): Illuminate\\Foundation\\Exceptions\\Handler->render(Object(Illuminate\\Http\\Request), Object(ErrorException))
#15 /var/www/html/dainikShahtha/vendor/laravel/framework/src/Illuminate/Routing/Pipeline.php(83): App\\Exceptions\\Handler->render(Object(Illuminate\\Http\\Request), Object(ErrorException))
#16 /var/www/html/dainikShahtha/vendor/laravel/framework/src/Illuminate/Routing/Pipeline.php(55): Illuminate\\Routing\\Pipeline->handleException(Object(Illuminate\\Http\\Request), Object(ErrorException))
#17 /var/www/html/dainikShahtha/vendor/laravel/framework/src/Illuminate/Foundation/Http/Middleware/TransformsRequest.php(31): Illuminate\\Routing\\Pipeline->Illuminate\\Routing\\{closure}(Object(Illuminate\\Http\\Request))
#18 /var/www/html/dainikShahtha/vendor/laravel/framework/src/Illuminate/Pipeline/Pipeline.php(163): Illuminate\\Foundation\\Http\\Middleware\\TransformsRequest->handle(Object(Illuminate\\Http\\Request), Object(Closure))
#19 /var/www/html/dainikShahtha/vendor/laravel/framework/src/Illuminate/Routing/Pipeline.php(53): Illuminate\\Pipeline\\Pipeline->Illuminate\\Pipeline\\{closure}(Object(Illuminate\\Http\\Request))
#20 /var/www/html/dainikShahtha/vendor/laravel/framework/src/Illuminate/Foundation/Http/Middleware/TransformsRequest.php(31): Illuminate\\Routing\\Pipeline->Illuminate\\Routing\\{closure}(Object(Illuminate\\Http\\Request))
#21 /var/www/html/dainikShahtha/vendor/laravel/framework/src/Illuminate/Pipeline/Pipeline.php(163): Illuminate\\Foundation\\Http\\Middleware\\TransformsRequest->handle(Object(Illuminate\\Http\\Request), Object(Closure))
#22 /var/www/html/dainikShahtha/vendor/laravel/framework/src/Illuminate/Routing/Pipeline.php(53): Illuminate\\Pipeline\\Pipeline->Illuminate\\Pipeline\\{closure}(Object(Illuminate\\Http\\Request))
#23 /var/www/html/dainikShahtha/vendor/laravel/framework/src/Illuminate/Foundation/Http/Middleware/ValidatePostSize.php(27): Illuminate\\Routing\\Pipeline->Illuminate\\Routing\\{closure}(Object(Illuminate\\Http\\Request))
#24 /var/www/html/dainikShahtha/vendor/laravel/framework/src/Illuminate/Pipeline/Pipeline.php(163): Illuminate\\Foundation\\Http\\Middleware\\ValidatePostSize->handle(Object(Illuminate\\Http\\Request), Object(Closure))
#25 /var/www/html/dainikShahtha/vendor/laravel/framework/src/Illuminate/Routing/Pipeline.php(53): Illuminate\\Pipeline\\Pipeline->Illuminate\\Pipeline\\{closure}(Object(Illuminate\\Http\\Request))
#26 /var/www/html/dainikShahtha/vendor/laravel/framework/src/Illuminate/Foundation/Http/Middleware/CheckForMaintenanceMode.php(62): Illuminate\\Routing\\Pipeline->Illuminate\\Routing\\{closure}(Object(Illuminate\\Http\\Request))
#27 /var/www/html/dainikShahtha/vendor/laravel/framework/src/Illuminate/Pipeline/Pipeline.php(163): Illuminate\\Foundation\\Http\\Middleware\\CheckForMaintenanceMode->handle(Object(Illuminate\\Http\\Request), Object(Closure))
#28 /var/www/html/dainikShahtha/vendor/laravel/framework/src/Illuminate/Routing/Pipeline.php(53): Illuminate\\Pipeline\\Pipeline->Illuminate\\Pipeline\\{closure}(Object(Illuminate\\Http\\Request))
#29 /var/www/html/dainikShahtha/vendor/laravel/framework/src/Illuminate/Pipeline/Pipeline.php(104): Illuminate\\Routing\\Pipeline->Illuminate\\Routing\\{closure}(Object(Illuminate\\Http\\Request))
#30 /var/www/html/dainikShahtha/vendor/laravel/framework/src/Illuminate/Foundation/Http/Kernel.php(151): Illuminate\\Pipeline\\Pipeline->then(Object(Closure))
#31 /var/www/html/dainikShahtha/vendor/laravel/framework/src/Illuminate/Foundation/Http/Kernel.php(116): Illuminate\\Foundation\\Http\\Kernel->sendRequestThroughRouter(Object(Illuminate\\Http\\Request))
#32 /var/www/html/dainikShahtha/public/index.php(55): Illuminate\\Foundation\\Http\\Kernel->handle(Object(Illuminate\\Http\\Request))
#33 /var/www/html/dainikShahtha/server.php(21): require_once('/var/www/html/d...')
#34 {main}
"} 
[2026-03-26 19:28:44] local.ERROR: file_put_contents(D:\Personal Projects\dainikShahtha\storage\framework\views/cca79836c9896ead3693bf5fb5fe5762ba905db1.php): failed to open stream: No such file or directory {"exception":"[object] (ErrorException(code: 0): file_put_contents(D:\\Personal Projects\\dainikShahtha\\storage\\framework\\views/cca79836c9896ead3693bf5fb5fe5762ba905db1.php): failed to open stream: No such file or directory at /var/www/html/dainikShahtha/vendor/laravel/framework/src/Illuminate/Filesystem/Filesystem.php:122)
[stacktrace]
#0 [internal function]: Illuminate\\Foundation\\Bootstrap\\HandleExceptions->handleError(2, 'file_put_conten...', '/var/www/html/d...', 122, Array)
#1 /var/www/html/dainikShahtha/vendor/laravel/framework/src/Illuminate/Filesystem/Filesystem.php(122): file_put_contents('D:\\\\Personal Pro...', '<?php $__env->s...', 0)
#2 /var/www/html/dainikShahtha/vendor/laravel/framework/src/Illuminate/View/Compilers/BladeCompiler.php(122): Illuminate\\Filesystem\\Filesystem->put('D:\\\\Personal Pro...', '<?php $__env->s...')
#3 /var/www/html/dainikShahtha/vendor/laravel/framework/src/Illuminate/View/Engines/CompilerEngine.php(51): Illuminate\\View\\Compilers\\BladeCompiler->compile('/var/www/html/d...')
#4 /var/www/html/dainikShahtha/vendor/laravel/framework/src/Illuminate/View/View.php(142): Illuminate\\View\\Engines\\CompilerEngine->get('/var/www/html/d...', Array)
#5 /var/www/html/dainikShahtha/vendor/laravel/framework/src/Illuminate/View/View.php(125): Illuminate\\View\\View->getContents()
#6 /var/www/html/dainikShahtha/vendor/laravel/framework/src/Illuminate/View/View.php(90): Illuminate\\View\\View->renderContents()
#7 /var/www/html/dainikShahtha/vendor/laravel/framework/src/Illuminate/Http/Response.php(42): Illuminate\\View\\View->render()
#8 /var/www/html/dainikShahtha/vendor/symfony/http-foundation/Response.php(205): Illuminate\\Http\\Response->setContent(Object(Illuminate\\View\\View))
#9 /var/www/html/dainikShahtha/vendor/laravel/framework/src/Illuminate/Routing/ResponseFactory.php(55): Symfony\\Component\\HttpFoundation\\Response->__construct(Object(Illuminate\\View\\View), 500, Array)
#10 /var/www/html/dainikShahtha/vendor/laravel/framework/src/Illuminate/Routing/ResponseFactory.php(81): Illuminate\\Routing\\ResponseFactory->make(Object(Illuminate\\View\\View), 500, Array)
#11 /var/www/html/dainikShahtha/vendor/laravel/framework/src/Illuminate/Foundation/Exceptions/Handler.php(380): Illuminate\\Routing\\ResponseFactory->view('errors::500', Array, 500, Array)
#12 /var/www/html/dainikShahtha/vendor/laravel/framework/src/Illuminate/Foundation/Exceptions/Handler.php(289): Illuminate\\Foundation\\Exceptions\\Handler->renderHttpException(Object(Symfony\\Component\\HttpKernel\\Exception\\HttpException))
#13 /var/www/html/dainikShahtha/vendor/laravel/framework/src/Illuminate/Foundation/Exceptions/Handler.php(188): Illuminate\\Foundation\\Exceptions\\Handler->prepareResponse(Object(Illuminate\\Http\\Request), Object(Symfony\\Component\\HttpKernel\\Exception\\HttpException))
#14 /var/www/html/dainikShahtha/app/Exceptions/Handler.php(49): Illuminate\\Foundation\\Exceptions\\Handler->render(Object(Illuminate\\Http\\Request), Object(ErrorException))
#15 /var/www/html/dainikShahtha/vendor/laravel/framework/src/Illuminate/Routing/Pipeline.php(83): App\\Exceptions\\Handler->render(Object(Illuminate\\Http\\Request), Object(ErrorException))
#16 /var/www/html/dainikShahtha/vendor/laravel/framework/src/Illuminate/Routing/Pipeline.php(55): Illuminate\\Routing\\Pipeline->handleException(Object(Illuminate\\Http\\Request), Object(ErrorException))
#17 /var/www/html/dainikShahtha/vendor/laravel/framework/src/Illuminate/Foundation/Http/Middleware/TransformsRequest.php(31): Illuminate\\Routing\\Pipeline->Illuminate\\Routing\\{closure}(Object(Illuminate\\Http\\Request))
#18 /var/www/html/dainikShahtha/vendor/laravel/framework/src/Illuminate/Pipeline/Pipeline.php(163): Illuminate\\Foundation\\Http\\Middleware\\TransformsRequest->handle(Object(Illuminate\\Http\\Request), Object(Closure))
#19 /var/www/html/dainikShahtha/vendor/laravel/framework/src/Illuminate/Routing/Pipeline.php(53): Illuminate\\Pipeline\\Pipeline->Illuminate\\Pipeline\\{closure}(Object(Illuminate\\Http\\Request))
#20 /var/www/html/dainikShahtha/vendor/laravel/framework/src/Illuminate/Foundation/Http/Middleware/ValidatePostSize.php(27): Illuminate\\Routing\\Pipeline->Illuminate\\Routing\\{closure}(Object(Illuminate\\Http\\Request))
#21 /var/www/html/dainikShahtha/vendor/laravel/framework/src/Illuminate/Pipeline/Pipeline.php(163): Illuminate\\Foundation\\Http\\Middleware\\ValidatePostSize->handle(Object(Illuminate\\Http\\Request), Object(Closure))
#22 /var/www/html/dainikShahtha/vendor/laravel/framework/src/Illuminate/Routing/Pipeline.php(53): Illuminate\\Pipeline\\Pipeline->Illuminate\\Pipeline\\{closure}(Object(Illuminate\\Http\\Request))
#23 /var/www/html/dainikShahtha/vendor/laravel/framework/src/Illuminate/Foundation/Http/Middleware/CheckForMaintenanceMode.php(62): Illuminate\\Routing\\Pipeline->Illuminate\\Routing\\{closure}(Object(Illuminate\\Http\\Request))
#24 /var/www/html/dainikShahtha/vendor/laravel/framework/src/Illuminate/Pipeline/Pipeline.php(163): Illuminate\\Foundation\\Http\\Middleware\\CheckForMaintenanceMode->handle(Object(Illuminate\\Http\\Request), Object(Closure))
#25 /var/www/html/dainikShahtha/vendor/laravel/framework/src/Illuminate/Routing/Pipeline.php(53): Illuminate\\Pipeline\\Pipeline->Illuminate\\Pipeline\\{closure}(Object(Illuminate\\Http\\Request))
#26 /var/www/html/dainikShahtha/vendor/laravel/framework/src/Illuminate/Pipeline/Pipeline.php(104): Illuminate\\Routing\\Pipeline->Illuminate\\Routing\\{closure}(Object(Illuminate\\Http\\Request))
#27 /var/www/html/dainikShahtha/vendor/laravel/framework/src/Illuminate/Foundation/Http/Kernel.php(151): Illuminate\\Pipeline\\Pipeline->then(Object(Closure))
#28 /var/www/html/dainikShahtha/vendor/laravel/framework/src/Illuminate/Foundation/Http/Kernel.php(116): Illuminate\\Foundation\\Http\\Kernel->sendRequestThroughRouter(Object(Illuminate\\Http\\Request))
#29 /var/www/html/dainikShahtha/public/index.php(55): Illuminate\\Foundation\\Http\\Kernel->handle(Object(Illuminate\\Http\\Request))
#30 /var/www/html/dainikShahtha/server.php(21): require_once('/var/www/html/d...')
#31 {main}
"} 
[2026-03-26 19:28:44] local.ERROR: file_put_contents(D:\Personal Projects\dainikShahtha\storage\framework\views/cca79836c9896ead3693bf5fb5fe5762ba905db1.php): failed to open stream: No such file or directory {"exception":"[object] (ErrorException(code: 0): file_put_contents(D:\\Personal Projects\\dainikShahtha\\storage\\framework\\views/cca79836c9896ead3693bf5fb5fe5762ba905db1.php): failed to open stream: No such file or directory at /var/www/html/dainikShahtha/vendor/laravel/framework/src/Illuminate/Filesystem/Filesystem.php:122)
[stacktrace]
#0 [internal function]: Illuminate\\Foundation\\Bootstrap\\HandleExceptions->handleError(2, 'file_put_conten...', '/var/www/html/d...', 122, Array)
#1 /var/www/html/dainikShahtha/vendor/laravel/framework/src/Illuminate/Filesystem/Filesystem.php(122): file_put_contents('D:\\\\Personal Pro...', '<?php $__env->s...', 0)
#2 /var/www/html/dainikShahtha/vendor/laravel/framework/src/Illuminate/View/Compilers/BladeCompiler.php(122): Illuminate\\Filesystem\\Filesystem->put('D:\\\\Personal Pro...', '<?php $__env->s...')
#3 /var/www/html/dainikShahtha/vendor/laravel/framework/src/Illuminate/View/Engines/CompilerEngine.php(51): Illuminate\\View\\Compilers\\BladeCompiler->compile('/var/www/html/d...')
#4 /var/www/html/dainikShahtha/vendor/laravel/framework/src/Illuminate/View/View.php(142): Illuminate\\View\\Engines\\CompilerEngine->get('/var/www/html/d...', Array)
#5 /var/www/html/dainikShahtha/vendor/laravel/framework/src/Illuminate/View/View.php(125): Illuminate\\View\\View->getContents()
#6 /var/www/html/dainikShahtha/vendor/laravel/framework/src/Illuminate/View/View.php(90): Illuminate\\View\\View->renderContents()
#7 /var/www/html/dainikShahtha/vendor/laravel/framework/src/Illuminate/Http/Response.php(42): Illuminate\\View\\View->render()
#8 /var/www/html/dainikShahtha/vendor/symfony/http-foundation/Response.php(205): Illuminate\\Http\\Response->setContent(Object(Illuminate\\View\\View))
#9 /var/www/html/dainikShahtha/vendor/laravel/framework/src/Illuminate/Routing/ResponseFactory.php(55): Symfony\\Component\\HttpFoundation\\Response->__construct(Object(Illuminate\\View\\View), 500, Array)
#10 /var/www/html/dainikShahtha/vendor/laravel/framework/src/Illuminate/Routing/ResponseFactory.php(81): Illuminate\\Routing\\ResponseFactory->make(Object(Illuminate\\View\\View), 500, Array)
#11 /var/www/html/dainikShahtha/vendor/laravel/framework/src/Illuminate/Foundation/Exceptions/Handler.php(380): Illuminate\\Routing\\ResponseFactory->view('errors::500', Array, 500, Array)
#12 /var/www/html/dainikShahtha/vendor/laravel/framework/src/Illuminate/Foundation/Exceptions/Handler.php(289): Illuminate\\Foundation\\Exceptions\\Handler->renderHttpException(Object(Symfony\\Component\\HttpKernel\\Exception\\HttpException))
#13 /var/www/html/dainikShahtha/vendor/laravel/framework/src/Illuminate/Foundation/Exceptions/Handler.php(188): Illuminate\\Foundation\\Exceptions\\Handler->prepareResponse(Object(Illuminate\\Http\\Request), Object(Symfony\\Component\\HttpKernel\\Exception\\HttpException))
#14 /var/www/html/dainikShahtha/app/Exceptions/Handler.php(49): Illuminate\\Foundation\\Exceptions\\Handler->render(Object(Illuminate\\Http\\Request), Object(ErrorException))
#15 /var/www/html/dainikShahtha/vendor/laravel/framework/src/Illuminate/Routing/Pipeline.php(83): App\\Exceptions\\Handler->render(Object(Illuminate\\Http\\Request), Object(ErrorException))
#16 /var/www/html/dainikShahtha/vendor/laravel/framework/src/Illuminate/Routing/Pipeline.php(55): Illuminate\\Routing\\Pipeline->handleException(Object(Illuminate\\Http\\Request), Object(ErrorException))
#17 /var/www/html/dainikShahtha/vendor/laravel/framework/src/Illuminate/Foundation/Http/Middleware/ValidatePostSize.php(27): Illuminate\\Routing\\Pipeline->Illuminate\\Routing\\{closure}(Object(Illuminate\\Http\\Request))
#18 /var/www/html/dainikShahtha/vendor/laravel/framework/src/Illuminate/Pipeline/Pipeline.php(163): Illuminate\\Foundation\\Http\\Middleware\\ValidatePostSize->handle(Object(Illuminate\\Http\\Request), Object(Closure))
#19 /var/www/html/dainikShahtha/vendor/laravel/framework/src/Illuminate/Routing/Pipeline.php(53): Illuminate\\Pipeline\\Pipeline->Illuminate\\Pipeline\\{closure}(Object(Illuminate\\Http\\Request))
#20 /var/www/html/dainikShahtha/vendor/laravel/framework/src/Illuminate/Foundation/Http/Middleware/CheckForMaintenanceMode.php(62): Illuminate\\Routing\\Pipeline->Illuminate\\Routing\\{closure}(Object(Illuminate\\Http\\Request))
#21 /var/www/html/dainikShahtha/vendor/laravel/framework/src/Illuminate/Pipeline/Pipeline.php(163): Illuminate\\Foundation\\Http\\Middleware\\CheckForMaintenanceMode->handle(Object(Illuminate\\Http\\Request), Object(Closure))
#22 /var/www/html/dainikShahtha/vendor/laravel/framework/src/Illuminate/Routing/Pipeline.php(53): Illuminate\\Pipeline\\Pipeline->Illuminate\\Pipeline\\{closure}(Object(Illuminate\\Http\\Request))
#23 /var/www/html/dainikShahtha/vendor/laravel/framework/src/Illuminate/Pipeline/Pipeline.php(104): Illuminate\\Routing\\Pipeline->Illuminate\\Routing\\{closure}(Object(Illuminate\\Http\\Request))
#24 /var/www/html/dainikShahtha/vendor/laravel/framework/src/Illuminate/Foundation/Http/Kernel.php(151): Illuminate\\Pipeline\\Pipeline->then(Object(Closure))
#25 /var/www/html/dainikShahtha/vendor/laravel/framework/src/Illuminate/Foundation/Http/Kernel.php(116): Illuminate\\Foundation\\Http\\Kernel->sendRequestThroughRouter(Object(Illuminate\\Http\\Request))
#26 /var/www/html/dainikShahtha/public/index.php(55): Illuminate\\Foundation\\Http\\Kernel->handle(Object(Illuminate\\Http\\Request))
#27 /var/www/html/dainikShahtha/server.php(21): require_once('/var/www/html/d...')
#28 {main}
"} 
[2026-03-26 19:28:44] local.ERROR: file_put_contents(D:\Personal Projects\dainikShahtha\storage\framework\views/cca79836c9896ead3693bf5fb5fe5762ba905db1.php): failed to open stream: No such file or directory {"exception":"[object] (ErrorException(code: 0): file_put_contents(D:\\Personal Projects\\dainikShahtha\\storage\\framework\\views/cca79836c9896ead3693bf5fb5fe5762ba905db1.php): failed to open stream: No such file or directory at /var/www/html/dainikShahtha/vendor/laravel/framework/src/Illuminate/Filesystem/Filesystem.php:122)
[stacktrace]
#0 [internal function]: Illuminate\\Foundation\\Bootstrap\\HandleExceptions->handleError(2, 'file_put_conten...', '/var/www/html/d...', 122, Array)
#1 /var/www/html/dainikShahtha/vendor/laravel/framework/src/Illuminate/Filesystem/Filesystem.php(122): file_put_contents('D:\\\\Personal Pro...', '<?php $__env->s...', 0)
#2 /var/www/html/dainikShahtha/vendor/laravel/framework/src/Illuminate/View/Compilers/BladeCompiler.php(122): Illuminate\\Filesystem\\Filesystem->put('D:\\\\Personal Pro...', '<?php $__env->s...')
#3 /var/www/html/dainikShahtha/vendor/laravel/framework/src/Illuminate/View/Engines/CompilerEngine.php(51): Illuminate\\View\\Compilers\\BladeCompiler->compile('/var/www/html/d...')
#4 /var/www/html/dainikShahtha/vendor/laravel/framework/src/Illuminate/View/View.php(142): Illuminate\\View\\Engines\\CompilerEngine->get('/var/www/html/d...', Array)
#5 /var/www/html/dainikShahtha/vendor/laravel/framework/src/Illuminate/View/View.php(125): Illuminate\\View\\View->getContents()
#6 /var/www/html/dainikShahtha/vendor/laravel/framework/src/Illuminate/View/View.php(90): Illuminate\\View\\View->renderContents()
#7 /var/www/html/dainikShahtha/vendor/laravel/framework/src/Illuminate/Http/Response.php(42): Illuminate\\View\\View->render()
#8 /var/www/html/dainikShahtha/vendor/symfony/http-foundation/Response.php(205): Illuminate\\Http\\Response->setContent(Object(Illuminate\\View\\View))
#9 /var/www/html/dainikShahtha/vendor/laravel/framework/src/Illuminate/Routing/ResponseFactory.php(55): Symfony\\Component\\HttpFoundation\\Response->__construct(Object(Illuminate\\View\\View), 500, Array)
#10 /var/www/html/dainikShahtha/vendor/laravel/framework/src/Illuminate/Routing/ResponseFactory.php(81): Illuminate\\Routing\\ResponseFactory->make(Object(Illuminate\\View\\View), 500, Array)
#11 /var/www/html/dainikShahtha/vendor/laravel/framework/src/Illuminate/Foundation/Exceptions/Handler.php(380): Illuminate\\Routing\\ResponseFactory->view('errors::500', Array, 500, Array)
#12 /var/www/html/dainikShahtha/vendor/laravel/framework/src/Illuminate/Foundation/Exceptions/Handler.php(289): Illuminate\\Foundation\\Exceptions\\Handler->renderHttpException(Object(Symfony\\Component\\HttpKernel\\Exception\\HttpException))
#13 /var/www/html/dainikShahtha/vendor/laravel/framework/src/Illuminate/Foundation/Exceptions/Handler.php(188): Illuminate\\Foundation\\Exceptions\\Handler->prepareResponse(Object(Illuminate\\Http\\Request), Object(Symfony\\Component\\HttpKernel\\Exception\\HttpException))
#14 /var/www/html/dainikShahtha/app/Exceptions/Handler.php(49): Illuminate\\Foundation\\Exceptions\\Handler->render(Object(Illuminate\\Http\\Request), Object(ErrorException))
#15 /var/www/html/dainikShahtha/vendor/laravel/framework/src/Illuminate/Routing/Pipeline.php(83): App\\Exceptions\\Handler->render(Object(Illuminate\\Http\\Request), Object(ErrorException))
#16 /var/www/html/dainikShahtha/vendor/laravel/framework/src/Illuminate/Routing/Pipeline.php(55): Illuminate\\Routing\\Pipeline->handleException(Object(Illuminate\\Http\\Request), Object(ErrorException))
#17 /var/www/html/dainikShahtha/vendor/laravel/framework/src/Illuminate/Foundation/Http/Middleware/CheckForMaintenanceMode.php(62): Illuminate\\Routing\\Pipeline->Illuminate\\Routing\\{closure}(Object(Illuminate\\Http\\Request))
#18 /var/www/html/dainikShahtha/vendor/laravel/framework/src/Illuminate/Pipeline/Pipeline.php(163): Illuminate\\Foundation\\Http\\Middleware\\CheckForMaintenanceMode->handle(Object(Illuminate\\Http\\Request), Object(Closure))
#19 /var/www/html/dainikShahtha/vendor/laravel/framework/src/Illuminate/Routing/Pipeline.php(53): Illuminate\\Pipeline\\Pipeline->Illuminate\\Pipeline\\{closure}(Object(Illuminate\\Http\\Request))
#20 /var/www/html/dainikShahtha/vendor/laravel/framework/src/Illuminate/Pipeline/Pipeline.php(104): Illuminate\\Routing\\Pipeline->Illuminate\\Routing\\{closure}(Object(Illuminate\\Http\\Request))
#21 /var/www/html/dainikShahtha/vendor/laravel/framework/src/Illuminate/Foundation/Http/Kernel.php(151): Illuminate\\Pipeline\\Pipeline->then(Object(Closure))
#22 /var/www/html/dainikShahtha/vendor/laravel/framework/src/Illuminate/Foundation/Http/Kernel.php(116): Illuminate\\Foundation\\Http\\Kernel->sendRequestThroughRouter(Object(Illuminate\\Http\\Request))
#23 /var/www/html/dainikShahtha/public/index.php(55): Illuminate\\Foundation\\Http\\Kernel->handle(Object(Illuminate\\Http\\Request))
#24 /var/www/html/dainikShahtha/server.php(21): require_once('/var/www/html/d...')
#25 {main}
"} 
[2026-03-26 19:28:44] local.ERROR: file_put_contents(D:\Personal Projects\dainikShahtha\storage\framework\views/cca79836c9896ead3693bf5fb5fe5762ba905db1.php): failed to open stream: No such file or directory {"exception":"[object] (ErrorException(code: 0): file_put_contents(D:\\Personal Projects\\dainikShahtha\\storage\\framework\\views/cca79836c9896ead3693bf5fb5fe5762ba905db1.php): failed to open stream: No such file or directory at /var/www/html/dainikShahtha/vendor/laravel/framework/src/Illuminate/Filesystem/Filesystem.php:122)
[stacktrace]
#0 [internal function]: Illuminate\\Foundation\\Bootstrap\\HandleExceptions->handleError(2, 'file_put_conten...', '/var/www/html/d...', 122, Array)
#1 /var/www/html/dainikShahtha/vendor/laravel/framework/src/Illuminate/Filesystem/Filesystem.php(122): file_put_contents('D:\\\\Personal Pro...', '<?php $__env->s...', 0)
#2 /var/www/html/dainikShahtha/vendor/laravel/framework/src/Illuminate/View/Compilers/BladeCompiler.php(122): Illuminate\\Filesystem\\Filesystem->put('D:\\\\Personal Pro...', '<?php $__env->s...')
#3 /var/www/html/dainikShahtha/vendor/laravel/framework/src/Illuminate/View/Engines/CompilerEngine.php(51): Illuminate\\View\\Compilers\\BladeCompiler->compile('/var/www/html/d...')
#4 /var/www/html/dainikShahtha/vendor/laravel/framework/src/Illuminate/View/View.php(142): Illuminate\\View\\Engines\\CompilerEngine->get('/var/www/html/d...', Array)
#5 /var/www/html/dainikShahtha/vendor/laravel/framework/src/Illuminate/View/View.php(125): Illuminate\\View\\View->getContents()
#6 /var/www/html/dainikShahtha/vendor/laravel/framework/src/Illuminate/View/View.php(90): Illuminate\\View\\View->renderContents()
#7 /var/www/html/dainikShahtha/vendor/laravel/framework/src/Illuminate/Http/Response.php(42): Illuminate\\View\\View->render()
#8 /var/www/html/dainikShahtha/vendor/symfony/http-foundation/Response.php(205): Illuminate\\Http\\Response->setContent(Object(Illuminate\\View\\View))
#9 /var/www/html/dainikShahtha/vendor/laravel/framework/src/Illuminate/Routing/ResponseFactory.php(55): Symfony\\Component\\HttpFoundation\\Response->__construct(Object(Illuminate\\View\\View), 500, Array)
#10 /var/www/html/dainikShahtha/vendor/laravel/framework/src/Illuminate/Routing/ResponseFactory.php(81): Illuminate\\Routing\\ResponseFactory->make(Object(Illuminate\\View\\View), 500, Array)
#11 /var/www/html/dainikShahtha/vendor/laravel/framework/src/Illuminate/Foundation/Exceptions/Handler.php(380): Illuminate\\Routing\\ResponseFactory->view('errors::500', Array, 500, Array)
#12 /var/www/html/dainikShahtha/vendor/laravel/framework/src/Illuminate/Foundation/Exceptions/Handler.php(289): Illuminate\\Foundation\\Exceptions\\Handler->renderHttpException(Object(Symfony\\Component\\HttpKernel\\Exception\\HttpException))
#13 /var/www/html/dainikShahtha/vendor/laravel/framework/src/Illuminate/Foundation/Exceptions/Handler.php(188): Illuminate\\Foundation\\Exceptions\\Handler->prepareResponse(Object(Illuminate\\Http\\Request), Object(Symfony\\Component\\HttpKernel\\Exception\\HttpException))
#14 /var/www/html/dainikShahtha/app/Exceptions/Handler.php(49): Illuminate\\Foundation\\Exceptions\\Handler->render(Object(Illuminate\\Http\\Request), Object(ErrorException))
#15 /var/www/html/dainikShahtha/vendor/laravel/framework/src/Illuminate/Routing/Pipeline.php(83): App\\Exceptions\\Handler->render(Object(Illuminate\\Http\\Request), Object(ErrorException))
#16 /var/www/html/dainikShahtha/vendor/laravel/framework/src/Illuminate/Routing/Pipeline.php(55): Illuminate\\Routing\\Pipeline->handleException(Object(Illuminate\\Http\\Request), Object(ErrorException))
#17 /var/www/html/dainikShahtha/vendor/laravel/framework/src/Illuminate/Pipeline/Pipeline.php(104): Illuminate\\Routing\\Pipeline->Illuminate\\Routing\\{closure}(Object(Illuminate\\Http\\Request))
#18 /var/www/html/dainikShahtha/vendor/laravel/framework/src/Illuminate/Foundation/Http/Kernel.php(151): Illuminate\\Pipeline\\Pipeline->then(Object(Closure))
#19 /var/www/html/dainikShahtha/vendor/laravel/framework/src/Illuminate/Foundation/Http/Kernel.php(116): Illuminate\\Foundation\\Http\\Kernel->sendRequestThroughRouter(Object(Illuminate\\Http\\Request))
#20 /var/www/html/dainikShahtha/public/index.php(55): Illuminate\\Foundation\\Http\\Kernel->handle(Object(Illuminate\\Http\\Request))
#21 /var/www/html/dainikShahtha/server.php(21): require_once('/var/www/html/d...')
#22 {main}
"} 
[2026-03-26 19:28:44] local.ERROR: file_put_contents(D:\Personal Projects\dainikShahtha\storage\framework\views/cca79836c9896ead3693bf5fb5fe5762ba905db1.php): failed to open stream: No such file or directory {"exception":"[object] (ErrorException(code: 0): file_put_contents(D:\\Personal Projects\\dainikShahtha\\storage\\framework\\views/cca79836c9896ead3693bf5fb5fe5762ba905db1.php): failed to open stream: No such file or directory at /var/www/html/dainikShahtha/vendor/laravel/framework/src/Illuminate/Filesystem/Filesystem.php:122)
[stacktrace]
#0 [internal function]: Illuminate\\Foundation\\Bootstrap\\HandleExceptions->handleError(2, 'file_put_conten...', '/var/www/html/d...', 122, Array)
#1 /var/www/html/dainikShahtha/vendor/laravel/framework/src/Illuminate/Filesystem/Filesystem.php(122): file_put_contents('D:\\\\Personal Pro...', '<?php $__env->s...', 0)
#2 /var/www/html/dainikShahtha/vendor/laravel/framework/src/Illuminate/View/Compilers/BladeCompiler.php(122): Illuminate\\Filesystem\\Filesystem->put('D:\\\\Personal Pro...', '<?php $__env->s...')
#3 /var/www/html/dainikShahtha/vendor/laravel/framework/src/Illuminate/View/Engines/CompilerEngine.php(51): Illuminate\\View\\Compilers\\BladeCompiler->compile('/var/www/html/d...')
#4 /var/www/html/dainikShahtha/vendor/laravel/framework/src/Illuminate/View/View.php(142): Illuminate\\View\\Engines\\CompilerEngine->get('/var/www/html/d...', Array)
#5 /var/www/html/dainikShahtha/vendor/laravel/framework/src/Illuminate/View/View.php(125): Illuminate\\View\\View->getContents()
#6 /var/www/html/dainikShahtha/vendor/laravel/framework/src/Illuminate/View/View.php(90): Illuminate\\View\\View->renderContents()
#7 /var/www/html/dainikShahtha/vendor/laravel/framework/src/Illuminate/Http/Response.php(42): Illuminate\\View\\View->render()
#8 /var/www/html/dainikShahtha/vendor/symfony/http-foundation/Response.php(205): Illuminate\\Http\\Response->setContent(Object(Illuminate\\View\\View))
#9 /var/www/html/dainikShahtha/vendor/laravel/framework/src/Illuminate/Routing/ResponseFactory.php(55): Symfony\\Component\\HttpFoundation\\Response->__construct(Object(Illuminate\\View\\View), 500, Array)
#10 /var/www/html/dainikShahtha/vendor/laravel/framework/src/Illuminate/Routing/ResponseFactory.php(81): Illuminate\\Routing\\ResponseFactory->make(Object(Illuminate\\View\\View), 500, Array)
#11 /var/www/html/dainikShahtha/vendor/laravel/framework/src/Illuminate/Foundation/Exceptions/Handler.php(380): Illuminate\\Routing\\ResponseFactory->view('errors::500', Array, 500, Array)
#12 /var/www/html/dainikShahtha/vendor/laravel/framework/src/Illuminate/Foundation/Exceptions/Handler.php(289): Illuminate\\Foundation\\Exceptions\\Handler->renderHttpException(Object(Symfony\\Component\\HttpKernel\\Exception\\HttpException))
#13 /var/www/html/dainikShahtha/vendor/laravel/framework/src/Illuminate/Foundation/Exceptions/Handler.php(188): Illuminate\\Foundation\\Exceptions\\Handler->prepareResponse(Object(Illuminate\\Http\\Request), Object(Symfony\\Component\\HttpKernel\\Exception\\HttpException))
#14 /var/www/html/dainikShahtha/app/Exceptions/Handler.php(49): Illuminate\\Foundation\\Exceptions\\Handler->render(Object(Illuminate\\Http\\Request), Object(ErrorException))
#15 /var/www/html/dainikShahtha/vendor/laravel/framework/src/Illuminate/Foundation/Http/Kernel.php(326): App\\Exceptions\\Handler->render(Object(Illuminate\\Http\\Request), Object(ErrorException))
#16 /var/www/html/dainikShahtha/vendor/laravel/framework/src/Illuminate/Foundation/Http/Kernel.php(120): Illuminate\\Foundation\\Http\\Kernel->renderException(Object(Illuminate\\Http\\Request), Object(ErrorException))
#17 /var/www/html/dainikShahtha/public/index.php(55): Illuminate\\Foundation\\Http\\Kernel->handle(Object(Illuminate\\Http\\Request))
#18 /var/www/html/dainikShahtha/server.php(21): require_once('/var/www/html/d...')
#19 {main}
"} 
[2026-03-26 19:28:44] local.ERROR: Uncaught ErrorException: file_put_contents(D:\Personal Projects\dainikShahtha\storage\framework\views/cca79836c9896ead3693bf5fb5fe5762ba905db1.php): failed to open stream: No such file or directory in /var/www/html/dainikShahtha/vendor/laravel/framework/src/Illuminate/Filesystem/Filesystem.php:122
Stack trace:
#0 [internal function]: Illuminate\Foundation\Bootstrap\HandleExceptions->handleError(2, 'file_put_conten...', '/var/www/html/d...', 122, Array)
#1 /var/www/html/dainikShahtha/vendor/laravel/framework/src/Illuminate/Filesystem/Filesystem.php(122): file_put_contents('D:\\Personal Pro...', '<?php $__env->s...', 0)
#2 /var/www/html/dainikShahtha/vendor/laravel/framework/src/Illuminate/View/Compilers/BladeCompiler.php(122): Illuminate\Filesystem\Filesystem->put('D:\\Personal Pro...', '<?php $__env->s...')
#3 /var/www/html/dainikShahtha/vendor/laravel/framework/src/Illuminate/View/Engines/CompilerEngine.php(51): Illuminate\View\Compilers\BladeCompiler->compile('/var/www/html/d...')
#4 /var/www/html/dainikSha {"exception":"[object] (Symfony\\Component\\Debug\\Exception\\FatalErrorException(code: 1): Uncaught ErrorException: file_put_contents(D:\\Personal Projects\\dainikShahtha\\storage\\framework\\views/cca79836c9896ead3693bf5fb5fe5762ba905db1.php): failed to open stream: No such file or directory in /var/www/html/dainikShahtha/vendor/laravel/framework/src/Illuminate/Filesystem/Filesystem.php:122
Stack trace:
#0 [internal function]: Illuminate\\Foundation\\Bootstrap\\HandleExceptions->handleError(2, 'file_put_conten...', '/var/www/html/d...', 122, Array)
#1 /var/www/html/dainikShahtha/vendor/laravel/framework/src/Illuminate/Filesystem/Filesystem.php(122): file_put_contents('D:\\\\Personal Pro...', '<?php $__env->s...', 0)
#2 /var/www/html/dainikShahtha/vendor/laravel/framework/src/Illuminate/View/Compilers/BladeCompiler.php(122): Illuminate\\Filesystem\\Filesystem->put('D:\\\\Personal Pro...', '<?php $__env->s...')
#3 /var/www/html/dainikShahtha/vendor/laravel/framework/src/Illuminate/View/Engines/CompilerEngine.php(51): Illuminate\\View\\Compilers\\BladeCompiler->compile('/var/www/html/d...')
#4 /var/www/html/dainikSha at /var/www/html/dainikShahtha/vendor/laravel/framework/src/Illuminate/Filesystem/Filesystem.php:122)
[stacktrace]
#0 {main}
"} 
[2026-03-26 19:38:23] local.ERROR: SQLSTATE[HY000] [1045] Access denied for user 'root'@'localhost' (using password: NO) (SQL: select * from `set_as` where `set_as` in (lead_news_1, lead_news_2, lead_news_3) order by `set_as` asc) {"exception":"[object] (Illuminate\\Database\\QueryException(code: 1045): SQLSTATE[HY000] [1045] Access denied for user 'root'@'localhost' (using password: NO) (SQL: select * from `set_as` where `set_as` in (lead_news_1, lead_news_2, lead_news_3) order by `set_as` asc) at /var/www/html/dainikShahtha/vendor/laravel/framework/src/Illuminate/Database/Connection.php:664, PDOException(code: 1045): SQLSTATE[HY000] [1045] Access denied for user 'root'@'localhost' (using password: NO) at /var/www/html/dainikShahtha/vendor/laravel/framework/src/Illuminate/Database/Connectors/Connector.php:70)
[stacktrace]
#0 /var/www/html/dainikShahtha/vendor/laravel/framework/src/Illuminate/Database/Connection.php(624): Illuminate\\Database\\Connection->runQueryCallback('select * from `...', Array, Object(Closure))
#1 /var/www/html/dainikShahtha/vendor/laravel/framework/src/Illuminate/Database/Connection.php(333): Illuminate\\Database\\Connection->run('select * from `...', Array, Object(Closure))
#2 /var/www/html/dainikShahtha/vendor/laravel/framework/src/Illuminate/Database/Query/Builder.php(2095): Illuminate\\Database\\Connection->select('select * from `...', Array, true)
#3 /var/www/html/dainikShahtha/vendor/laravel/framework/src/Illuminate/Database/Query/Builder.php(2083): Illuminate\\Database\\Query\\Builder->runSelect()
#4 /var/www/html/dainikShahtha/vendor/laravel/framework/src/Illuminate/Database/Query/Builder.php(2569): Illuminate\\Database\\Query\\Builder->Illuminate\\Database\\Query\\{closure}()
#5 /var/www/html/dainikShahtha/vendor/laravel/framework/src/Illuminate/Database/Query/Builder.php(2084): Illuminate\\Database\\Query\\Builder->onceWithColumns(Array, Object(Closure))
#6 /var/www/html/dainikShahtha/vendor/laravel/framework/src/Illuminate/Database/Eloquent/Builder.php(519): Illuminate\\Database\\Query\\Builder->get(Array)
#7 /var/www/html/dainikShahtha/vendor/laravel/framework/src/Illuminate/Database/Eloquent/Builder.php(503): Illuminate\\Database\\Eloquent\\Builder->getModels(Array)
#8 /var/www/html/dainikShahtha/app/Http/Controllers/sksController.php(24): Illuminate\\Database\\Eloquent\\Builder->get()
#9 [internal function]: App\\Http\\Controllers\\sksController->index()
#10 /var/www/html/dainikShahtha/vendor/laravel/framework/src/Illuminate/Routing/Controller.php(54): call_user_func_array(Array, Array)
#11 /var/www/html/dainikShahtha/vendor/laravel/framework/src/Illuminate/Routing/ControllerDispatcher.php(45): Illuminate\\Routing\\Controller->callAction('index', Array)
#12 /var/www/html/dainikShahtha/vendor/laravel/framework/src/Illuminate/Routing/Route.php(219): Illuminate\\Routing\\ControllerDispatcher->dispatch(Object(Illuminate\\Routing\\Route), Object(App\\Http\\Controllers\\sksController), 'index')
#13 /var/www/html/dainikShahtha/vendor/laravel/framework/src/Illuminate/Routing/Route.php(176): Illuminate\\Routing\\Route->runController()
#14 /var/www/html/dainikShahtha/vendor/laravel/framework/src/Illuminate/Routing/Router.php(682): Illuminate\\Routing\\Route->run()
#15 /var/www/html/dainikShahtha/vendor/laravel/framework/src/Illuminate/Routing/Pipeline.php(30): Illuminate\\Routing\\Router->Illuminate\\Routing\\{closure}(Object(Illuminate\\Http\\Request))
#16 /var/www/html/dainikShahtha/vendor/laravel/framework/src/Illuminate/Routing/Middleware/SubstituteBindings.php(41): Illuminate\\Routing\\Pipeline->Illuminate\\Routing\\{closure}(Object(Illuminate\\Http\\Request))
#17 /var/www/html/dainikShahtha/vendor/laravel/framework/src/Illuminate/Pipeline/Pipeline.php(163): Illuminate\\Routing\\Middleware\\SubstituteBindings->handle(Object(Illuminate\\Http\\Request), Object(Closure))
#18 /var/www/html/dainikShahtha/vendor/laravel/framework/src/Illuminate/Routing/Pipeline.php(53): Illuminate\\Pipeline\\Pipeline->Illuminate\\Pipeline\\{closure}(Object(Illuminate\\Http\\Request))
#19 /var/www/html/dainikShahtha/vendor/laravel/framework/src/Illuminate/Foundation/Http/Middleware/VerifyCsrfToken.php(75): Illuminate\\Routing\\Pipeline->Illuminate\\Routing\\{closure}(Object(Illuminate\\Http\\Request))
#20 /var/www/html/dainikShahtha/vendor/laravel/framework/src/Illuminate/Pipeline/Pipeline.php(163): Illuminate\\Foundation\\Http\\Middleware\\VerifyCsrfToken->handle(Object(Illuminate\\Http\\Request), Object(Closure))
#21 /var/www/html/dainikShahtha/vendor/laravel/framework/src/Illuminate/Routing/Pipeline.php(53): Illuminate\\Pipeline\\Pipeline->Illuminate\\Pipeline\\{closure}(Object(Illuminate\\Http\\Request))
#22 /var/www/html/dainikShahtha/vendor/laravel/framework/src/Illuminate/View/Middleware/ShareErrorsFromSession.php(49): Illuminate\\Routing\\Pipeline->Illuminate\\Routing\\{closure}(Object(Illuminate\\Http\\Request))
#23 /var/www/html/dainikShahtha/vendor/laravel/framework/src/Illuminate/Pipeline/Pipeline.php(163): Illuminate\\View\\Middleware\\ShareErrorsFromSession->handle(Object(Illuminate\\Http\\Request), Object(Closure))
#24 /var/www/html/dainikShahtha/vendor/laravel/framework/src/Illuminate/Routing/Pipeline.php(53): Illuminate\\Pipeline\\Pipeline->Illuminate\\Pipeline\\{closure}(Object(Illuminate\\Http\\Request))
#25 /var/www/html/dainikShahtha/vendor/laravel/framework/src/Illuminate/Session/Middleware/StartSession.php(63): Illuminate\\Routing\\Pipeline->Illuminate\\Routing\\{closure}(Object(Illuminate\\Http\\Request))
#26 /var/www/html/dainikShahtha/vendor/laravel/framework/src/Illuminate/Pipeline/Pipeline.php(163): Illuminate\\Session\\Middleware\\StartSession->handle(Object(Illuminate\\Http\\Request), Object(Closure))
#27 /var/www/html/dainikShahtha/vendor/laravel/framework/src/Illuminate/Routing/Pipeline.php(53): Illuminate\\Pipeline\\Pipeline->Illuminate\\Pipeline\\{closure}(Object(Illuminate\\Http\\Request))
#28 /var/www/html/dainikShahtha/vendor/laravel/framework/src/Illuminate/Cookie/Middleware/AddQueuedCookiesToResponse.php(37): Illuminate\\Routing\\Pipeline->Illuminate\\Routing\\{closure}(Object(Illuminate\\Http\\Request))
#29 /var/www/html/dainikShahtha/vendor/laravel/framework/src/Illuminate/Pipeline/Pipeline.php(163): Illuminate\\Cookie\\Middleware\\AddQueuedCookiesToResponse->handle(Object(Illuminate\\Http\\Request), Object(Closure))
#30 /var/www/html/dainikShahtha/vendor/laravel/framework/src/Illuminate/Routing/Pipeline.php(53): Illuminate\\Pipeline\\Pipeline->Illuminate\\Pipeline\\{closure}(Object(Illuminate\\Http\\Request))
#31 /var/www/html/dainikShahtha/vendor/laravel/framework/src/Illuminate/Cookie/Middleware/EncryptCookies.php(66): Illuminate\\Routing\\Pipeline->Illuminate\\Routing\\{closure}(Object(Illuminate\\Http\\Request))
#32 /var/www/html/dainikShahtha/vendor/laravel/framework/src/Illuminate/Pipeline/Pipeline.php(163): Illuminate\\Cookie\\Middleware\\EncryptCookies->handle(Object(Illuminate\\Http\\Request), Object(Closure))
#33 /var/www/html/dainikShahtha/vendor/laravel/framework/src/Illuminate/Routing/Pipeline.php(53): Illuminate\\Pipeline\\Pipeline->Illuminate\\Pipeline\\{closure}(Object(Illuminate\\Http\\Request))
#34 /var/www/html/dainikShahtha/vendor/laravel/framework/src/Illuminate/Pipeline/Pipeline.php(104): Illuminate\\Routing\\Pipeline->Illuminate\\Routing\\{closure}(Object(Illuminate\\Http\\Request))
#35 /var/www/html/dainikShahtha/vendor/laravel/framework/src/Illuminate/Routing/Router.php(684): Illuminate\\Pipeline\\Pipeline->then(Object(Closure))
#36 /var/www/html/dainikShahtha/vendor/laravel/framework/src/Illuminate/Routing/Router.php(659): Illuminate\\Routing\\Router->runRouteWithinStack(Object(Illuminate\\Routing\\Route), Object(Illuminate\\Http\\Request))
#37 /var/www/html/dainikShahtha/vendor/laravel/framework/src/Illuminate/Routing/Router.php(625): Illuminate\\Routing\\Router->runRoute(Object(Illuminate\\Http\\Request), Object(Illuminate\\Routing\\Route))
#38 /var/www/html/dainikShahtha/vendor/laravel/framework/src/Illuminate/Routing/Router.php(614): Illuminate\\Routing\\Router->dispatchToRoute(Object(Illuminate\\Http\\Request))
#39 /var/www/html/dainikShahtha/vendor/laravel/framework/src/Illuminate/Foundation/Http/Kernel.php(176): Illuminate\\Routing\\Router->dispatch(Object(Illuminate\\Http\\Request))
#40 /var/www/html/dainikShahtha/vendor/laravel/framework/src/Illuminate/Routing/Pipeline.php(30): Illuminate\\Foundation\\Http\\Kernel->Illuminate\\Foundation\\Http\\{closure}(Object(Illuminate\\Http\\Request))
#41 /var/www/html/dainikShahtha/vendor/barryvdh/laravel-debugbar/src/Middleware/InjectDebugbar.php(58): Illuminate\\Routing\\Pipeline->Illuminate\\Routing\\{closure}(Object(Illuminate\\Http\\Request))
#42 /var/www/html/dainikShahtha/vendor/laravel/framework/src/Illuminate/Pipeline/Pipeline.php(163): Barryvdh\\Debugbar\\Middleware\\InjectDebugbar->handle(Object(Illuminate\\Http\\Request), Object(Closure))
#43 /var/www/html/dainikShahtha/vendor/laravel/framework/src/Illuminate/Routing/Pipeline.php(53): Illuminate\\Pipeline\\Pipeline->Illuminate\\Pipeline\\{closure}(Object(Illuminate\\Http\\Request))
#44 /var/www/html/dainikShahtha/vendor/fideloper/proxy/src/TrustProxies.php(57): Illuminate\\Routing\\Pipeline->Illuminate\\Routing\\{closure}(Object(Illuminate\\Http\\Request))
#45 /var/www/html/dainikShahtha/vendor/laravel/framework/src/Illuminate/Pipeline/Pipeline.php(163): Fideloper\\Proxy\\TrustProxies->handle(Object(Illuminate\\Http\\Request), Object(Closure))
#46 /var/www/html/dainikShahtha/vendor/laravel/framework/src/Illuminate/Routing/Pipeline.php(53): Illuminate\\Pipeline\\Pipeline->Illuminate\\Pipeline\\{closure}(Object(Illuminate\\Http\\Request))
#47 /var/www/html/dainikShahtha/vendor/laravel/framework/src/Illuminate/Foundation/Http/Middleware/TransformsRequest.php(31): Illuminate\\Routing\\Pipeline->Illuminate\\Routing\\{closure}(Object(Illuminate\\Http\\Request))
#48 /var/www/html/dainikShahtha/vendor/laravel/framework/src/Illuminate/Pipeline/Pipeline.php(163): Illuminate\\Foundation\\Http\\Middleware\\TransformsRequest->handle(Object(Illuminate\\Http\\Request), Object(Closure))
#49 /var/www/html/dainikShahtha/vendor/laravel/framework/src/Illuminate/Routing/Pipeline.php(53): Illuminate\\Pipeline\\Pipeline->Illuminate\\Pipeline\\{closure}(Object(Illuminate\\Http\\Request))
#50 /var/www/html/dainikShahtha/vendor/laravel/framework/src/Illuminate/Foundation/Http/Middleware/TransformsRequest.php(31): Illuminate\\Routing\\Pipeline->Illuminate\\Routing\\{closure}(Object(Illuminate\\Http\\Request))
#51 /var/www/html/dainikShahtha/vendor/laravel/framework/src/Illuminate/Pipeline/Pipeline.php(163): Illuminate\\Foundation\\Http\\Middleware\\TransformsRequest->handle(Object(Illuminate\\Http\\Request), Object(Closure))
#52 /var/www/html/dainikShahtha/vendor/laravel/framework/src/Illuminate/Routing/Pipeline.php(53): Illuminate\\Pipeline\\Pipeline->Illuminate\\Pipeline\\{closure}(Object(Illuminate\\Http\\Request))
#53 /var/www/html/dainikShahtha/vendor/laravel/framework/src/Illuminate/Foundation/Http/Middleware/ValidatePostSize.php(27): Illuminate\\Routing\\Pipeline->Illuminate\\Routing\\{closure}(Object(Illuminate\\Http\\Request))
#54 /var/www/html/dainikShahtha/vendor/laravel/framework/src/Illuminate/Pipeline/Pipeline.php(163): Illuminate\\Foundation\\Http\\Middleware\\ValidatePostSize->handle(Object(Illuminate\\Http\\Request), Object(Closure))
#55 /var/www/html/dainikShahtha/vendor/laravel/framework/src/Illuminate/Routing/Pipeline.php(53): Illuminate\\Pipeline\\Pipeline->Illuminate\\Pipeline\\{closure}(Object(Illuminate\\Http\\Request))
#56 /var/www/html/dainikShahtha/vendor/laravel/framework/src/Illuminate/Foundation/Http/Middleware/CheckForMaintenanceMode.php(62): Illuminate\\Routing\\Pipeline->Illuminate\\Routing\\{closure}(Object(Illuminate\\Http\\Request))
#57 /var/www/html/dainikShahtha/vendor/laravel/framework/src/Illuminate/Pipeline/Pipeline.php(163): Illuminate\\Foundation\\Http\\Middleware\\CheckForMaintenanceMode->handle(Object(Illuminate\\Http\\Request), Object(Closure))
#58 /var/www/html/dainikShahtha/vendor/laravel/framework/src/Illuminate/Routing/Pipeline.php(53): Illuminate\\Pipeline\\Pipeline->Illuminate\\Pipeline\\{closure}(Object(Illuminate\\Http\\Request))
#59 /var/www/html/dainikShahtha/vendor/laravel/framework/src/Illuminate/Pipeline/Pipeline.php(104): Illuminate\\Routing\\Pipeline->Illuminate\\Routing\\{closure}(Object(Illuminate\\Http\\Request))
#60 /var/www/html/dainikShahtha/vendor/laravel/framework/src/Illuminate/Foundation/Http/Kernel.php(151): Illuminate\\Pipeline\\Pipeline->then(Object(Closure))
#61 /var/www/html/dainikShahtha/vendor/laravel/framework/src/Illuminate/Foundation/Http/Kernel.php(116): Illuminate\\Foundation\\Http\\Kernel->sendRequestThroughRouter(Object(Illuminate\\Http\\Request))
#62 /var/www/html/dainikShahtha/public/index.php(55): Illuminate\\Foundation\\Http\\Kernel->handle(Object(Illuminate\\Http\\Request))
#63 /var/www/html/dainikShahtha/server.php(21): require_once('/var/www/html/d...')
#64 {main}
"} 
[2026-03-26 19:38:23] local.ERROR: file_put_contents(D:\Personal Projects\dainikShahtha\storage\framework\views/cca79836c9896ead3693bf5fb5fe5762ba905db1.php): failed to open stream: No such file or directory {"exception":"[object] (ErrorException(code: 0): file_put_contents(D:\\Personal Projects\\dainikShahtha\\storage\\framework\\views/cca79836c9896ead3693bf5fb5fe5762ba905db1.php): failed to open stream: No such file or directory at /var/www/html/dainikShahtha/vendor/laravel/framework/src/Illuminate/Filesystem/Filesystem.php:122)
[stacktrace]
#0 [internal function]: Illuminate\\Foundation\\Bootstrap\\HandleExceptions->handleError(2, 'file_put_conten...', '/var/www/html/d...', 122, Array)
#1 /var/www/html/dainikShahtha/vendor/laravel/framework/src/Illuminate/Filesystem/Filesystem.php(122): file_put_contents('D:\\\\Personal Pro...', '<?php $__env->s...', 0)
#2 /var/www/html/dainikShahtha/vendor/laravel/framework/src/Illuminate/View/Compilers/BladeCompiler.php(122): Illuminate\\Filesystem\\Filesystem->put('D:\\\\Personal Pro...', '<?php $__env->s...')
#3 /var/www/html/dainikShahtha/vendor/laravel/framework/src/Illuminate/View/Engines/CompilerEngine.php(51): Illuminate\\View\\Compilers\\BladeCompiler->compile('/var/www/html/d...')
#4 /var/www/html/dainikShahtha/vendor/laravel/framework/src/Illuminate/View/View.php(142): Illuminate\\View\\Engines\\CompilerEngine->get('/var/www/html/d...', Array)
#5 /var/www/html/dainikShahtha/vendor/laravel/framework/src/Illuminate/View/View.php(125): Illuminate\\View\\View->getContents()
#6 /var/www/html/dainikShahtha/vendor/laravel/framework/src/Illuminate/View/View.php(90): Illuminate\\View\\View->renderContents()
#7 /var/www/html/dainikShahtha/vendor/laravel/framework/src/Illuminate/Http/Response.php(42): Illuminate\\View\\View->render()
#8 /var/www/html/dainikShahtha/vendor/symfony/http-foundation/Response.php(205): Illuminate\\Http\\Response->setContent(Object(Illuminate\\View\\View))
#9 /var/www/html/dainikShahtha/vendor/laravel/framework/src/Illuminate/Routing/ResponseFactory.php(55): Symfony\\Component\\HttpFoundation\\Response->__construct(Object(Illuminate\\View\\View), 500, Array)
#10 /var/www/html/dainikShahtha/vendor/laravel/framework/src/Illuminate/Routing/ResponseFactory.php(81): Illuminate\\Routing\\ResponseFactory->make(Object(Illuminate\\View\\View), 500, Array)
#11 /var/www/html/dainikShahtha/vendor/laravel/framework/src/Illuminate/Foundation/Exceptions/Handler.php(380): Illuminate\\Routing\\ResponseFactory->view('errors::500', Array, 500, Array)
#12 /var/www/html/dainikShahtha/vendor/laravel/framework/src/Illuminate/Foundation/Exceptions/Handler.php(289): Illuminate\\Foundation\\Exceptions\\Handler->renderHttpException(Object(Symfony\\Component\\HttpKernel\\Exception\\HttpException))
#13 /var/www/html/dainikShahtha/vendor/laravel/framework/src/Illuminate/Foundation/Exceptions/Handler.php(188): Illuminate\\Foundation\\Exceptions\\Handler->prepareResponse(Object(Illuminate\\Http\\Request), Object(Symfony\\Component\\HttpKernel\\Exception\\HttpException))
#14 /var/www/html/dainikShahtha/app/Exceptions/Handler.php(49): Illuminate\\Foundation\\Exceptions\\Handler->render(Object(Illuminate\\Http\\Request), Object(Illuminate\\Database\\QueryException))
#15 /var/www/html/dainikShahtha/vendor/laravel/framework/src/Illuminate/Routing/Pipeline.php(83): App\\Exceptions\\Handler->render(Object(Illuminate\\Http\\Request), Object(Illuminate\\Database\\QueryException))
#16 /var/www/html/dainikShahtha/vendor/laravel/framework/src/Illuminate/Routing/Pipeline.php(32): Illuminate\\Routing\\Pipeline->handleException(Object(Illuminate\\Http\\Request), Object(Illuminate\\Database\\QueryException))
#17 /var/www/html/dainikShahtha/vendor/laravel/framework/src/Illuminate/Routing/Middleware/SubstituteBindings.php(41): Illuminate\\Routing\\Pipeline->Illuminate\\Routing\\{closure}(Object(Illuminate\\Http\\Request))
#18 /var/www/html/dainikShahtha/vendor/laravel/framework/src/Illuminate/Pipeline/Pipeline.php(163): Illuminate\\Routing\\Middleware\\SubstituteBindings->handle(Object(Illuminate\\Http\\Request), Object(Closure))
#19 /var/www/html/dainikShahtha/vendor/laravel/framework/src/Illuminate/Routing/Pipeline.php(53): Illuminate\\Pipeline\\Pipeline->Illuminate\\Pipeline\\{closure}(Object(Illuminate\\Http\\Request))
#20 /var/www/html/dainikShahtha/vendor/laravel/framework/src/Illuminate/Foundation/Http/Middleware/VerifyCsrfToken.php(75): Illuminate\\Routing\\Pipeline->Illuminate\\Routing\\{closure}(Object(Illuminate\\Http\\Request))
#21 /var/www/html/dainikShahtha/vendor/laravel/framework/src/Illuminate/Pipeline/Pipeline.php(163): Illuminate\\Foundation\\Http\\Middleware\\VerifyCsrfToken->handle(Object(Illuminate\\Http\\Request), Object(Closure))
#22 /var/www/html/dainikShahtha/vendor/laravel/framework/src/Illuminate/Routing/Pipeline.php(53): Illuminate\\Pipeline\\Pipeline->Illuminate\\Pipeline\\{closure}(Object(Illuminate\\Http\\Request))
#23 /var/www/html/dainikShahtha/vendor/laravel/framework/src/Illuminate/View/Middleware/ShareErrorsFromSession.php(49): Illuminate\\Routing\\Pipeline->Illuminate\\Routing\\{closure}(Object(Illuminate\\Http\\Request))
#24 /var/www/html/dainikShahtha/vendor/laravel/framework/src/Illuminate/Pipeline/Pipeline.php(163): Illuminate\\View\\Middleware\\ShareErrorsFromSession->handle(Object(Illuminate\\Http\\Request), Object(Closure))
#25 /var/www/html/dainikShahtha/vendor/laravel/framework/src/Illuminate/Routing/Pipeline.php(53): Illuminate\\Pipeline\\Pipeline->Illuminate\\Pipeline\\{closure}(Object(Illuminate\\Http\\Request))
#26 /var/www/html/dainikShahtha/vendor/laravel/framework/src/Illuminate/Session/Middleware/StartSession.php(63): Illuminate\\Routing\\Pipeline->Illuminate\\Routing\\{closure}(Object(Illuminate\\Http\\Request))
#27 /var/www/html/dainikShahtha/vendor/laravel/framework/src/Illuminate/Pipeline/Pipeline.php(163): Illuminate\\Session\\Middleware\\StartSession->handle(Object(Illuminate\\Http\\Request), Object(Closure))
#28 /var/www/html/dainikShahtha/vendor/laravel/framework/src/Illuminate/Routing/Pipeline.php(53): Illuminate\\Pipeline\\Pipeline->Illuminate\\Pipeline\\{closure}(Object(Illuminate\\Http\\Request))
#29 /var/www/html/dainikShahtha/vendor/laravel/framework/src/Illuminate/Cookie/Middleware/AddQueuedCookiesToResponse.php(37): Illuminate\\Routing\\Pipeline->Illuminate\\Routing\\{closure}(Object(Illuminate\\Http\\Request))
#30 /var/www/html/dainikShahtha/vendor/laravel/framework/src/Illuminate/Pipeline/Pipeline.php(163): Illuminate\\Cookie\\Middleware\\AddQueuedCookiesToResponse->handle(Object(Illuminate\\Http\\Request), Object(Closure))
#31 /var/www/html/dainikShahtha/vendor/laravel/framework/src/Illuminate/Routing/Pipeline.php(53): Illuminate\\Pipeline\\Pipeline->Illuminate\\Pipeline\\{closure}(Object(Illuminate\\Http\\Request))
#32 /var/www/html/dainikShahtha/vendor/laravel/framework/src/Illuminate/Cookie/Middleware/EncryptCookies.php(66): Illuminate\\Routing\\Pipeline->Illuminate\\Routing\\{closure}(Object(Illuminate\\Http\\Request))
#33 /var/www/html/dainikShahtha/vendor/laravel/framework/src/Illuminate/Pipeline/Pipeline.php(163): Illuminate\\Cookie\\Middleware\\EncryptCookies->handle(Object(Illuminate\\Http\\Request), Object(Closure))
#34 /var/www/html/dainikShahtha/vendor/laravel/framework/src/Illuminate/Routing/Pipeline.php(53): Illuminate\\Pipeline\\Pipeline->Illuminate\\Pipeline\\{closure}(Object(Illuminate\\Http\\Request))
#35 /var/www/html/dainikShahtha/vendor/laravel/framework/src/Illuminate/Pipeline/Pipeline.php(104): Illuminate\\Routing\\Pipeline->Illuminate\\Routing\\{closure}(Object(Illuminate\\Http\\Request))
#36 /var/www/html/dainikShahtha/vendor/laravel/framework/src/Illuminate/Routing/Router.php(684): Illuminate\\Pipeline\\Pipeline->then(Object(Closure))
#37 /var/www/html/dainikShahtha/vendor/laravel/framework/src/Illuminate/Routing/Router.php(659): Illuminate\\Routing\\Router->runRouteWithinStack(Object(Illuminate\\Routing\\Route), Object(Illuminate\\Http\\Request))
#38 /var/www/html/dainikShahtha/vendor/laravel/framework/src/Illuminate/Routing/Router.php(625): Illuminate\\Routing\\Router->runRoute(Object(Illuminate\\Http\\Request), Object(Illuminate\\Routing\\Route))
#39 /var/www/html/dainikShahtha/vendor/laravel/framework/src/Illuminate/Routing/Router.php(614): Illuminate\\Routing\\Router->dispatchToRoute(Object(Illuminate\\Http\\Request))
#40 /var/www/html/dainikShahtha/vendor/laravel/framework/src/Illuminate/Foundation/Http/Kernel.php(176): Illuminate\\Routing\\Router->dispatch(Object(Illuminate\\Http\\Request))
#41 /var/www/html/dainikShahtha/vendor/laravel/framework/src/Illuminate/Routing/Pipeline.php(30): Illuminate\\Foundation\\Http\\Kernel->Illuminate\\Foundation\\Http\\{closure}(Object(Illuminate\\Http\\Request))
#42 /var/www/html/dainikShahtha/vendor/barryvdh/laravel-debugbar/src/Middleware/InjectDebugbar.php(58): Illuminate\\Routing\\Pipeline->Illuminate\\Routing\\{closure}(Object(Illuminate\\Http\\Request))
#43 /var/www/html/dainikShahtha/vendor/laravel/framework/src/Illuminate/Pipeline/Pipeline.php(163): Barryvdh\\Debugbar\\Middleware\\InjectDebugbar->handle(Object(Illuminate\\Http\\Request), Object(Closure))
#44 /var/www/html/dainikShahtha/vendor/laravel/framework/src/Illuminate/Routing/Pipeline.php(53): Illuminate\\Pipeline\\Pipeline->Illuminate\\Pipeline\\{closure}(Object(Illuminate\\Http\\Request))
#45 /var/www/html/dainikShahtha/vendor/fideloper/proxy/src/TrustProxies.php(57): Illuminate\\Routing\\Pipeline->Illuminate\\Routing\\{closure}(Object(Illuminate\\Http\\Request))
#46 /var/www/html/dainikShahtha/vendor/laravel/framework/src/Illuminate/Pipeline/Pipeline.php(163): Fideloper\\Proxy\\TrustProxies->handle(Object(Illuminate\\Http\\Request), Object(Closure))
#47 /var/www/html/dainikShahtha/vendor/laravel/framework/src/Illuminate/Routing/Pipeline.php(53): Illuminate\\Pipeline\\Pipeline->Illuminate\\Pipeline\\{closure}(Object(Illuminate\\Http\\Request))
#48 /var/www/html/dainikShahtha/vendor/laravel/framework/src/Illuminate/Foundation/Http/Middleware/TransformsRequest.php(31): Illuminate\\Routing\\Pipeline->Illuminate\\Routing\\{closure}(Object(Illuminate\\Http\\Request))
#49 /var/www/html/dainikShahtha/vendor/laravel/framework/src/Illuminate/Pipeline/Pipeline.php(163): Illuminate\\Foundation\\Http\\Middleware\\TransformsRequest->handle(Object(Illuminate\\Http\\Request), Object(Closure))
#50 /var/www/html/dainikShahtha/vendor/laravel/framework/src/Illuminate/Routing/Pipeline.php(53): Illuminate\\Pipeline\\Pipeline->Illuminate\\Pipeline\\{closure}(Object(Illuminate\\Http\\Request))
#51 /var/www/html/dainikShahtha/vendor/laravel/framework/src/Illuminate/Foundation/Http/Middleware/TransformsRequest.php(31): Illuminate\\Routing\\Pipeline->Illuminate\\Routing\\{closure}(Object(Illuminate\\Http\\Request))
#52 /var/www/html/dainikShahtha/vendor/laravel/framework/src/Illuminate/Pipeline/Pipeline.php(163): Illuminate\\Foundation\\Http\\Middleware\\TransformsRequest->handle(Object(Illuminate\\Http\\Request), Object(Closure))
#53 /var/www/html/dainikShahtha/vendor/laravel/framework/src/Illuminate/Routing/Pipeline.php(53): Illuminate\\Pipeline\\Pipeline->Illuminate\\Pipeline\\{closure}(Object(Illuminate\\Http\\Request))
#54 /var/www/html/dainikShahtha/vendor/laravel/framework/src/Illuminate/Foundation/Http/Middleware/ValidatePostSize.php(27): Illuminate\\Routing\\Pipeline->Illuminate\\Routing\\{closure}(Object(Illuminate\\Http\\Request))
#55 /var/www/html/dainikShahtha/vendor/laravel/framework/src/Illuminate/Pipeline/Pipeline.php(163): Illuminate\\Foundation\\Http\\Middleware\\ValidatePostSize->handle(Object(Illuminate\\Http\\Request), Object(Closure))
#56 /var/www/html/dainikShahtha/vendor/laravel/framework/src/Illuminate/Routing/Pipeline.php(53): Illuminate\\Pipeline\\Pipeline->Illuminate\\Pipeline\\{closure}(Object(Illuminate\\Http\\Request))
#57 /var/www/html/dainikShahtha/vendor/laravel/framework/src/Illuminate/Foundation/Http/Middleware/CheckForMaintenanceMode.php(62): Illuminate\\Routing\\Pipeline->Illuminate\\Routing\\{closure}(Object(Illuminate\\Http\\Request))
#58 /var/www/html/dainikShahtha/vendor/laravel/framework/src/Illuminate/Pipeline/Pipeline.php(163): Illuminate\\Foundation\\Http\\Middleware\\CheckForMaintenanceMode->handle(Object(Illuminate\\Http\\Request), Object(Closure))
#59 /var/www/html/dainikShahtha/vendor/laravel/framework/src/Illuminate/Routing/Pipeline.php(53): Illuminate\\Pipeline\\Pipeline->Illuminate\\Pipeline\\{closure}(Object(Illuminate\\Http\\Request))
#60 /var/www/html/dainikShahtha/vendor/laravel/framework/src/Illuminate/Pipeline/Pipeline.php(104): Illuminate\\Routing\\Pipeline->Illuminate\\Routing\\{closure}(Object(Illuminate\\Http\\Request))
#61 /var/www/html/dainikShahtha/vendor/laravel/framework/src/Illuminate/Foundation/Http/Kernel.php(151): Illuminate\\Pipeline\\Pipeline->then(Object(Closure))
#62 /var/www/html/dainikShahtha/vendor/laravel/framework/src/Illuminate/Foundation/Http/Kernel.php(116): Illuminate\\Foundation\\Http\\Kernel->sendRequestThroughRouter(Object(Illuminate\\Http\\Request))
#63 /var/www/html/dainikShahtha/public/index.php(55): Illuminate\\Foundation\\Http\\Kernel->handle(Object(Illuminate\\Http\\Request))
#64 /var/www/html/dainikShahtha/server.php(21): require_once('/var/www/html/d...')
#65 {main}
"} 
[2026-03-26 19:38:23] local.ERROR: file_put_contents(D:\Personal Projects\dainikShahtha\storage\framework\views/cca79836c9896ead3693bf5fb5fe5762ba905db1.php): failed to open stream: No such file or directory {"exception":"[object] (ErrorException(code: 0): file_put_contents(D:\\Personal Projects\\dainikShahtha\\storage\\framework\\views/cca79836c9896ead3693bf5fb5fe5762ba905db1.php): failed to open stream: No such file or directory at /var/www/html/dainikShahtha/vendor/laravel/framework/src/Illuminate/Filesystem/Filesystem.php:122)
[stacktrace]
#0 [internal function]: Illuminate\\Foundation\\Bootstrap\\HandleExceptions->handleError(2, 'file_put_conten...', '/var/www/html/d...', 122, Array)
#1 /var/www/html/dainikShahtha/vendor/laravel/framework/src/Illuminate/Filesystem/Filesystem.php(122): file_put_contents('D:\\\\Personal Pro...', '<?php $__env->s...', 0)
#2 /var/www/html/dainikShahtha/vendor/laravel/framework/src/Illuminate/View/Compilers/BladeCompiler.php(122): Illuminate\\Filesystem\\Filesystem->put('D:\\\\Personal Pro...', '<?php $__env->s...')
#3 /var/www/html/dainikShahtha/vendor/laravel/framework/src/Illuminate/View/Engines/CompilerEngine.php(51): Illuminate\\View\\Compilers\\BladeCompiler->compile('/var/www/html/d...')
#4 /var/www/html/dainikShahtha/vendor/laravel/framework/src/Illuminate/View/View.php(142): Illuminate\\View\\Engines\\CompilerEngine->get('/var/www/html/d...', Array)
#5 /var/www/html/dainikShahtha/vendor/laravel/framework/src/Illuminate/View/View.php(125): Illuminate\\View\\View->getContents()
#6 /var/www/html/dainikShahtha/vendor/laravel/framework/src/Illuminate/View/View.php(90): Illuminate\\View\\View->renderContents()
#7 /var/www/html/dainikShahtha/vendor/laravel/framework/src/Illuminate/Http/Response.php(42): Illuminate\\View\\View->render()
#8 /var/www/html/dainikShahtha/vendor/symfony/http-foundation/Response.php(205): Illuminate\\Http\\Response->setContent(Object(Illuminate\\View\\View))
#9 /var/www/html/dainikShahtha/vendor/laravel/framework/src/Illuminate/Routing/ResponseFactory.php(55): Symfony\\Component\\HttpFoundation\\Response->__construct(Object(Illuminate\\View\\View), 500, Array)
#10 /var/www/html/dainikShahtha/vendor/laravel/framework/src/Illuminate/Routing/ResponseFactory.php(81): Illuminate\\Routing\\ResponseFactory->make(Object(Illuminate\\View\\View), 500, Array)
#11 /var/www/html/dainikShahtha/vendor/laravel/framework/src/Illuminate/Foundation/Exceptions/Handler.php(380): Illuminate\\Routing\\ResponseFactory->view('errors::500', Array, 500, Array)
#12 /var/www/html/dainikShahtha/vendor/laravel/framework/src/Illuminate/Foundation/Exceptions/Handler.php(289): Illuminate\\Foundation\\Exceptions\\Handler->renderHttpException(Object(Symfony\\Component\\HttpKernel\\Exception\\HttpException))
#13 /var/www/html/dainikShahtha/vendor/laravel/framework/src/Illuminate/Foundation/Exceptions/Handler.php(188): Illuminate\\Foundation\\Exceptions\\Handler->prepareResponse(Object(Illuminate\\Http\\Request), Object(Symfony\\Component\\HttpKernel\\Exception\\HttpException))
#14 /var/www/html/dainikShahtha/app/Exceptions/Handler.php(49): Illuminate\\Foundation\\Exceptions\\Handler->render(Object(Illuminate\\Http\\Request), Object(ErrorException))
#15 /var/www/html/dainikShahtha/vendor/laravel/framework/src/Illuminate/Routing/Pipeline.php(83): App\\Exceptions\\Handler->render(Object(Illuminate\\Http\\Request), Object(ErrorException))
#16 /var/www/html/dainikShahtha/vendor/laravel/framework/src/Illuminate/Routing/Pipeline.php(55): Illuminate\\Routing\\Pipeline->handleException(Object(Illuminate\\Http\\Request), Object(ErrorException))
#17 /var/www/html/dainikShahtha/vendor/laravel/framework/src/Illuminate/Foundation/Http/Middleware/VerifyCsrfToken.php(75): Illuminate\\Routing\\Pipeline->Illuminate\\Routing\\{closure}(Object(Illuminate\\Http\\Request))
#18 /var/www/html/dainikShahtha/vendor/laravel/framework/src/Illuminate/Pipeline/Pipeline.php(163): Illuminate\\Foundation\\Http\\Middleware\\VerifyCsrfToken->handle(Object(Illuminate\\Http\\Request), Object(Closure))
#19 /var/www/html/dainikShahtha/vendor/laravel/framework/src/Illuminate/Routing/Pipeline.php(53): Illuminate\\Pipeline\\Pipeline->Illuminate\\Pipeline\\{closure}(Object(Illuminate\\Http\\Request))
#20 /var/www/html/dainikShahtha/vendor/laravel/framework/src/Illuminate/View/Middleware/ShareErrorsFromSession.php(49): Illuminate\\Routing\\Pipeline->Illuminate\\Routing\\{closure}(Object(Illuminate\\Http\\Request))
#21 /var/www/html/dainikShahtha/vendor/laravel/framework/src/Illuminate/Pipeline/Pipeline.php(163): Illuminate\\View\\Middleware\\ShareErrorsFromSession->handle(Object(Illuminate\\Http\\Request), Object(Closure))
#22 /var/www/html/dainikShahtha/vendor/laravel/framework/src/Illuminate/Routing/Pipeline.php(53): Illuminate\\Pipeline\\Pipeline->Illuminate\\Pipeline\\{closure}(Object(Illuminate\\Http\\Request))
#23 /var/www/html/dainikShahtha/vendor/laravel/framework/src/Illuminate/Session/Middleware/StartSession.php(63): Illuminate\\Routing\\Pipeline->Illuminate\\Routing\\{closure}(Object(Illuminate\\Http\\Request))
#24 /var/www/html/dainikShahtha/vendor/laravel/framework/src/Illuminate/Pipeline/Pipeline.php(163): Illuminate\\Session\\Middleware\\StartSession->handle(Object(Illuminate\\Http\\Request), Object(Closure))
#25 /var/www/html/dainikShahtha/vendor/laravel/framework/src/Illuminate/Routing/Pipeline.php(53): Illuminate\\Pipeline\\Pipeline->Illuminate\\Pipeline\\{closure}(Object(Illuminate\\Http\\Request))
#26 /var/www/html/dainikShahtha/vendor/laravel/framework/src/Illuminate/Cookie/Middleware/AddQueuedCookiesToResponse.php(37): Illuminate\\Routing\\Pipeline->Illuminate\\Routing\\{closure}(Object(Illuminate\\Http\\Request))
#27 /var/www/html/dainikShahtha/vendor/laravel/framework/src/Illuminate/Pipeline/Pipeline.php(163): Illuminate\\Cookie\\Middleware\\AddQueuedCookiesToResponse->handle(Object(Illuminate\\Http\\Request), Object(Closure))
#28 /var/www/html/dainikShahtha/vendor/laravel/framework/src/Illuminate/Routing/Pipeline.php(53): Illuminate\\Pipeline\\Pipeline->Illuminate\\Pipeline\\{closure}(Object(Illuminate\\Http\\Request))
#29 /var/www/html/dainikShahtha/vendor/laravel/framework/src/Illuminate/Cookie/Middleware/EncryptCookies.php(66): Illuminate\\Routing\\Pipeline->Illuminate\\Routing\\{closure}(Object(Illuminate\\Http\\Request))
#30 /var/www/html/dainikShahtha/vendor/laravel/framework/src/Illuminate/Pipeline/Pipeline.php(163): Illuminate\\Cookie\\Middleware\\EncryptCookies->handle(Object(Illuminate\\Http\\Request), Object(Closure))
#31 /var/www/html/dainikShahtha/vendor/laravel/framework/src/Illuminate/Routing/Pipeline.php(53): Illuminate\\Pipeline\\Pipeline->Illuminate\\Pipeline\\{closure}(Object(Illuminate\\Http\\Request))
#32 /var/www/html/dainikShahtha/vendor/laravel/framework/src/Illuminate/Pipeline/Pipeline.php(104): Illuminate\\Routing\\Pipeline->Illuminate\\Routing\\{closure}(Object(Illuminate\\Http\\Request))
#33 /var/www/html/dainikShahtha/vendor/laravel/framework/src/Illuminate/Routing/Router.php(684): Illuminate\\Pipeline\\Pipeline->then(Object(Closure))
#34 /var/www/html/dainikShahtha/vendor/laravel/framework/src/Illuminate/Routing/Router.php(659): Illuminate\\Routing\\Router->runRouteWithinStack(Object(Illuminate\\Routing\\Route), Object(Illuminate\\Http\\Request))
#35 /var/www/html/dainikShahtha/vendor/laravel/framework/src/Illuminate/Routing/Router.php(625): Illuminate\\Routing\\Router->runRoute(Object(Illuminate\\Http\\Request), Object(Illuminate\\Routing\\Route))
#36 /var/www/html/dainikShahtha/vendor/laravel/framework/src/Illuminate/Routing/Router.php(614): Illuminate\\Routing\\Router->dispatchToRoute(Object(Illuminate\\Http\\Request))
#37 /var/www/html/dainikShahtha/vendor/laravel/framework/src/Illuminate/Foundation/Http/Kernel.php(176): Illuminate\\Routing\\Router->dispatch(Object(Illuminate\\Http\\Request))
#38 /var/www/html/dainikShahtha/vendor/laravel/framework/src/Illuminate/Routing/Pipeline.php(30): Illuminate\\Foundation\\Http\\Kernel->Illuminate\\Foundation\\Http\\{closure}(Object(Illuminate\\Http\\Request))
#39 /var/www/html/dainikShahtha/vendor/barryvdh/laravel-debugbar/src/Middleware/InjectDebugbar.php(58): Illuminate\\Routing\\Pipeline->Illuminate\\Routing\\{closure}(Object(Illuminate\\Http\\Request))
#40 /var/www/html/dainikShahtha/vendor/laravel/framework/src/Illuminate/Pipeline/Pipeline.php(163): Barryvdh\\Debugbar\\Middleware\\InjectDebugbar->handle(Object(Illuminate\\Http\\Request), Object(Closure))
#41 /var/www/html/dainikShahtha/vendor/laravel/framework/src/Illuminate/Routing/Pipeline.php(53): Illuminate\\Pipeline\\Pipeline->Illuminate\\Pipeline\\{closure}(Object(Illuminate\\Http\\Request))
#42 /var/www/html/dainikShahtha/vendor/fideloper/proxy/src/TrustProxies.php(57): Illuminate\\Routing\\Pipeline->Illuminate\\Routing\\{closure}(Object(Illuminate\\Http\\Request))
#43 /var/www/html/dainikShahtha/vendor/laravel/framework/src/Illuminate/Pipeline/Pipeline.php(163): Fideloper\\Proxy\\TrustProxies->handle(Object(Illuminate\\Http\\Request), Object(Closure))
#44 /var/www/html/dainikShahtha/vendor/laravel/framework/src/Illuminate/Routing/Pipeline.php(53): Illuminate\\Pipeline\\Pipeline->Illuminate\\Pipeline\\{closure}(Object(Illuminate\\Http\\Request))
#45 /var/www/html/dainikShahtha/vendor/laravel/framework/src/Illuminate/Foundation/Http/Middleware/TransformsRequest.php(31): Illuminate\\Routing\\Pipeline->Illuminate\\Routing\\{closure}(Object(Illuminate\\Http\\Request))
#46 /var/www/html/dainikShahtha/vendor/laravel/framework/src/Illuminate/Pipeline/Pipeline.php(163): Illuminate\\Foundation\\Http\\Middleware\\TransformsRequest->handle(Object(Illuminate\\Http\\Request), Object(Closure))
#47 /var/www/html/dainikShahtha/vendor/laravel/framework/src/Illuminate/Routing/Pipeline.php(53): Illuminate\\Pipeline\\Pipeline->Illuminate\\Pipeline\\{closure}(Object(Illuminate\\Http\\Request))
#48 /var/www/html/dainikShahtha/vendor/laravel/framework/src/Illuminate/Foundation/Http/Middleware/TransformsRequest.php(31): Illuminate\\Routing\\Pipeline->Illuminate\\Routing\\{closure}(Object(Illuminate\\Http\\Request))
#49 /var/www/html/dainikShahtha/vendor/laravel/framework/src/Illuminate/Pipeline/Pipeline.php(163): Illuminate\\Foundation\\Http\\Middleware\\TransformsRequest->handle(Object(Illuminate\\Http\\Request), Object(Closure))
#50 /var/www/html/dainikShahtha/vendor/laravel/framework/src/Illuminate/Routing/Pipeline.php(53): Illuminate\\Pipeline\\Pipeline->Illuminate\\Pipeline\\{closure}(Object(Illuminate\\Http\\Request))
#51 /var/www/html/dainikShahtha/vendor/laravel/framework/src/Illuminate/Foundation/Http/Middleware/ValidatePostSize.php(27): Illuminate\\Routing\\Pipeline->Illuminate\\Routing\\{closure}(Object(Illuminate\\Http\\Request))
#52 /var/www/html/dainikShahtha/vendor/laravel/framework/src/Illuminate/Pipeline/Pipeline.php(163): Illuminate\\Foundation\\Http\\Middleware\\ValidatePostSize->handle(Object(Illuminate\\Http\\Request), Object(Closure))
#53 /var/www/html/dainikShahtha/vendor/laravel/framework/src/Illuminate/Routing/Pipeline.php(53): Illuminate\\Pipeline\\Pipeline->Illuminate\\Pipeline\\{closure}(Object(Illuminate\\Http\\Request))
#54 /var/www/html/dainikShahtha/vendor/laravel/framework/src/Illuminate/Foundation/Http/Middleware/CheckForMaintenanceMode.php(62): Illuminate\\Routing\\Pipeline->Illuminate\\Routing\\{closure}(Object(Illuminate\\Http\\Request))
#55 /var/www/html/dainikShahtha/vendor/laravel/framework/src/Illuminate/Pipeline/Pipeline.php(163): Illuminate\\Foundation\\Http\\Middleware\\CheckForMaintenanceMode->handle(Object(Illuminate\\Http\\Request), Object(Closure))
#56 /var/www/html/dainikShahtha/vendor/laravel/framework/src/Illuminate/Routing/Pipeline.php(53): Illuminate\\Pipeline\\Pipeline->Illuminate\\Pipeline\\{closure}(Object(Illuminate\\Http\\Request))
#57 /var/www/html/dainikShahtha/vendor/laravel/framework/src/Illuminate/Pipeline/Pipeline.php(104): Illuminate\\Routing\\Pipeline->Illuminate\\Routing\\{closure}(Object(Illuminate\\Http\\Request))
#58 /var/www/html/dainikShahtha/vendor/laravel/framework/src/Illuminate/Foundation/Http/Kernel.php(151): Illuminate\\Pipeline\\Pipeline->then(Object(Closure))
#59 /var/www/html/dainikShahtha/vendor/laravel/framework/src/Illuminate/Foundation/Http/Kernel.php(116): Illuminate\\Foundation\\Http\\Kernel->sendRequestThroughRouter(Object(Illuminate\\Http\\Request))
#60 /var/www/html/dainikShahtha/public/index.php(55): Illuminate\\Foundation\\Http\\Kernel->handle(Object(Illuminate\\Http\\Request))
#61 /var/www/html/dainikShahtha/server.php(21): require_once('/var/www/html/d...')
#62 {main}
"} 
[2026-03-26 19:38:23] local.ERROR: file_put_contents(D:\Personal Projects\dainikShahtha\storage\framework\views/cca79836c9896ead3693bf5fb5fe5762ba905db1.php): failed to open stream: No such file or directory {"exception":"[object] (ErrorException(code: 0): file_put_contents(D:\\Personal Projects\\dainikShahtha\\storage\\framework\\views/cca79836c9896ead3693bf5fb5fe5762ba905db1.php): failed to open stream: No such file or directory at /var/www/html/dainikShahtha/vendor/laravel/framework/src/Illuminate/Filesystem/Filesystem.php:122)
[stacktrace]
#0 [internal function]: Illuminate\\Foundation\\Bootstrap\\HandleExceptions->handleError(2, 'file_put_conten...', '/var/www/html/d...', 122, Array)
#1 /var/www/html/dainikShahtha/vendor/laravel/framework/src/Illuminate/Filesystem/Filesystem.php(122): file_put_contents('D:\\\\Personal Pro...', '<?php $__env->s...', 0)
#2 /var/www/html/dainikShahtha/vendor/laravel/framework/src/Illuminate/View/Compilers/BladeCompiler.php(122): Illuminate\\Filesystem\\Filesystem->put('D:\\\\Personal Pro...', '<?php $__env->s...')
#3 /var/www/html/dainikShahtha/vendor/laravel/framework/src/Illuminate/View/Engines/CompilerEngine.php(51): Illuminate\\View\\Compilers\\BladeCompiler->compile('/var/www/html/d...')
#4 /var/www/html/dainikShahtha/vendor/laravel/framework/src/Illuminate/View/View.php(142): Illuminate\\View\\Engines\\CompilerEngine->get('/var/www/html/d...', Array)
#5 /var/www/html/dainikShahtha/vendor/laravel/framework/src/Illuminate/View/View.php(125): Illuminate\\View\\View->getContents()
#6 /var/www/html/dainikShahtha/vendor/laravel/framework/src/Illuminate/View/View.php(90): Illuminate\\View\\View->renderContents()
#7 /var/www/html/dainikShahtha/vendor/laravel/framework/src/Illuminate/Http/Response.php(42): Illuminate\\View\\View->render()
#8 /var/www/html/dainikShahtha/vendor/symfony/http-foundation/Response.php(205): Illuminate\\Http\\Response->setContent(Object(Illuminate\\View\\View))
#9 /var/www/html/dainikShahtha/vendor/laravel/framework/src/Illuminate/Routing/ResponseFactory.php(55): Symfony\\Component\\HttpFoundation\\Response->__construct(Object(Illuminate\\View\\View), 500, Array)
#10 /var/www/html/dainikShahtha/vendor/laravel/framework/src/Illuminate/Routing/ResponseFactory.php(81): Illuminate\\Routing\\ResponseFactory->make(Object(Illuminate\\View\\View), 500, Array)
#11 /var/www/html/dainikShahtha/vendor/laravel/framework/src/Illuminate/Foundation/Exceptions/Handler.php(380): Illuminate\\Routing\\ResponseFactory->view('errors::500', Array, 500, Array)
#12 /var/www/html/dainikShahtha/vendor/laravel/framework/src/Illuminate/Foundation/Exceptions/Handler.php(289): Illuminate\\Foundation\\Exceptions\\Handler->renderHttpException(Object(Symfony\\Component\\HttpKernel\\Exception\\HttpException))
#13 /var/www/html/dainikShahtha/vendor/laravel/framework/src/Illuminate/Foundation/Exceptions/Handler.php(188): Illuminate\\Foundation\\Exceptions\\Handler->prepareResponse(Object(Illuminate\\Http\\Request), Object(Symfony\\Component\\HttpKernel\\Exception\\HttpException))
#14 /var/www/html/dainikShahtha/app/Exceptions/Handler.php(49): Illuminate\\Foundation\\Exceptions\\Handler->render(Object(Illuminate\\Http\\Request), Object(ErrorException))
#15 /var/www/html/dainikShahtha/vendor/laravel/framework/src/Illuminate/Routing/Pipeline.php(83): App\\Exceptions\\Handler->render(Object(Illuminate\\Http\\Request), Object(ErrorException))
#16 /var/www/html/dainikShahtha/vendor/laravel/framework/src/Illuminate/Routing/Pipeline.php(55): Illuminate\\Routing\\Pipeline->handleException(Object(Illuminate\\Http\\Request), Object(ErrorException))
#17 /var/www/html/dainikShahtha/vendor/laravel/framework/src/Illuminate/View/Middleware/ShareErrorsFromSession.php(49): Illuminate\\Routing\\Pipeline->Illuminate\\Routing\\{closure}(Object(Illuminate\\Http\\Request))
#18 /var/www/html/dainikShahtha/vendor/laravel/framework/src/Illuminate/Pipeline/Pipeline.php(163): Illuminate\\View\\Middleware\\ShareErrorsFromSession->handle(Object(Illuminate\\Http\\Request), Object(Closure))
#19 /var/www/html/dainikShahtha/vendor/laravel/framework/src/Illuminate/Routing/Pipeline.php(53): Illuminate\\Pipeline\\Pipeline->Illuminate\\Pipeline\\{closure}(Object(Illuminate\\Http\\Request))
#20 /var/www/html/dainikShahtha/vendor/laravel/framework/src/Illuminate/Session/Middleware/StartSession.php(63): Illuminate\\Routing\\Pipeline->Illuminate\\Routing\\{closure}(Object(Illuminate\\Http\\Request))
#21 /var/www/html/dainikShahtha/vendor/laravel/framework/src/Illuminate/Pipeline/Pipeline.php(163): Illuminate\\Session\\Middleware\\StartSession->handle(Object(Illuminate\\Http\\Request), Object(Closure))
#22 /var/www/html/dainikShahtha/vendor/laravel/framework/src/Illuminate/Routing/Pipeline.php(53): Illuminate\\Pipeline\\Pipeline->Illuminate\\Pipeline\\{closure}(Object(Illuminate\\Http\\Request))
#23 /var/www/html/dainikShahtha/vendor/laravel/framework/src/Illuminate/Cookie/Middleware/AddQueuedCookiesToResponse.php(37): Illuminate\\Routing\\Pipeline->Illuminate\\Routing\\{closure}(Object(Illuminate\\Http\\Request))
#24 /var/www/html/dainikShahtha/vendor/laravel/framework/src/Illuminate/Pipeline/Pipeline.php(163): Illuminate\\Cookie\\Middleware\\AddQueuedCookiesToResponse->handle(Object(Illuminate\\Http\\Request), Object(Closure))
#25 /var/www/html/dainikShahtha/vendor/laravel/framework/src/Illuminate/Routing/Pipeline.php(53): Illuminate\\Pipeline\\Pipeline->Illuminate\\Pipeline\\{closure}(Object(Illuminate\\Http\\Request))
#26 /var/www/html/dainikShahtha/vendor/laravel/framework/src/Illuminate/Cookie/Middleware/EncryptCookies.php(66): Illuminate\\Routing\\Pipeline->Illuminate\\Routing\\{closure}(Object(Illuminate\\Http\\Request))
#27 /var/www/html/dainikShahtha/vendor/laravel/framework/src/Illuminate/Pipeline/Pipeline.php(163): Illuminate\\Cookie\\Middleware\\EncryptCookies->handle(Object(Illuminate\\Http\\Request), Object(Closure))
#28 /var/www/html/dainikShahtha/vendor/laravel/framework/src/Illuminate/Routing/Pipeline.php(53): Illuminate\\Pipeline\\Pipeline->Illuminate\\Pipeline\\{closure}(Object(Illuminate\\Http\\Request))
#29 /var/www/html/dainikShahtha/vendor/laravel/framework/src/Illuminate/Pipeline/Pipeline.php(104): Illuminate\\Routing\\Pipeline->Illuminate\\Routing\\{closure}(Object(Illuminate\\Http\\Request))
#30 /var/www/html/dainikShahtha/vendor/laravel/framework/src/Illuminate/Routing/Router.php(684): Illuminate\\Pipeline\\Pipeline->then(Object(Closure))
#31 /var/www/html/dainikShahtha/vendor/laravel/framework/src/Illuminate/Routing/Router.php(659): Illuminate\\Routing\\Router->runRouteWithinStack(Object(Illuminate\\Routing\\Route), Object(Illuminate\\Http\\Request))
#32 /var/www/html/dainikShahtha/vendor/laravel/framework/src/Illuminate/Routing/Router.php(625): Illuminate\\Routing\\Router->runRoute(Object(Illuminate\\Http\\Request), Object(Illuminate\\Routing\\Route))
#33 /var/www/html/dainikShahtha/vendor/laravel/framework/src/Illuminate/Routing/Router.php(614): Illuminate\\Routing\\Router->dispatchToRoute(Object(Illuminate\\Http\\Request))
#34 /var/www/html/dainikShahtha/vendor/laravel/framework/src/Illuminate/Foundation/Http/Kernel.php(176): Illuminate\\Routing\\Router->dispatch(Object(Illuminate\\Http\\Request))
#35 /var/www/html/dainikShahtha/vendor/laravel/framework/src/Illuminate/Routing/Pipeline.php(30): Illuminate\\Foundation\\Http\\Kernel->Illuminate\\Foundation\\Http\\{closure}(Object(Illuminate\\Http\\Request))
#36 /var/www/html/dainikShahtha/vendor/barryvdh/laravel-debugbar/src/Middleware/InjectDebugbar.php(58): Illuminate\\Routing\\Pipeline->Illuminate\\Routing\\{closure}(Object(Illuminate\\Http\\Request))
#37 /var/www/html/dainikShahtha/vendor/laravel/framework/src/Illuminate/Pipeline/Pipeline.php(163): Barryvdh\\Debugbar\\Middleware\\InjectDebugbar->handle(Object(Illuminate\\Http\\Request), Object(Closure))
#38 /var/www/html/dainikShahtha/vendor/laravel/framework/src/Illuminate/Routing/Pipeline.php(53): Illuminate\\Pipeline\\Pipeline->Illuminate\\Pipeline\\{closure}(Object(Illuminate\\Http\\Request))
#39 /var/www/html/dainikShahtha/vendor/fideloper/proxy/src/TrustProxies.php(57): Illuminate\\Routing\\Pipeline->Illuminate\\Routing\\{closure}(Object(Illuminate\\Http\\Request))
#40 /var/www/html/dainikShahtha/vendor/laravel/framework/src/Illuminate/Pipeline/Pipeline.php(163): Fideloper\\Proxy\\TrustProxies->handle(Object(Illuminate\\Http\\Request), Object(Closure))
#41 /var/www/html/dainikShahtha/vendor/laravel/framework/src/Illuminate/Routing/Pipeline.php(53): Illuminate\\Pipeline\\Pipeline->Illuminate\\Pipeline\\{closure}(Object(Illuminate\\Http\\Request))
#42 /var/www/html/dainikShahtha/vendor/laravel/framework/src/Illuminate/Foundation/Http/Middleware/TransformsRequest.php(31): Illuminate\\Routing\\Pipeline->Illuminate\\Routing\\{closure}(Object(Illuminate\\Http\\Request))
#43 /var/www/html/dainikShahtha/vendor/laravel/framework/src/Illuminate/Pipeline/Pipeline.php(163): Illuminate\\Foundation\\Http\\Middleware\\TransformsRequest->handle(Object(Illuminate\\Http\\Request), Object(Closure))
#44 /var/www/html/dainikShahtha/vendor/laravel/framework/src/Illuminate/Routing/Pipeline.php(53): Illuminate\\Pipeline\\Pipeline->Illuminate\\Pipeline\\{closure}(Object(Illuminate\\Http\\Request))
#45 /var/www/html/dainikShahtha/vendor/laravel/framework/src/Illuminate/Foundation/Http/Middleware/TransformsRequest.php(31): Illuminate\\Routing\\Pipeline->Illuminate\\Routing\\{closure}(Object(Illuminate\\Http\\Request))
#46 /var/www/html/dainikShahtha/vendor/laravel/framework/src/Illuminate/Pipeline/Pipeline.php(163): Illuminate\\Foundation\\Http\\Middleware\\TransformsRequest->handle(Object(Illuminate\\Http\\Request), Object(Closure))
#47 /var/www/html/dainikShahtha/vendor/laravel/framework/src/Illuminate/Routing/Pipeline.php(53): Illuminate\\Pipeline\\Pipeline->Illuminate\\Pipeline\\{closure}(Object(Illuminate\\Http\\Request))
#48 /var/www/html/dainikShahtha/vendor/laravel/framework/src/Illuminate/Foundation/Http/Middleware/ValidatePostSize.php(27): Illuminate\\Routing\\Pipeline->Illuminate\\Routing\\{closure}(Object(Illuminate\\Http\\Request))
#49 /var/www/html/dainikShahtha/vendor/laravel/framework/src/Illuminate/Pipeline/Pipeline.php(163): Illuminate\\Foundation\\Http\\Middleware\\ValidatePostSize->handle(Object(Illuminate\\Http\\Request), Object(Closure))
#50 /var/www/html/dainikShahtha/vendor/laravel/framework/src/Illuminate/Routing/Pipeline.php(53): Illuminate\\Pipeline\\Pipeline->Illuminate\\Pipeline\\{closure}(Object(Illuminate\\Http\\Request))
#51 /var/www/html/dainikShahtha/vendor/laravel/framework/src/Illuminate/Foundation/Http/Middleware/CheckForMaintenanceMode.php(62): Illuminate\\Routing\\Pipeline->Illuminate\\Routing\\{closure}(Object(Illuminate\\Http\\Request))
#52 /var/www/html/dainikShahtha/vendor/laravel/framework/src/Illuminate/Pipeline/Pipeline.php(163): Illuminate\\Foundation\\Http\\Middleware\\CheckForMaintenanceMode->handle(Object(Illuminate\\Http\\Request), Object(Closure))
#53 /var/www/html/dainikShahtha/vendor/laravel/framework/src/Illuminate/Routing/Pipeline.php(53): Illuminate\\Pipeline\\Pipeline->Illuminate\\Pipeline\\{closure}(Object(Illuminate\\Http\\Request))
#54 /var/www/html/dainikShahtha/vendor/laravel/framework/src/Illuminate/Pipeline/Pipeline.php(104): Illuminate\\Routing\\Pipeline->Illuminate\\Routing\\{closure}(Object(Illuminate\\Http\\Request))
#55 /var/www/html/dainikShahtha/vendor/laravel/framework/src/Illuminate/Foundation/Http/Kernel.php(151): Illuminate\\Pipeline\\Pipeline->then(Object(Closure))
#56 /var/www/html/dainikShahtha/vendor/laravel/framework/src/Illuminate/Foundation/Http/Kernel.php(116): Illuminate\\Foundation\\Http\\Kernel->sendRequestThroughRouter(Object(Illuminate\\Http\\Request))
#57 /var/www/html/dainikShahtha/public/index.php(55): Illuminate\\Foundation\\Http\\Kernel->handle(Object(Illuminate\\Http\\Request))
#58 /var/www/html/dainikShahtha/server.php(21): require_once('/var/www/html/d...')
#59 {main}
"} 
[2026-03-26 19:38:23] local.ERROR: file_put_contents(D:\Personal Projects\dainikShahtha\storage\framework\views/cca79836c9896ead3693bf5fb5fe5762ba905db1.php): failed to open stream: No such file or directory {"exception":"[object] (ErrorException(code: 0): file_put_contents(D:\\Personal Projects\\dainikShahtha\\storage\\framework\\views/cca79836c9896ead3693bf5fb5fe5762ba905db1.php): failed to open stream: No such file or directory at /var/www/html/dainikShahtha/vendor/laravel/framework/src/Illuminate/Filesystem/Filesystem.php:122)
[stacktrace]
#0 [internal function]: Illuminate\\Foundation\\Bootstrap\\HandleExceptions->handleError(2, 'file_put_conten...', '/var/www/html/d...', 122, Array)
#1 /var/www/html/dainikShahtha/vendor/laravel/framework/src/Illuminate/Filesystem/Filesystem.php(122): file_put_contents('D:\\\\Personal Pro...', '<?php $__env->s...', 0)
#2 /var/www/html/dainikShahtha/vendor/laravel/framework/src/Illuminate/View/Compilers/BladeCompiler.php(122): Illuminate\\Filesystem\\Filesystem->put('D:\\\\Personal Pro...', '<?php $__env->s...')
#3 /var/www/html/dainikShahtha/vendor/laravel/framework/src/Illuminate/View/Engines/CompilerEngine.php(51): Illuminate\\View\\Compilers\\BladeCompiler->compile('/var/www/html/d...')
#4 /var/www/html/dainikShahtha/vendor/laravel/framework/src/Illuminate/View/View.php(142): Illuminate\\View\\Engines\\CompilerEngine->get('/var/www/html/d...', Array)
#5 /var/www/html/dainikShahtha/vendor/laravel/framework/src/Illuminate/View/View.php(125): Illuminate\\View\\View->getContents()
#6 /var/www/html/dainikShahtha/vendor/laravel/framework/src/Illuminate/View/View.php(90): Illuminate\\View\\View->renderContents()
#7 /var/www/html/dainikShahtha/vendor/laravel/framework/src/Illuminate/Http/Response.php(42): Illuminate\\View\\View->render()
#8 /var/www/html/dainikShahtha/vendor/symfony/http-foundation/Response.php(205): Illuminate\\Http\\Response->setContent(Object(Illuminate\\View\\View))
#9 /var/www/html/dainikShahtha/vendor/laravel/framework/src/Illuminate/Routing/ResponseFactory.php(55): Symfony\\Component\\HttpFoundation\\Response->__construct(Object(Illuminate\\View\\View), 500, Array)
#10 /var/www/html/dainikShahtha/vendor/laravel/framework/src/Illuminate/Routing/ResponseFactory.php(81): Illuminate\\Routing\\ResponseFactory->make(Object(Illuminate\\View\\View), 500, Array)
#11 /var/www/html/dainikShahtha/vendor/laravel/framework/src/Illuminate/Foundation/Exceptions/Handler.php(380): Illuminate\\Routing\\ResponseFactory->view('errors::500', Array, 500, Array)
#12 /var/www/html/dainikShahtha/vendor/laravel/framework/src/Illuminate/Foundation/Exceptions/Handler.php(289): Illuminate\\Foundation\\Exceptions\\Handler->renderHttpException(Object(Symfony\\Component\\HttpKernel\\Exception\\HttpException))
#13 /var/www/html/dainikShahtha/vendor/laravel/framework/src/Illuminate/Foundation/Exceptions/Handler.php(188): Illuminate\\Foundation\\Exceptions\\Handler->prepareResponse(Object(Illuminate\\Http\\Request), Object(Symfony\\Component\\HttpKernel\\Exception\\HttpException))
#14 /var/www/html/dainikShahtha/app/Exceptions/Handler.php(49): Illuminate\\Foundation\\Exceptions\\Handler->render(Object(Illuminate\\Http\\Request), Object(ErrorException))
#15 /var/www/html/dainikShahtha/vendor/laravel/framework/src/Illuminate/Routing/Pipeline.php(83): App\\Exceptions\\Handler->render(Object(Illuminate\\Http\\Request), Object(ErrorException))
#16 /var/www/html/dainikShahtha/vendor/laravel/framework/src/Illuminate/Routing/Pipeline.php(55): Illuminate\\Routing\\Pipeline->handleException(Object(Illuminate\\Http\\Request), Object(ErrorException))
#17 /var/www/html/dainikShahtha/vendor/laravel/framework/src/Illuminate/Session/Middleware/StartSession.php(63): Illuminate\\Routing\\Pipeline->Illuminate\\Routing\\{closure}(Object(Illuminate\\Http\\Request))
#18 /var/www/html/dainikShahtha/vendor/laravel/framework/src/Illuminate/Pipeline/Pipeline.php(163): Illuminate\\Session\\Middleware\\StartSession->handle(Object(Illuminate\\Http\\Request), Object(Closure))
#19 /var/www/html/dainikShahtha/vendor/laravel/framework/src/Illuminate/Routing/Pipeline.php(53): Illuminate\\Pipeline\\Pipeline->Illuminate\\Pipeline\\{closure}(Object(Illuminate\\Http\\Request))
#20 /var/www/html/dainikShahtha/vendor/laravel/framework/src/Illuminate/Cookie/Middleware/AddQueuedCookiesToResponse.php(37): Illuminate\\Routing\\Pipeline->Illuminate\\Routing\\{closure}(Object(Illuminate\\Http\\Request))
#21 /var/www/html/dainikShahtha/vendor/laravel/framework/src/Illuminate/Pipeline/Pipeline.php(163): Illuminate\\Cookie\\Middleware\\AddQueuedCookiesToResponse->handle(Object(Illuminate\\Http\\Request), Object(Closure))
#22 /var/www/html/dainikShahtha/vendor/laravel/framework/src/Illuminate/Routing/Pipeline.php(53): Illuminate\\Pipeline\\Pipeline->Illuminate\\Pipeline\\{closure}(Object(Illuminate\\Http\\Request))
#23 /var/www/html/dainikShahtha/vendor/laravel/framework/src/Illuminate/Cookie/Middleware/EncryptCookies.php(66): Illuminate\\Routing\\Pipeline->Illuminate\\Routing\\{closure}(Object(Illuminate\\Http\\Request))
#24 /var/www/html/dainikShahtha/vendor/laravel/framework/src/Illuminate/Pipeline/Pipeline.php(163): Illuminate\\Cookie\\Middleware\\EncryptCookies->handle(Object(Illuminate\\Http\\Request), Object(Closure))
#25 /var/www/html/dainikShahtha/vendor/laravel/framework/src/Illuminate/Routing/Pipeline.php(53): Illuminate\\Pipeline\\Pipeline->Illuminate\\Pipeline\\{closure}(Object(Illuminate\\Http\\Request))
#26 /var/www/html/dainikShahtha/vendor/laravel/framework/src/Illuminate/Pipeline/Pipeline.php(104): Illuminate\\Routing\\Pipeline->Illuminate\\Routing\\{closure}(Object(Illuminate\\Http\\Request))
#27 /var/www/html/dainikShahtha/vendor/laravel/framework/src/Illuminate/Routing/Router.php(684): Illuminate\\Pipeline\\Pipeline->then(Object(Closure))
#28 /var/www/html/dainikShahtha/vendor/laravel/framework/src/Illuminate/Routing/Router.php(659): Illuminate\\Routing\\Router->runRouteWithinStack(Object(Illuminate\\Routing\\Route), Object(Illuminate\\Http\\Request))
#29 /var/www/html/dainikShahtha/vendor/laravel/framework/src/Illuminate/Routing/Router.php(625): Illuminate\\Routing\\Router->runRoute(Object(Illuminate\\Http\\Request), Object(Illuminate\\Routing\\Route))
#30 /var/www/html/dainikShahtha/vendor/laravel/framework/src/Illuminate/Routing/Router.php(614): Illuminate\\Routing\\Router->dispatchToRoute(Object(Illuminate\\Http\\Request))
#31 /var/www/html/dainikShahtha/vendor/laravel/framework/src/Illuminate/Foundation/Http/Kernel.php(176): Illuminate\\Routing\\Router->dispatch(Object(Illuminate\\Http\\Request))
#32 /var/www/html/dainikShahtha/vendor/laravel/framework/src/Illuminate/Routing/Pipeline.php(30): Illuminate\\Foundation\\Http\\Kernel->Illuminate\\Foundation\\Http\\{closure}(Object(Illuminate\\Http\\Request))
#33 /var/www/html/dainikShahtha/vendor/barryvdh/laravel-debugbar/src/Middleware/InjectDebugbar.php(58): Illuminate\\Routing\\Pipeline->Illuminate\\Routing\\{closure}(Object(Illuminate\\Http\\Request))
#34 /var/www/html/dainikShahtha/vendor/laravel/framework/src/Illuminate/Pipeline/Pipeline.php(163): Barryvdh\\Debugbar\\Middleware\\InjectDebugbar->handle(Object(Illuminate\\Http\\Request), Object(Closure))
#35 /var/www/html/dainikShahtha/vendor/laravel/framework/src/Illuminate/Routing/Pipeline.php(53): Illuminate\\Pipeline\\Pipeline->Illuminate\\Pipeline\\{closure}(Object(Illuminate\\Http\\Request))
#36 /var/www/html/dainikShahtha/vendor/fideloper/proxy/src/TrustProxies.php(57): Illuminate\\Routing\\Pipeline->Illuminate\\Routing\\{closure}(Object(Illuminate\\Http\\Request))
#37 /var/www/html/dainikShahtha/vendor/laravel/framework/src/Illuminate/Pipeline/Pipeline.php(163): Fideloper\\Proxy\\TrustProxies->handle(Object(Illuminate\\Http\\Request), Object(Closure))
#38 /var/www/html/dainikShahtha/vendor/laravel/framework/src/Illuminate/Routing/Pipeline.php(53): Illuminate\\Pipeline\\Pipeline->Illuminate\\Pipeline\\{closure}(Object(Illuminate\\Http\\Request))
#39 /var/www/html/dainikShahtha/vendor/laravel/framework/src/Illuminate/Foundation/Http/Middleware/TransformsRequest.php(31): Illuminate\\Routing\\Pipeline->Illuminate\\Routing\\{closure}(Object(Illuminate\\Http\\Request))
#40 /var/www/html/dainikShahtha/vendor/laravel/framework/src/Illuminate/Pipeline/Pipeline.php(163): Illuminate\\Foundation\\Http\\Middleware\\TransformsRequest->handle(Object(Illuminate\\Http\\Request), Object(Closure))
#41 /var/www/html/dainikShahtha/vendor/laravel/framework/src/Illuminate/Routing/Pipeline.php(53): Illuminate\\Pipeline\\Pipeline->Illuminate\\Pipeline\\{closure}(Object(Illuminate\\Http\\Request))
#42 /var/www/html/dainikShahtha/vendor/laravel/framework/src/Illuminate/Foundation/Http/Middleware/TransformsRequest.php(31): Illuminate\\Routing\\Pipeline->Illuminate\\Routing\\{closure}(Object(Illuminate\\Http\\Request))
#43 /var/www/html/dainikShahtha/vendor/laravel/framework/src/Illuminate/Pipeline/Pipeline.php(163): Illuminate\\Foundation\\Http\\Middleware\\TransformsRequest->handle(Object(Illuminate\\Http\\Request), Object(Closure))
#44 /var/www/html/dainikShahtha/vendor/laravel/framework/src/Illuminate/Routing/Pipeline.php(53): Illuminate\\Pipeline\\Pipeline->Illuminate\\Pipeline\\{closure}(Object(Illuminate\\Http\\Request))
#45 /var/www/html/dainikShahtha/vendor/laravel/framework/src/Illuminate/Foundation/Http/Middleware/ValidatePostSize.php(27): Illuminate\\Routing\\Pipeline->Illuminate\\Routing\\{closure}(Object(Illuminate\\Http\\Request))
#46 /var/www/html/dainikShahtha/vendor/laravel/framework/src/Illuminate/Pipeline/Pipeline.php(163): Illuminate\\Foundation\\Http\\Middleware\\ValidatePostSize->handle(Object(Illuminate\\Http\\Request), Object(Closure))
#47 /var/www/html/dainikShahtha/vendor/laravel/framework/src/Illuminate/Routing/Pipeline.php(53): Illuminate\\Pipeline\\Pipeline->Illuminate\\Pipeline\\{closure}(Object(Illuminate\\Http\\Request))
#48 /var/www/html/dainikShahtha/vendor/laravel/framework/src/Illuminate/Foundation/Http/Middleware/CheckForMaintenanceMode.php(62): Illuminate\\Routing\\Pipeline->Illuminate\\Routing\\{closure}(Object(Illuminate\\Http\\Request))
#49 /var/www/html/dainikShahtha/vendor/laravel/framework/src/Illuminate/Pipeline/Pipeline.php(163): Illuminate\\Foundation\\Http\\Middleware\\CheckForMaintenanceMode->handle(Object(Illuminate\\Http\\Request), Object(Closure))
#50 /var/www/html/dainikShahtha/vendor/laravel/framework/src/Illuminate/Routing/Pipeline.php(53): Illuminate\\Pipeline\\Pipeline->Illuminate\\Pipeline\\{closure}(Object(Illuminate\\Http\\Request))
#51 /var/www/html/dainikShahtha/vendor/laravel/framework/src/Illuminate/Pipeline/Pipeline.php(104): Illuminate\\Routing\\Pipeline->Illuminate\\Routing\\{closure}(Object(Illuminate\\Http\\Request))
#52 /var/www/html/dainikShahtha/vendor/laravel/framework/src/Illuminate/Foundation/Http/Kernel.php(151): Illuminate\\Pipeline\\Pipeline->then(Object(Closure))
#53 /var/www/html/dainikShahtha/vendor/laravel/framework/src/Illuminate/Foundation/Http/Kernel.php(116): Illuminate\\Foundation\\Http\\Kernel->sendRequestThroughRouter(Object(Illuminate\\Http\\Request))
#54 /var/www/html/dainikShahtha/public/index.php(55): Illuminate\\Foundation\\Http\\Kernel->handle(Object(Illuminate\\Http\\Request))
#55 /var/www/html/dainikShahtha/server.php(21): require_once('/var/www/html/d...')
#56 {main}
"} 
[2026-03-26 19:38:23] local.ERROR: file_put_contents(D:\Personal Projects\dainikShahtha\storage\framework\views/cca79836c9896ead3693bf5fb5fe5762ba905db1.php): failed to open stream: No such file or directory {"exception":"[object] (ErrorException(code: 0): file_put_contents(D:\\Personal Projects\\dainikShahtha\\storage\\framework\\views/cca79836c9896ead3693bf5fb5fe5762ba905db1.php): failed to open stream: No such file or directory at /var/www/html/dainikShahtha/vendor/laravel/framework/src/Illuminate/Filesystem/Filesystem.php:122)
[stacktrace]
#0 [internal function]: Illuminate\\Foundation\\Bootstrap\\HandleExceptions->handleError(2, 'file_put_conten...', '/var/www/html/d...', 122, Array)
#1 /var/www/html/dainikShahtha/vendor/laravel/framework/src/Illuminate/Filesystem/Filesystem.php(122): file_put_contents('D:\\\\Personal Pro...', '<?php $__env->s...', 0)
#2 /var/www/html/dainikShahtha/vendor/laravel/framework/src/Illuminate/View/Compilers/BladeCompiler.php(122): Illuminate\\Filesystem\\Filesystem->put('D:\\\\Personal Pro...', '<?php $__env->s...')
#3 /var/www/html/dainikShahtha/vendor/laravel/framework/src/Illuminate/View/Engines/CompilerEngine.php(51): Illuminate\\View\\Compilers\\BladeCompiler->compile('/var/www/html/d...')
#4 /var/www/html/dainikShahtha/vendor/laravel/framework/src/Illuminate/View/View.php(142): Illuminate\\View\\Engines\\CompilerEngine->get('/var/www/html/d...', Array)
#5 /var/www/html/dainikShahtha/vendor/laravel/framework/src/Illuminate/View/View.php(125): Illuminate\\View\\View->getContents()
#6 /var/www/html/dainikShahtha/vendor/laravel/framework/src/Illuminate/View/View.php(90): Illuminate\\View\\View->renderContents()
#7 /var/www/html/dainikShahtha/vendor/laravel/framework/src/Illuminate/Http/Response.php(42): Illuminate\\View\\View->render()
#8 /var/www/html/dainikShahtha/vendor/symfony/http-foundation/Response.php(205): Illuminate\\Http\\Response->setContent(Object(Illuminate\\View\\View))
#9 /var/www/html/dainikShahtha/vendor/laravel/framework/src/Illuminate/Routing/ResponseFactory.php(55): Symfony\\Component\\HttpFoundation\\Response->__construct(Object(Illuminate\\View\\View), 500, Array)
#10 /var/www/html/dainikShahtha/vendor/laravel/framework/src/Illuminate/Routing/ResponseFactory.php(81): Illuminate\\Routing\\ResponseFactory->make(Object(Illuminate\\View\\View), 500, Array)
#11 /var/www/html/dainikShahtha/vendor/laravel/framework/src/Illuminate/Foundation/Exceptions/Handler.php(380): Illuminate\\Routing\\ResponseFactory->view('errors::500', Array, 500, Array)
#12 /var/www/html/dainikShahtha/vendor/laravel/framework/src/Illuminate/Foundation/Exceptions/Handler.php(289): Illuminate\\Foundation\\Exceptions\\Handler->renderHttpException(Object(Symfony\\Component\\HttpKernel\\Exception\\HttpException))
#13 /var/www/html/dainikShahtha/vendor/laravel/framework/src/Illuminate/Foundation/Exceptions/Handler.php(188): Illuminate\\Foundation\\Exceptions\\Handler->prepareResponse(Object(Illuminate\\Http\\Request), Object(Symfony\\Component\\HttpKernel\\Exception\\HttpException))
#14 /var/www/html/dainikShahtha/app/Exceptions/Handler.php(49): Illuminate\\Foundation\\Exceptions\\Handler->render(Object(Illuminate\\Http\\Request), Object(ErrorException))
#15 /var/www/html/dainikShahtha/vendor/laravel/framework/src/Illuminate/Routing/Pipeline.php(83): App\\Exceptions\\Handler->render(Object(Illuminate\\Http\\Request), Object(ErrorException))
#16 /var/www/html/dainikShahtha/vendor/laravel/framework/src/Illuminate/Routing/Pipeline.php(55): Illuminate\\Routing\\Pipeline->handleException(Object(Illuminate\\Http\\Request), Object(ErrorException))
#17 /var/www/html/dainikShahtha/vendor/laravel/framework/src/Illuminate/Cookie/Middleware/AddQueuedCookiesToResponse.php(37): Illuminate\\Routing\\Pipeline->Illuminate\\Routing\\{closure}(Object(Illuminate\\Http\\Request))
#18 /var/www/html/dainikShahtha/vendor/laravel/framework/src/Illuminate/Pipeline/Pipeline.php(163): Illuminate\\Cookie\\Middleware\\AddQueuedCookiesToResponse->handle(Object(Illuminate\\Http\\Request), Object(Closure))
#19 /var/www/html/dainikShahtha/vendor/laravel/framework/src/Illuminate/Routing/Pipeline.php(53): Illuminate\\Pipeline\\Pipeline->Illuminate\\Pipeline\\{closure}(Object(Illuminate\\Http\\Request))
#20 /var/www/html/dainikShahtha/vendor/laravel/framework/src/Illuminate/Cookie/Middleware/EncryptCookies.php(66): Illuminate\\Routing\\Pipeline->Illuminate\\Routing\\{closure}(Object(Illuminate\\Http\\Request))
#21 /var/www/html/dainikShahtha/vendor/laravel/framework/src/Illuminate/Pipeline/Pipeline.php(163): Illuminate\\Cookie\\Middleware\\EncryptCookies->handle(Object(Illuminate\\Http\\Request), Object(Closure))
#22 /var/www/html/dainikShahtha/vendor/laravel/framework/src/Illuminate/Routing/Pipeline.php(53): Illuminate\\Pipeline\\Pipeline->Illuminate\\Pipeline\\{closure}(Object(Illuminate\\Http\\Request))
#23 /var/www/html/dainikShahtha/vendor/laravel/framework/src/Illuminate/Pipeline/Pipeline.php(104): Illuminate\\Routing\\Pipeline->Illuminate\\Routing\\{closure}(Object(Illuminate\\Http\\Request))
#24 /var/www/html/dainikShahtha/vendor/laravel/framework/src/Illuminate/Routing/Router.php(684): Illuminate\\Pipeline\\Pipeline->then(Object(Closure))
#25 /var/www/html/dainikShahtha/vendor/laravel/framework/src/Illuminate/Routing/Router.php(659): Illuminate\\Routing\\Router->runRouteWithinStack(Object(Illuminate\\Routing\\Route), Object(Illuminate\\Http\\Request))
#26 /var/www/html/dainikShahtha/vendor/laravel/framework/src/Illuminate/Routing/Router.php(625): Illuminate\\Routing\\Router->runRoute(Object(Illuminate\\Http\\Request), Object(Illuminate\\Routing\\Route))
#27 /var/www/html/dainikShahtha/vendor/laravel/framework/src/Illuminate/Routing/Router.php(614): Illuminate\\Routing\\Router->dispatchToRoute(Object(Illuminate\\Http\\Request))
#28 /var/www/html/dainikShahtha/vendor/laravel/framework/src/Illuminate/Foundation/Http/Kernel.php(176): Illuminate\\Routing\\Router->dispatch(Object(Illuminate\\Http\\Request))
#29 /var/www/html/dainikShahtha/vendor/laravel/framework/src/Illuminate/Routing/Pipeline.php(30): Illuminate\\Foundation\\Http\\Kernel->Illuminate\\Foundation\\Http\\{closure}(Object(Illuminate\\Http\\Request))
#30 /var/www/html/dainikShahtha/vendor/barryvdh/laravel-debugbar/src/Middleware/InjectDebugbar.php(58): Illuminate\\Routing\\Pipeline->Illuminate\\Routing\\{closure}(Object(Illuminate\\Http\\Request))
#31 /var/www/html/dainikShahtha/vendor/laravel/framework/src/Illuminate/Pipeline/Pipeline.php(163): Barryvdh\\Debugbar\\Middleware\\InjectDebugbar->handle(Object(Illuminate\\Http\\Request), Object(Closure))
#32 /var/www/html/dainikShahtha/vendor/laravel/framework/src/Illuminate/Routing/Pipeline.php(53): Illuminate\\Pipeline\\Pipeline->Illuminate\\Pipeline\\{closure}(Object(Illuminate\\Http\\Request))
#33 /var/www/html/dainikShahtha/vendor/fideloper/proxy/src/TrustProxies.php(57): Illuminate\\Routing\\Pipeline->Illuminate\\Routing\\{closure}(Object(Illuminate\\Http\\Request))
#34 /var/www/html/dainikShahtha/vendor/laravel/framework/src/Illuminate/Pipeline/Pipeline.php(163): Fideloper\\Proxy\\TrustProxies->handle(Object(Illuminate\\Http\\Request), Object(Closure))
#35 /var/www/html/dainikShahtha/vendor/laravel/framework/src/Illuminate/Routing/Pipeline.php(53): Illuminate\\Pipeline\\Pipeline->Illuminate\\Pipeline\\{closure}(Object(Illuminate\\Http\\Request))
#36 /var/www/html/dainikShahtha/vendor/laravel/framework/src/Illuminate/Foundation/Http/Middleware/TransformsRequest.php(31): Illuminate\\Routing\\Pipeline->Illuminate\\Routing\\{closure}(Object(Illuminate\\Http\\Request))
#37 /var/www/html/dainikShahtha/vendor/laravel/framework/src/Illuminate/Pipeline/Pipeline.php(163): Illuminate\\Foundation\\Http\\Middleware\\TransformsRequest->handle(Object(Illuminate\\Http\\Request), Object(Closure))
#38 /var/www/html/dainikShahtha/vendor/laravel/framework/src/Illuminate/Routing/Pipeline.php(53): Illuminate\\Pipeline\\Pipeline->Illuminate\\Pipeline\\{closure}(Object(Illuminate\\Http\\Request))
#39 /var/www/html/dainikShahtha/vendor/laravel/framework/src/Illuminate/Foundation/Http/Middleware/TransformsRequest.php(31): Illuminate\\Routing\\Pipeline->Illuminate\\Routing\\{closure}(Object(Illuminate\\Http\\Request))
#40 /var/www/html/dainikShahtha/vendor/laravel/framework/src/Illuminate/Pipeline/Pipeline.php(163): Illuminate\\Foundation\\Http\\Middleware\\TransformsRequest->handle(Object(Illuminate\\Http\\Request), Object(Closure))
#41 /var/www/html/dainikShahtha/vendor/laravel/framework/src/Illuminate/Routing/Pipeline.php(53): Illuminate\\Pipeline\\Pipeline->Illuminate\\Pipeline\\{closure}(Object(Illuminate\\Http\\Request))
#42 /var/www/html/dainikShahtha/vendor/laravel/framework/src/Illuminate/Foundation/Http/Middleware/ValidatePostSize.php(27): Illuminate\\Routing\\Pipeline->Illuminate\\Routing\\{closure}(Object(Illuminate\\Http\\Request))
#43 /var/www/html/dainikShahtha/vendor/laravel/framework/src/Illuminate/Pipeline/Pipeline.php(163): Illuminate\\Foundation\\Http\\Middleware\\ValidatePostSize->handle(Object(Illuminate\\Http\\Request), Object(Closure))
#44 /var/www/html/dainikShahtha/vendor/laravel/framework/src/Illuminate/Routing/Pipeline.php(53): Illuminate\\Pipeline\\Pipeline->Illuminate\\Pipeline\\{closure}(Object(Illuminate\\Http\\Request))
#45 /var/www/html/dainikShahtha/vendor/laravel/framework/src/Illuminate/Foundation/Http/Middleware/CheckForMaintenanceMode.php(62): Illuminate\\Routing\\Pipeline->Illuminate\\Routing\\{closure}(Object(Illuminate\\Http\\Request))
#46 /var/www/html/dainikShahtha/vendor/laravel/framework/src/Illuminate/Pipeline/Pipeline.php(163): Illuminate\\Foundation\\Http\\Middleware\\CheckForMaintenanceMode->handle(Object(Illuminate\\Http\\Request), Object(Closure))
#47 /var/www/html/dainikShahtha/vendor/laravel/framework/src/Illuminate/Routing/Pipeline.php(53): Illuminate\\Pipeline\\Pipeline->Illuminate\\Pipeline\\{closure}(Object(Illuminate\\Http\\Request))
#48 /var/www/html/dainikShahtha/vendor/laravel/framework/src/Illuminate/Pipeline/Pipeline.php(104): Illuminate\\Routing\\Pipeline->Illuminate\\Routing\\{closure}(Object(Illuminate\\Http\\Request))
#49 /var/www/html/dainikShahtha/vendor/laravel/framework/src/Illuminate/Foundation/Http/Kernel.php(151): Illuminate\\Pipeline\\Pipeline->then(Object(Closure))
#50 /var/www/html/dainikShahtha/vendor/laravel/framework/src/Illuminate/Foundation/Http/Kernel.php(116): Illuminate\\Foundation\\Http\\Kernel->sendRequestThroughRouter(Object(Illuminate\\Http\\Request))
#51 /var/www/html/dainikShahtha/public/index.php(55): Illuminate\\Foundation\\Http\\Kernel->handle(Object(Illuminate\\Http\\Request))
#52 /var/www/html/dainikShahtha/server.php(21): require_once('/var/www/html/d...')
#53 {main}
"} 
[2026-03-26 19:38:23] local.ERROR: file_put_contents(D:\Personal Projects\dainikShahtha\storage\framework\views/cca79836c9896ead3693bf5fb5fe5762ba905db1.php): failed to open stream: No such file or directory {"exception":"[object] (ErrorException(code: 0): file_put_contents(D:\\Personal Projects\\dainikShahtha\\storage\\framework\\views/cca79836c9896ead3693bf5fb5fe5762ba905db1.php): failed to open stream: No such file or directory at /var/www/html/dainikShahtha/vendor/laravel/framework/src/Illuminate/Filesystem/Filesystem.php:122)
[stacktrace]
#0 [internal function]: Illuminate\\Foundation\\Bootstrap\\HandleExceptions->handleError(2, 'file_put_conten...', '/var/www/html/d...', 122, Array)
#1 /var/www/html/dainikShahtha/vendor/laravel/framework/src/Illuminate/Filesystem/Filesystem.php(122): file_put_contents('D:\\\\Personal Pro...', '<?php $__env->s...', 0)
#2 /var/www/html/dainikShahtha/vendor/laravel/framework/src/Illuminate/View/Compilers/BladeCompiler.php(122): Illuminate\\Filesystem\\Filesystem->put('D:\\\\Personal Pro...', '<?php $__env->s...')
#3 /var/www/html/dainikShahtha/vendor/laravel/framework/src/Illuminate/View/Engines/CompilerEngine.php(51): Illuminate\\View\\Compilers\\BladeCompiler->compile('/var/www/html/d...')
#4 /var/www/html/dainikShahtha/vendor/laravel/framework/src/Illuminate/View/View.php(142): Illuminate\\View\\Engines\\CompilerEngine->get('/var/www/html/d...', Array)
#5 /var/www/html/dainikShahtha/vendor/laravel/framework/src/Illuminate/View/View.php(125): Illuminate\\View\\View->getContents()
#6 /var/www/html/dainikShahtha/vendor/laravel/framework/src/Illuminate/View/View.php(90): Illuminate\\View\\View->renderContents()
#7 /var/www/html/dainikShahtha/vendor/laravel/framework/src/Illuminate/Http/Response.php(42): Illuminate\\View\\View->render()
#8 /var/www/html/dainikShahtha/vendor/symfony/http-foundation/Response.php(205): Illuminate\\Http\\Response->setContent(Object(Illuminate\\View\\View))
#9 /var/www/html/dainikShahtha/vendor/laravel/framework/src/Illuminate/Routing/ResponseFactory.php(55): Symfony\\Component\\HttpFoundation\\Response->__construct(Object(Illuminate\\View\\View), 500, Array)
#10 /var/www/html/dainikShahtha/vendor/laravel/framework/src/Illuminate/Routing/ResponseFactory.php(81): Illuminate\\Routing\\ResponseFactory->make(Object(Illuminate\\View\\View), 500, Array)
#11 /var/www/html/dainikShahtha/vendor/laravel/framework/src/Illuminate/Foundation/Exceptions/Handler.php(380): Illuminate\\Routing\\ResponseFactory->view('errors::500', Array, 500, Array)
#12 /var/www/html/dainikShahtha/vendor/laravel/framework/src/Illuminate/Foundation/Exceptions/Handler.php(289): Illuminate\\Foundation\\Exceptions\\Handler->renderHttpException(Object(Symfony\\Component\\HttpKernel\\Exception\\HttpException))
#13 /var/www/html/dainikShahtha/vendor/laravel/framework/src/Illuminate/Foundation/Exceptions/Handler.php(188): Illuminate\\Foundation\\Exceptions\\Handler->prepareResponse(Object(Illuminate\\Http\\Request), Object(Symfony\\Component\\HttpKernel\\Exception\\HttpException))
#14 /var/www/html/dainikShahtha/app/Exceptions/Handler.php(49): Illuminate\\Foundation\\Exceptions\\Handler->render(Object(Illuminate\\Http\\Request), Object(ErrorException))
#15 /var/www/html/dainikShahtha/vendor/laravel/framework/src/Illuminate/Routing/Pipeline.php(83): App\\Exceptions\\Handler->render(Object(Illuminate\\Http\\Request), Object(ErrorException))
#16 /var/www/html/dainikShahtha/vendor/laravel/framework/src/Illuminate/Routing/Pipeline.php(55): Illuminate\\Routing\\Pipeline->handleException(Object(Illuminate\\Http\\Request), Object(ErrorException))
#17 /var/www/html/dainikShahtha/vendor/laravel/framework/src/Illuminate/Cookie/Middleware/EncryptCookies.php(66): Illuminate\\Routing\\Pipeline->Illuminate\\Routing\\{closure}(Object(Illuminate\\Http\\Request))
#18 /var/www/html/dainikShahtha/vendor/laravel/framework/src/Illuminate/Pipeline/Pipeline.php(163): Illuminate\\Cookie\\Middleware\\EncryptCookies->handle(Object(Illuminate\\Http\\Request), Object(Closure))
#19 /var/www/html/dainikShahtha/vendor/laravel/framework/src/Illuminate/Routing/Pipeline.php(53): Illuminate\\Pipeline\\Pipeline->Illuminate\\Pipeline\\{closure}(Object(Illuminate\\Http\\Request))
#20 /var/www/html/dainikShahtha/vendor/laravel/framework/src/Illuminate/Pipeline/Pipeline.php(104): Illuminate\\Routing\\Pipeline->Illuminate\\Routing\\{closure}(Object(Illuminate\\Http\\Request))
#21 /var/www/html/dainikShahtha/vendor/laravel/framework/src/Illuminate/Routing/Router.php(684): Illuminate\\Pipeline\\Pipeline->then(Object(Closure))
#22 /var/www/html/dainikShahtha/vendor/laravel/framework/src/Illuminate/Routing/Router.php(659): Illuminate\\Routing\\Router->runRouteWithinStack(Object(Illuminate\\Routing\\Route), Object(Illuminate\\Http\\Request))
#23 /var/www/html/dainikShahtha/vendor/laravel/framework/src/Illuminate/Routing/Router.php(625): Illuminate\\Routing\\Router->runRoute(Object(Illuminate\\Http\\Request), Object(Illuminate\\Routing\\Route))
#24 /var/www/html/dainikShahtha/vendor/laravel/framework/src/Illuminate/Routing/Router.php(614): Illuminate\\Routing\\Router->dispatchToRoute(Object(Illuminate\\Http\\Request))
#25 /var/www/html/dainikShahtha/vendor/laravel/framework/src/Illuminate/Foundation/Http/Kernel.php(176): Illuminate\\Routing\\Router->dispatch(Object(Illuminate\\Http\\Request))
#26 /var/www/html/dainikShahtha/vendor/laravel/framework/src/Illuminate/Routing/Pipeline.php(30): Illuminate\\Foundation\\Http\\Kernel->Illuminate\\Foundation\\Http\\{closure}(Object(Illuminate\\Http\\Request))
#27 /var/www/html/dainikShahtha/vendor/barryvdh/laravel-debugbar/src/Middleware/InjectDebugbar.php(58): Illuminate\\Routing\\Pipeline->Illuminate\\Routing\\{closure}(Object(Illuminate\\Http\\Request))
#28 /var/www/html/dainikShahtha/vendor/laravel/framework/src/Illuminate/Pipeline/Pipeline.php(163): Barryvdh\\Debugbar\\Middleware\\InjectDebugbar->handle(Object(Illuminate\\Http\\Request), Object(Closure))
#29 /var/www/html/dainikShahtha/vendor/laravel/framework/src/Illuminate/Routing/Pipeline.php(53): Illuminate\\Pipeline\\Pipeline->Illuminate\\Pipeline\\{closure}(Object(Illuminate\\Http\\Request))
#30 /var/www/html/dainikShahtha/vendor/fideloper/proxy/src/TrustProxies.php(57): Illuminate\\Routing\\Pipeline->Illuminate\\Routing\\{closure}(Object(Illuminate\\Http\\Request))
#31 /var/www/html/dainikShahtha/vendor/laravel/framework/src/Illuminate/Pipeline/Pipeline.php(163): Fideloper\\Proxy\\TrustProxies->handle(Object(Illuminate\\Http\\Request), Object(Closure))
#32 /var/www/html/dainikShahtha/vendor/laravel/framework/src/Illuminate/Routing/Pipeline.php(53): Illuminate\\Pipeline\\Pipeline->Illuminate\\Pipeline\\{closure}(Object(Illuminate\\Http\\Request))
#33 /var/www/html/dainikShahtha/vendor/laravel/framework/src/Illuminate/Foundation/Http/Middleware/TransformsRequest.php(31): Illuminate\\Routing\\Pipeline->Illuminate\\Routing\\{closure}(Object(Illuminate\\Http\\Request))
#34 /var/www/html/dainikShahtha/vendor/laravel/framework/src/Illuminate/Pipeline/Pipeline.php(163): Illuminate\\Foundation\\Http\\Middleware\\TransformsRequest->handle(Object(Illuminate\\Http\\Request), Object(Closure))
#35 /var/www/html/dainikShahtha/vendor/laravel/framework/src/Illuminate/Routing/Pipeline.php(53): Illuminate\\Pipeline\\Pipeline->Illuminate\\Pipeline\\{closure}(Object(Illuminate\\Http\\Request))
#36 /var/www/html/dainikShahtha/vendor/laravel/framework/src/Illuminate/Foundation/Http/Middleware/TransformsRequest.php(31): Illuminate\\Routing\\Pipeline->Illuminate\\Routing\\{closure}(Object(Illuminate\\Http\\Request))
#37 /var/www/html/dainikShahtha/vendor/laravel/framework/src/Illuminate/Pipeline/Pipeline.php(163): Illuminate\\Foundation\\Http\\Middleware\\TransformsRequest->handle(Object(Illuminate\\Http\\Request), Object(Closure))
#38 /var/www/html/dainikShahtha/vendor/laravel/framework/src/Illuminate/Routing/Pipeline.php(53): Illuminate\\Pipeline\\Pipeline->Illuminate\\Pipeline\\{closure}(Object(Illuminate\\Http\\Request))
#39 /var/www/html/dainikShahtha/vendor/laravel/framework/src/Illuminate/Foundation/Http/Middleware/ValidatePostSize.php(27): Illuminate\\Routing\\Pipeline->Illuminate\\Routing\\{closure}(Object(Illuminate\\Http\\Request))
#40 /var/www/html/dainikShahtha/vendor/laravel/framework/src/Illuminate/Pipeline/Pipeline.php(163): Illuminate\\Foundation\\Http\\Middleware\\ValidatePostSize->handle(Object(Illuminate\\Http\\Request), Object(Closure))
#41 /var/www/html/dainikShahtha/vendor/laravel/framework/src/Illuminate/Routing/Pipeline.php(53): Illuminate\\Pipeline\\Pipeline->Illuminate\\Pipeline\\{closure}(Object(Illuminate\\Http\\Request))
#42 /var/www/html/dainikShahtha/vendor/laravel/framework/src/Illuminate/Foundation/Http/Middleware/CheckForMaintenanceMode.php(62): Illuminate\\Routing\\Pipeline->Illuminate\\Routing\\{closure}(Object(Illuminate\\Http\\Request))
#43 /var/www/html/dainikShahtha/vendor/laravel/framework/src/Illuminate/Pipeline/Pipeline.php(163): Illuminate\\Foundation\\Http\\Middleware\\CheckForMaintenanceMode->handle(Object(Illuminate\\Http\\Request), Object(Closure))
#44 /var/www/html/dainikShahtha/vendor/laravel/framework/src/Illuminate/Routing/Pipeline.php(53): Illuminate\\Pipeline\\Pipeline->Illuminate\\Pipeline\\{closure}(Object(Illuminate\\Http\\Request))
#45 /var/www/html/dainikShahtha/vendor/laravel/framework/src/Illuminate/Pipeline/Pipeline.php(104): Illuminate\\Routing\\Pipeline->Illuminate\\Routing\\{closure}(Object(Illuminate\\Http\\Request))
#46 /var/www/html/dainikShahtha/vendor/laravel/framework/src/Illuminate/Foundation/Http/Kernel.php(151): Illuminate\\Pipeline\\Pipeline->then(Object(Closure))
#47 /var/www/html/dainikShahtha/vendor/laravel/framework/src/Illuminate/Foundation/Http/Kernel.php(116): Illuminate\\Foundation\\Http\\Kernel->sendRequestThroughRouter(Object(Illuminate\\Http\\Request))
#48 /var/www/html/dainikShahtha/public/index.php(55): Illuminate\\Foundation\\Http\\Kernel->handle(Object(Illuminate\\Http\\Request))
#49 /var/www/html/dainikShahtha/server.php(21): require_once('/var/www/html/d...')
#50 {main}
"} 
[2026-03-26 19:38:23] local.ERROR: file_put_contents(D:\Personal Projects\dainikShahtha\storage\framework\views/cca79836c9896ead3693bf5fb5fe5762ba905db1.php): failed to open stream: No such file or directory {"exception":"[object] (ErrorException(code: 0): file_put_contents(D:\\Personal Projects\\dainikShahtha\\storage\\framework\\views/cca79836c9896ead3693bf5fb5fe5762ba905db1.php): failed to open stream: No such file or directory at /var/www/html/dainikShahtha/vendor/laravel/framework/src/Illuminate/Filesystem/Filesystem.php:122)
[stacktrace]
#0 [internal function]: Illuminate\\Foundation\\Bootstrap\\HandleExceptions->handleError(2, 'file_put_conten...', '/var/www/html/d...', 122, Array)
#1 /var/www/html/dainikShahtha/vendor/laravel/framework/src/Illuminate/Filesystem/Filesystem.php(122): file_put_contents('D:\\\\Personal Pro...', '<?php $__env->s...', 0)
#2 /var/www/html/dainikShahtha/vendor/laravel/framework/src/Illuminate/View/Compilers/BladeCompiler.php(122): Illuminate\\Filesystem\\Filesystem->put('D:\\\\Personal Pro...', '<?php $__env->s...')
#3 /var/www/html/dainikShahtha/vendor/laravel/framework/src/Illuminate/View/Engines/CompilerEngine.php(51): Illuminate\\View\\Compilers\\BladeCompiler->compile('/var/www/html/d...')
#4 /var/www/html/dainikShahtha/vendor/laravel/framework/src/Illuminate/View/View.php(142): Illuminate\\View\\Engines\\CompilerEngine->get('/var/www/html/d...', Array)
#5 /var/www/html/dainikShahtha/vendor/laravel/framework/src/Illuminate/View/View.php(125): Illuminate\\View\\View->getContents()
#6 /var/www/html/dainikShahtha/vendor/laravel/framework/src/Illuminate/View/View.php(90): Illuminate\\View\\View->renderContents()
#7 /var/www/html/dainikShahtha/vendor/laravel/framework/src/Illuminate/Http/Response.php(42): Illuminate\\View\\View->render()
#8 /var/www/html/dainikShahtha/vendor/symfony/http-foundation/Response.php(205): Illuminate\\Http\\Response->setContent(Object(Illuminate\\View\\View))
#9 /var/www/html/dainikShahtha/vendor/laravel/framework/src/Illuminate/Routing/ResponseFactory.php(55): Symfony\\Component\\HttpFoundation\\Response->__construct(Object(Illuminate\\View\\View), 500, Array)
#10 /var/www/html/dainikShahtha/vendor/laravel/framework/src/Illuminate/Routing/ResponseFactory.php(81): Illuminate\\Routing\\ResponseFactory->make(Object(Illuminate\\View\\View), 500, Array)
#11 /var/www/html/dainikShahtha/vendor/laravel/framework/src/Illuminate/Foundation/Exceptions/Handler.php(380): Illuminate\\Routing\\ResponseFactory->view('errors::500', Array, 500, Array)
#12 /var/www/html/dainikShahtha/vendor/laravel/framework/src/Illuminate/Foundation/Exceptions/Handler.php(289): Illuminate\\Foundation\\Exceptions\\Handler->renderHttpException(Object(Symfony\\Component\\HttpKernel\\Exception\\HttpException))
#13 /var/www/html/dainikShahtha/vendor/laravel/framework/src/Illuminate/Foundation/Exceptions/Handler.php(188): Illuminate\\Foundation\\Exceptions\\Handler->prepareResponse(Object(Illuminate\\Http\\Request), Object(Symfony\\Component\\HttpKernel\\Exception\\HttpException))
#14 /var/www/html/dainikShahtha/app/Exceptions/Handler.php(49): Illuminate\\Foundation\\Exceptions\\Handler->render(Object(Illuminate\\Http\\Request), Object(ErrorException))
#15 /var/www/html/dainikShahtha/vendor/laravel/framework/src/Illuminate/Routing/Pipeline.php(83): App\\Exceptions\\Handler->render(Object(Illuminate\\Http\\Request), Object(ErrorException))
#16 /var/www/html/dainikShahtha/vendor/laravel/framework/src/Illuminate/Routing/Pipeline.php(55): Illuminate\\Routing\\Pipeline->handleException(Object(Illuminate\\Http\\Request), Object(ErrorException))
#17 /var/www/html/dainikShahtha/vendor/laravel/framework/src/Illuminate/Pipeline/Pipeline.php(104): Illuminate\\Routing\\Pipeline->Illuminate\\Routing\\{closure}(Object(Illuminate\\Http\\Request))
#18 /var/www/html/dainikShahtha/vendor/laravel/framework/src/Illuminate/Routing/Router.php(684): Illuminate\\Pipeline\\Pipeline->then(Object(Closure))
#19 /var/www/html/dainikShahtha/vendor/laravel/framework/src/Illuminate/Routing/Router.php(659): Illuminate\\Routing\\Router->runRouteWithinStack(Object(Illuminate\\Routing\\Route), Object(Illuminate\\Http\\Request))
#20 /var/www/html/dainikShahtha/vendor/laravel/framework/src/Illuminate/Routing/Router.php(625): Illuminate\\Routing\\Router->runRoute(Object(Illuminate\\Http\\Request), Object(Illuminate\\Routing\\Route))
#21 /var/www/html/dainikShahtha/vendor/laravel/framework/src/Illuminate/Routing/Router.php(614): Illuminate\\Routing\\Router->dispatchToRoute(Object(Illuminate\\Http\\Request))
#22 /var/www/html/dainikShahtha/vendor/laravel/framework/src/Illuminate/Foundation/Http/Kernel.php(176): Illuminate\\Routing\\Router->dispatch(Object(Illuminate\\Http\\Request))
#23 /var/www/html/dainikShahtha/vendor/laravel/framework/src/Illuminate/Routing/Pipeline.php(30): Illuminate\\Foundation\\Http\\Kernel->Illuminate\\Foundation\\Http\\{closure}(Object(Illuminate\\Http\\Request))
#24 /var/www/html/dainikShahtha/vendor/barryvdh/laravel-debugbar/src/Middleware/InjectDebugbar.php(58): Illuminate\\Routing\\Pipeline->Illuminate\\Routing\\{closure}(Object(Illuminate\\Http\\Request))
#25 /var/www/html/dainikShahtha/vendor/laravel/framework/src/Illuminate/Pipeline/Pipeline.php(163): Barryvdh\\Debugbar\\Middleware\\InjectDebugbar->handle(Object(Illuminate\\Http\\Request), Object(Closure))
#26 /var/www/html/dainikShahtha/vendor/laravel/framework/src/Illuminate/Routing/Pipeline.php(53): Illuminate\\Pipeline\\Pipeline->Illuminate\\Pipeline\\{closure}(Object(Illuminate\\Http\\Request))
#27 /var/www/html/dainikShahtha/vendor/fideloper/proxy/src/TrustProxies.php(57): Illuminate\\Routing\\Pipeline->Illuminate\\Routing\\{closure}(Object(Illuminate\\Http\\Request))
#28 /var/www/html/dainikShahtha/vendor/laravel/framework/src/Illuminate/Pipeline/Pipeline.php(163): Fideloper\\Proxy\\TrustProxies->handle(Object(Illuminate\\Http\\Request), Object(Closure))
#29 /var/www/html/dainikShahtha/vendor/laravel/framework/src/Illuminate/Routing/Pipeline.php(53): Illuminate\\Pipeline\\Pipeline->Illuminate\\Pipeline\\{closure}(Object(Illuminate\\Http\\Request))
#30 /var/www/html/dainikShahtha/vendor/laravel/framework/src/Illuminate/Foundation/Http/Middleware/TransformsRequest.php(31): Illuminate\\Routing\\Pipeline->Illuminate\\Routing\\{closure}(Object(Illuminate\\Http\\Request))
#31 /var/www/html/dainikShahtha/vendor/laravel/framework/src/Illuminate/Pipeline/Pipeline.php(163): Illuminate\\Foundation\\Http\\Middleware\\TransformsRequest->handle(Object(Illuminate\\Http\\Request), Object(Closure))
#32 /var/www/html/dainikShahtha/vendor/laravel/framework/src/Illuminate/Routing/Pipeline.php(53): Illuminate\\Pipeline\\Pipeline->Illuminate\\Pipeline\\{closure}(Object(Illuminate\\Http\\Request))
#33 /var/www/html/dainikShahtha/vendor/laravel/framework/src/Illuminate/Foundation/Http/Middleware/TransformsRequest.php(31): Illuminate\\Routing\\Pipeline->Illuminate\\Routing\\{closure}(Object(Illuminate\\Http\\Request))
#34 /var/www/html/dainikShahtha/vendor/laravel/framework/src/Illuminate/Pipeline/Pipeline.php(163): Illuminate\\Foundation\\Http\\Middleware\\TransformsRequest->handle(Object(Illuminate\\Http\\Request), Object(Closure))
#35 /var/www/html/dainikShahtha/vendor/laravel/framework/src/Illuminate/Routing/Pipeline.php(53): Illuminate\\Pipeline\\Pipeline->Illuminate\\Pipeline\\{closure}(Object(Illuminate\\Http\\Request))
#36 /var/www/html/dainikShahtha/vendor/laravel/framework/src/Illuminate/Foundation/Http/Middleware/ValidatePostSize.php(27): Illuminate\\Routing\\Pipeline->Illuminate\\Routing\\{closure}(Object(Illuminate\\Http\\Request))
#37 /var/www/html/dainikShahtha/vendor/laravel/framework/src/Illuminate/Pipeline/Pipeline.php(163): Illuminate\\Foundation\\Http\\Middleware\\ValidatePostSize->handle(Object(Illuminate\\Http\\Request), Object(Closure))
#38 /var/www/html/dainikShahtha/vendor/laravel/framework/src/Illuminate/Routing/Pipeline.php(53): Illuminate\\Pipeline\\Pipeline->Illuminate\\Pipeline\\{closure}(Object(Illuminate\\Http\\Request))
#39 /var/www/html/dainikShahtha/vendor/laravel/framework/src/Illuminate/Foundation/Http/Middleware/CheckForMaintenanceMode.php(62): Illuminate\\Routing\\Pipeline->Illuminate\\Routing\\{closure}(Object(Illuminate\\Http\\Request))
#40 /var/www/html/dainikShahtha/vendor/laravel/framework/src/Illuminate/Pipeline/Pipeline.php(163): Illuminate\\Foundation\\Http\\Middleware\\CheckForMaintenanceMode->handle(Object(Illuminate\\Http\\Request), Object(Closure))
#41 /var/www/html/dainikShahtha/vendor/laravel/framework/src/Illuminate/Routing/Pipeline.php(53): Illuminate\\Pipeline\\Pipeline->Illuminate\\Pipeline\\{closure}(Object(Illuminate\\Http\\Request))
#42 /var/www/html/dainikShahtha/vendor/laravel/framework/src/Illuminate/Pipeline/Pipeline.php(104): Illuminate\\Routing\\Pipeline->Illuminate\\Routing\\{closure}(Object(Illuminate\\Http\\Request))
#43 /var/www/html/dainikShahtha/vendor/laravel/framework/src/Illuminate/Foundation/Http/Kernel.php(151): Illuminate\\Pipeline\\Pipeline->then(Object(Closure))
#44 /var/www/html/dainikShahtha/vendor/laravel/framework/src/Illuminate/Foundation/Http/Kernel.php(116): Illuminate\\Foundation\\Http\\Kernel->sendRequestThroughRouter(Object(Illuminate\\Http\\Request))
#45 /var/www/html/dainikShahtha/public/index.php(55): Illuminate\\Foundation\\Http\\Kernel->handle(Object(Illuminate\\Http\\Request))
#46 /var/www/html/dainikShahtha/server.php(21): require_once('/var/www/html/d...')
#47 {main}
"} 
[2026-03-26 19:38:23] local.ERROR: file_put_contents(D:\Personal Projects\dainikShahtha\storage\framework\views/cca79836c9896ead3693bf5fb5fe5762ba905db1.php): failed to open stream: No such file or directory {"exception":"[object] (ErrorException(code: 0): file_put_contents(D:\\Personal Projects\\dainikShahtha\\storage\\framework\\views/cca79836c9896ead3693bf5fb5fe5762ba905db1.php): failed to open stream: No such file or directory at /var/www/html/dainikShahtha/vendor/laravel/framework/src/Illuminate/Filesystem/Filesystem.php:122)
[stacktrace]
#0 [internal function]: Illuminate\\Foundation\\Bootstrap\\HandleExceptions->handleError(2, 'file_put_conten...', '/var/www/html/d...', 122, Array)
#1 /var/www/html/dainikShahtha/vendor/laravel/framework/src/Illuminate/Filesystem/Filesystem.php(122): file_put_contents('D:\\\\Personal Pro...', '<?php $__env->s...', 0)
#2 /var/www/html/dainikShahtha/vendor/laravel/framework/src/Illuminate/View/Compilers/BladeCompiler.php(122): Illuminate\\Filesystem\\Filesystem->put('D:\\\\Personal Pro...', '<?php $__env->s...')
#3 /var/www/html/dainikShahtha/vendor/laravel/framework/src/Illuminate/View/Engines/CompilerEngine.php(51): Illuminate\\View\\Compilers\\BladeCompiler->compile('/var/www/html/d...')
#4 /var/www/html/dainikShahtha/vendor/laravel/framework/src/Illuminate/View/View.php(142): Illuminate\\View\\Engines\\CompilerEngine->get('/var/www/html/d...', Array)
#5 /var/www/html/dainikShahtha/vendor/laravel/framework/src/Illuminate/View/View.php(125): Illuminate\\View\\View->getContents()
#6 /var/www/html/dainikShahtha/vendor/laravel/framework/src/Illuminate/View/View.php(90): Illuminate\\View\\View->renderContents()
#7 /var/www/html/dainikShahtha/vendor/laravel/framework/src/Illuminate/Http/Response.php(42): Illuminate\\View\\View->render()
#8 /var/www/html/dainikShahtha/vendor/symfony/http-foundation/Response.php(205): Illuminate\\Http\\Response->setContent(Object(Illuminate\\View\\View))
#9 /var/www/html/dainikShahtha/vendor/laravel/framework/src/Illuminate/Routing/ResponseFactory.php(55): Symfony\\Component\\HttpFoundation\\Response->__construct(Object(Illuminate\\View\\View), 500, Array)
#10 /var/www/html/dainikShahtha/vendor/laravel/framework/src/Illuminate/Routing/ResponseFactory.php(81): Illuminate\\Routing\\ResponseFactory->make(Object(Illuminate\\View\\View), 500, Array)
#11 /var/www/html/dainikShahtha/vendor/laravel/framework/src/Illuminate/Foundation/Exceptions/Handler.php(380): Illuminate\\Routing\\ResponseFactory->view('errors::500', Array, 500, Array)
#12 /var/www/html/dainikShahtha/vendor/laravel/framework/src/Illuminate/Foundation/Exceptions/Handler.php(289): Illuminate\\Foundation\\Exceptions\\Handler->renderHttpException(Object(Symfony\\Component\\HttpKernel\\Exception\\HttpException))
#13 /var/www/html/dainikShahtha/vendor/laravel/framework/src/Illuminate/Foundation/Exceptions/Handler.php(188): Illuminate\\Foundation\\Exceptions\\Handler->prepareResponse(Object(Illuminate\\Http\\Request), Object(Symfony\\Component\\HttpKernel\\Exception\\HttpException))
#14 /var/www/html/dainikShahtha/app/Exceptions/Handler.php(49): Illuminate\\Foundation\\Exceptions\\Handler->render(Object(Illuminate\\Http\\Request), Object(ErrorException))
#15 /var/www/html/dainikShahtha/vendor/laravel/framework/src/Illuminate/Routing/Pipeline.php(83): App\\Exceptions\\Handler->render(Object(Illuminate\\Http\\Request), Object(ErrorException))
#16 /var/www/html/dainikShahtha/vendor/laravel/framework/src/Illuminate/Routing/Pipeline.php(32): Illuminate\\Routing\\Pipeline->handleException(Object(Illuminate\\Http\\Request), Object(ErrorException))
#17 /var/www/html/dainikShahtha/vendor/barryvdh/laravel-debugbar/src/Middleware/InjectDebugbar.php(58): Illuminate\\Routing\\Pipeline->Illuminate\\Routing\\{closure}(Object(Illuminate\\Http\\Request))
#18 /var/www/html/dainikShahtha/vendor/laravel/framework/src/Illuminate/Pipeline/Pipeline.php(163): Barryvdh\\Debugbar\\Middleware\\InjectDebugbar->handle(Object(Illuminate\\Http\\Request), Object(Closure))
#19 /var/www/html/dainikShahtha/vendor/laravel/framework/src/Illuminate/Routing/Pipeline.php(53): Illuminate\\Pipeline\\Pipeline->Illuminate\\Pipeline\\{closure}(Object(Illuminate\\Http\\Request))
#20 /var/www/html/dainikShahtha/vendor/fideloper/proxy/src/TrustProxies.php(57): Illuminate\\Routing\\Pipeline->Illuminate\\Routing\\{closure}(Object(Illuminate\\Http\\Request))
#21 /var/www/html/dainikShahtha/vendor/laravel/framework/src/Illuminate/Pipeline/Pipeline.php(163): Fideloper\\Proxy\\TrustProxies->handle(Object(Illuminate\\Http\\Request), Object(Closure))
#22 /var/www/html/dainikShahtha/vendor/laravel/framework/src/Illuminate/Routing/Pipeline.php(53): Illuminate\\Pipeline\\Pipeline->Illuminate\\Pipeline\\{closure}(Object(Illuminate\\Http\\Request))
#23 /var/www/html/dainikShahtha/vendor/laravel/framework/src/Illuminate/Foundation/Http/Middleware/TransformsRequest.php(31): Illuminate\\Routing\\Pipeline->Illuminate\\Routing\\{closure}(Object(Illuminate\\Http\\Request))
#24 /var/www/html/dainikShahtha/vendor/laravel/framework/src/Illuminate/Pipeline/Pipeline.php(163): Illuminate\\Foundation\\Http\\Middleware\\TransformsRequest->handle(Object(Illuminate\\Http\\Request), Object(Closure))
#25 /var/www/html/dainikShahtha/vendor/laravel/framework/src/Illuminate/Routing/Pipeline.php(53): Illuminate\\Pipeline\\Pipeline->Illuminate\\Pipeline\\{closure}(Object(Illuminate\\Http\\Request))
#26 /var/www/html/dainikShahtha/vendor/laravel/framework/src/Illuminate/Foundation/Http/Middleware/TransformsRequest.php(31): Illuminate\\Routing\\Pipeline->Illuminate\\Routing\\{closure}(Object(Illuminate\\Http\\Request))
#27 /var/www/html/dainikShahtha/vendor/laravel/framework/src/Illuminate/Pipeline/Pipeline.php(163): Illuminate\\Foundation\\Http\\Middleware\\TransformsRequest->handle(Object(Illuminate\\Http\\Request), Object(Closure))
#28 /var/www/html/dainikShahtha/vendor/laravel/framework/src/Illuminate/Routing/Pipeline.php(53): Illuminate\\Pipeline\\Pipeline->Illuminate\\Pipeline\\{closure}(Object(Illuminate\\Http\\Request))
#29 /var/www/html/dainikShahtha/vendor/laravel/framework/src/Illuminate/Foundation/Http/Middleware/ValidatePostSize.php(27): Illuminate\\Routing\\Pipeline->Illuminate\\Routing\\{closure}(Object(Illuminate\\Http\\Request))
#30 /var/www/html/dainikShahtha/vendor/laravel/framework/src/Illuminate/Pipeline/Pipeline.php(163): Illuminate\\Foundation\\Http\\Middleware\\ValidatePostSize->handle(Object(Illuminate\\Http\\Request), Object(Closure))
#31 /var/www/html/dainikShahtha/vendor/laravel/framework/src/Illuminate/Routing/Pipeline.php(53): Illuminate\\Pipeline\\Pipeline->Illuminate\\Pipeline\\{closure}(Object(Illuminate\\Http\\Request))
#32 /var/www/html/dainikShahtha/vendor/laravel/framework/src/Illuminate/Foundation/Http/Middleware/CheckForMaintenanceMode.php(62): Illuminate\\Routing\\Pipeline->Illuminate\\Routing\\{closure}(Object(Illuminate\\Http\\Request))
#33 /var/www/html/dainikShahtha/vendor/laravel/framework/src/Illuminate/Pipeline/Pipeline.php(163): Illuminate\\Foundation\\Http\\Middleware\\CheckForMaintenanceMode->handle(Object(Illuminate\\Http\\Request), Object(Closure))
#34 /var/www/html/dainikShahtha/vendor/laravel/framework/src/Illuminate/Routing/Pipeline.php(53): Illuminate\\Pipeline\\Pipeline->Illuminate\\Pipeline\\{closure}(Object(Illuminate\\Http\\Request))
#35 /var/www/html/dainikShahtha/vendor/laravel/framework/src/Illuminate/Pipeline/Pipeline.php(104): Illuminate\\Routing\\Pipeline->Illuminate\\Routing\\{closure}(Object(Illuminate\\Http\\Request))
#36 /var/www/html/dainikShahtha/vendor/laravel/framework/src/Illuminate/Foundation/Http/Kernel.php(151): Illuminate\\Pipeline\\Pipeline->then(Object(Closure))
#37 /var/www/html/dainikShahtha/vendor/laravel/framework/src/Illuminate/Foundation/Http/Kernel.php(116): Illuminate\\Foundation\\Http\\Kernel->sendRequestThroughRouter(Object(Illuminate\\Http\\Request))
#38 /var/www/html/dainikShahtha/public/index.php(55): Illuminate\\Foundation\\Http\\Kernel->handle(Object(Illuminate\\Http\\Request))
#39 /var/www/html/dainikShahtha/server.php(21): require_once('/var/www/html/d...')
#40 {main}
"} 
[2026-03-26 19:38:23] local.ERROR: file_put_contents(D:\Personal Projects\dainikShahtha\storage\framework\views/cca79836c9896ead3693bf5fb5fe5762ba905db1.php): failed to open stream: No such file or directory {"exception":"[object] (ErrorException(code: 0): file_put_contents(D:\\Personal Projects\\dainikShahtha\\storage\\framework\\views/cca79836c9896ead3693bf5fb5fe5762ba905db1.php): failed to open stream: No such file or directory at /var/www/html/dainikShahtha/vendor/laravel/framework/src/Illuminate/Filesystem/Filesystem.php:122)
[stacktrace]
#0 [internal function]: Illuminate\\Foundation\\Bootstrap\\HandleExceptions->handleError(2, 'file_put_conten...', '/var/www/html/d...', 122, Array)
#1 /var/www/html/dainikShahtha/vendor/laravel/framework/src/Illuminate/Filesystem/Filesystem.php(122): file_put_contents('D:\\\\Personal Pro...', '<?php $__env->s...', 0)
#2 /var/www/html/dainikShahtha/vendor/laravel/framework/src/Illuminate/View/Compilers/BladeCompiler.php(122): Illuminate\\Filesystem\\Filesystem->put('D:\\\\Personal Pro...', '<?php $__env->s...')
#3 /var/www/html/dainikShahtha/vendor/laravel/framework/src/Illuminate/View/Engines/CompilerEngine.php(51): Illuminate\\View\\Compilers\\BladeCompiler->compile('/var/www/html/d...')
#4 /var/www/html/dainikShahtha/vendor/laravel/framework/src/Illuminate/View/View.php(142): Illuminate\\View\\Engines\\CompilerEngine->get('/var/www/html/d...', Array)
#5 /var/www/html/dainikShahtha/vendor/laravel/framework/src/Illuminate/View/View.php(125): Illuminate\\View\\View->getContents()
#6 /var/www/html/dainikShahtha/vendor/laravel/framework/src/Illuminate/View/View.php(90): Illuminate\\View\\View->renderContents()
#7 /var/www/html/dainikShahtha/vendor/laravel/framework/src/Illuminate/Http/Response.php(42): Illuminate\\View\\View->render()
#8 /var/www/html/dainikShahtha/vendor/symfony/http-foundation/Response.php(205): Illuminate\\Http\\Response->setContent(Object(Illuminate\\View\\View))
#9 /var/www/html/dainikShahtha/vendor/laravel/framework/src/Illuminate/Routing/ResponseFactory.php(55): Symfony\\Component\\HttpFoundation\\Response->__construct(Object(Illuminate\\View\\View), 500, Array)
#10 /var/www/html/dainikShahtha/vendor/laravel/framework/src/Illuminate/Routing/ResponseFactory.php(81): Illuminate\\Routing\\ResponseFactory->make(Object(Illuminate\\View\\View), 500, Array)
#11 /var/www/html/dainikShahtha/vendor/laravel/framework/src/Illuminate/Foundation/Exceptions/Handler.php(380): Illuminate\\Routing\\ResponseFactory->view('errors::500', Array, 500, Array)
#12 /var/www/html/dainikShahtha/vendor/laravel/framework/src/Illuminate/Foundation/Exceptions/Handler.php(289): Illuminate\\Foundation\\Exceptions\\Handler->renderHttpException(Object(Symfony\\Component\\HttpKernel\\Exception\\HttpException))
#13 /var/www/html/dainikShahtha/vendor/laravel/framework/src/Illuminate/Foundation/Exceptions/Handler.php(188): Illuminate\\Foundation\\Exceptions\\Handler->prepareResponse(Object(Illuminate\\Http\\Request), Object(Symfony\\Component\\HttpKernel\\Exception\\HttpException))
#14 /var/www/html/dainikShahtha/app/Exceptions/Handler.php(49): Illuminate\\Foundation\\Exceptions\\Handler->render(Object(Illuminate\\Http\\Request), Object(ErrorException))
#15 /var/www/html/dainikShahtha/vendor/laravel/framework/src/Illuminate/Routing/Pipeline.php(83): App\\Exceptions\\Handler->render(Object(Illuminate\\Http\\Request), Object(ErrorException))
#16 /var/www/html/dainikShahtha/vendor/laravel/framework/src/Illuminate/Routing/Pipeline.php(55): Illuminate\\Routing\\Pipeline->handleException(Object(Illuminate\\Http\\Request), Object(ErrorException))
#17 /var/www/html/dainikShahtha/vendor/fideloper/proxy/src/TrustProxies.php(57): Illuminate\\Routing\\Pipeline->Illuminate\\Routing\\{closure}(Object(Illuminate\\Http\\Request))
#18 /var/www/html/dainikShahtha/vendor/laravel/framework/src/Illuminate/Pipeline/Pipeline.php(163): Fideloper\\Proxy\\TrustProxies->handle(Object(Illuminate\\Http\\Request), Object(Closure))
#19 /var/www/html/dainikShahtha/vendor/laravel/framework/src/Illuminate/Routing/Pipeline.php(53): Illuminate\\Pipeline\\Pipeline->Illuminate\\Pipeline\\{closure}(Object(Illuminate\\Http\\Request))
#20 /var/www/html/dainikShahtha/vendor/laravel/framework/src/Illuminate/Foundation/Http/Middleware/TransformsRequest.php(31): Illuminate\\Routing\\Pipeline->Illuminate\\Routing\\{closure}(Object(Illuminate\\Http\\Request))
#21 /var/www/html/dainikShahtha/vendor/laravel/framework/src/Illuminate/Pipeline/Pipeline.php(163): Illuminate\\Foundation\\Http\\Middleware\\TransformsRequest->handle(Object(Illuminate\\Http\\Request), Object(Closure))
#22 /var/www/html/dainikShahtha/vendor/laravel/framework/src/Illuminate/Routing/Pipeline.php(53): Illuminate\\Pipeline\\Pipeline->Illuminate\\Pipeline\\{closure}(Object(Illuminate\\Http\\Request))
#23 /var/www/html/dainikShahtha/vendor/laravel/framework/src/Illuminate/Foundation/Http/Middleware/TransformsRequest.php(31): Illuminate\\Routing\\Pipeline->Illuminate\\Routing\\{closure}(Object(Illuminate\\Http\\Request))
#24 /var/www/html/dainikShahtha/vendor/laravel/framework/src/Illuminate/Pipeline/Pipeline.php(163): Illuminate\\Foundation\\Http\\Middleware\\TransformsRequest->handle(Object(Illuminate\\Http\\Request), Object(Closure))
#25 /var/www/html/dainikShahtha/vendor/laravel/framework/src/Illuminate/Routing/Pipeline.php(53): Illuminate\\Pipeline\\Pipeline->Illuminate\\Pipeline\\{closure}(Object(Illuminate\\Http\\Request))
#26 /var/www/html/dainikShahtha/vendor/laravel/framework/src/Illuminate/Foundation/Http/Middleware/ValidatePostSize.php(27): Illuminate\\Routing\\Pipeline->Illuminate\\Routing\\{closure}(Object(Illuminate\\Http\\Request))
#27 /var/www/html/dainikShahtha/vendor/laravel/framework/src/Illuminate/Pipeline/Pipeline.php(163): Illuminate\\Foundation\\Http\\Middleware\\ValidatePostSize->handle(Object(Illuminate\\Http\\Request), Object(Closure))
#28 /var/www/html/dainikShahtha/vendor/laravel/framework/src/Illuminate/Routing/Pipeline.php(53): Illuminate\\Pipeline\\Pipeline->Illuminate\\Pipeline\\{closure}(Object(Illuminate\\Http\\Request))
#29 /var/www/html/dainikShahtha/vendor/laravel/framework/src/Illuminate/Foundation/Http/Middleware/CheckForMaintenanceMode.php(62): Illuminate\\Routing\\Pipeline->Illuminate\\Routing\\{closure}(Object(Illuminate\\Http\\Request))
#30 /var/www/html/dainikShahtha/vendor/laravel/framework/src/Illuminate/Pipeline/Pipeline.php(163): Illuminate\\Foundation\\Http\\Middleware\\CheckForMaintenanceMode->handle(Object(Illuminate\\Http\\Request), Object(Closure))
#31 /var/www/html/dainikShahtha/vendor/laravel/framework/src/Illuminate/Routing/Pipeline.php(53): Illuminate\\Pipeline\\Pipeline->Illuminate\\Pipeline\\{closure}(Object(Illuminate\\Http\\Request))
#32 /var/www/html/dainikShahtha/vendor/laravel/framework/src/Illuminate/Pipeline/Pipeline.php(104): Illuminate\\Routing\\Pipeline->Illuminate\\Routing\\{closure}(Object(Illuminate\\Http\\Request))
#33 /var/www/html/dainikShahtha/vendor/laravel/framework/src/Illuminate/Foundation/Http/Kernel.php(151): Illuminate\\Pipeline\\Pipeline->then(Object(Closure))
#34 /var/www/html/dainikShahtha/vendor/laravel/framework/src/Illuminate/Foundation/Http/Kernel.php(116): Illuminate\\Foundation\\Http\\Kernel->sendRequestThroughRouter(Object(Illuminate\\Http\\Request))
#35 /var/www/html/dainikShahtha/public/index.php(55): Illuminate\\Foundation\\Http\\Kernel->handle(Object(Illuminate\\Http\\Request))
#36 /var/www/html/dainikShahtha/server.php(21): require_once('/var/www/html/d...')
#37 {main}
"} 
[2026-03-26 19:38:23] local.ERROR: file_put_contents(D:\Personal Projects\dainikShahtha\storage\framework\views/cca79836c9896ead3693bf5fb5fe5762ba905db1.php): failed to open stream: No such file or directory {"exception":"[object] (ErrorException(code: 0): file_put_contents(D:\\Personal Projects\\dainikShahtha\\storage\\framework\\views/cca79836c9896ead3693bf5fb5fe5762ba905db1.php): failed to open stream: No such file or directory at /var/www/html/dainikShahtha/vendor/laravel/framework/src/Illuminate/Filesystem/Filesystem.php:122)
[stacktrace]
#0 [internal function]: Illuminate\\Foundation\\Bootstrap\\HandleExceptions->handleError(2, 'file_put_conten...', '/var/www/html/d...', 122, Array)
#1 /var/www/html/dainikShahtha/vendor/laravel/framework/src/Illuminate/Filesystem/Filesystem.php(122): file_put_contents('D:\\\\Personal Pro...', '<?php $__env->s...', 0)
#2 /var/www/html/dainikShahtha/vendor/laravel/framework/src/Illuminate/View/Compilers/BladeCompiler.php(122): Illuminate\\Filesystem\\Filesystem->put('D:\\\\Personal Pro...', '<?php $__env->s...')
#3 /var/www/html/dainikShahtha/vendor/laravel/framework/src/Illuminate/View/Engines/CompilerEngine.php(51): Illuminate\\View\\Compilers\\BladeCompiler->compile('/var/www/html/d...')
#4 /var/www/html/dainikShahtha/vendor/laravel/framework/src/Illuminate/View/View.php(142): Illuminate\\View\\Engines\\CompilerEngine->get('/var/www/html/d...', Array)
#5 /var/www/html/dainikShahtha/vendor/laravel/framework/src/Illuminate/View/View.php(125): Illuminate\\View\\View->getContents()
#6 /var/www/html/dainikShahtha/vendor/laravel/framework/src/Illuminate/View/View.php(90): Illuminate\\View\\View->renderContents()
#7 /var/www/html/dainikShahtha/vendor/laravel/framework/src/Illuminate/Http/Response.php(42): Illuminate\\View\\View->render()
#8 /var/www/html/dainikShahtha/vendor/symfony/http-foundation/Response.php(205): Illuminate\\Http\\Response->setContent(Object(Illuminate\\View\\View))
#9 /var/www/html/dainikShahtha/vendor/laravel/framework/src/Illuminate/Routing/ResponseFactory.php(55): Symfony\\Component\\HttpFoundation\\Response->__construct(Object(Illuminate\\View\\View), 500, Array)
#10 /var/www/html/dainikShahtha/vendor/laravel/framework/src/Illuminate/Routing/ResponseFactory.php(81): Illuminate\\Routing\\ResponseFactory->make(Object(Illuminate\\View\\View), 500, Array)
#11 /var/www/html/dainikShahtha/vendor/laravel/framework/src/Illuminate/Foundation/Exceptions/Handler.php(380): Illuminate\\Routing\\ResponseFactory->view('errors::500', Array, 500, Array)
#12 /var/www/html/dainikShahtha/vendor/laravel/framework/src/Illuminate/Foundation/Exceptions/Handler.php(289): Illuminate\\Foundation\\Exceptions\\Handler->renderHttpException(Object(Symfony\\Component\\HttpKernel\\Exception\\HttpException))
#13 /var/www/html/dainikShahtha/vendor/laravel/framework/src/Illuminate/Foundation/Exceptions/Handler.php(188): Illuminate\\Foundation\\Exceptions\\Handler->prepareResponse(Object(Illuminate\\Http\\Request), Object(Symfony\\Component\\HttpKernel\\Exception\\HttpException))
#14 /var/www/html/dainikShahtha/app/Exceptions/Handler.php(49): Illuminate\\Foundation\\Exceptions\\Handler->render(Object(Illuminate\\Http\\Request), Object(ErrorException))
#15 /var/www/html/dainikShahtha/vendor/laravel/framework/src/Illuminate/Routing/Pipeline.php(83): App\\Exceptions\\Handler->render(Object(Illuminate\\Http\\Request), Object(ErrorException))
#16 /var/www/html/dainikShahtha/vendor/laravel/framework/src/Illuminate/Routing/Pipeline.php(55): Illuminate\\Routing\\Pipeline->handleException(Object(Illuminate\\Http\\Request), Object(ErrorException))
#17 /var/www/html/dainikShahtha/vendor/laravel/framework/src/Illuminate/Foundation/Http/Middleware/TransformsRequest.php(31): Illuminate\\Routing\\Pipeline->Illuminate\\Routing\\{closure}(Object(Illuminate\\Http\\Request))
#18 /var/www/html/dainikShahtha/vendor/laravel/framework/src/Illuminate/Pipeline/Pipeline.php(163): Illuminate\\Foundation\\Http\\Middleware\\TransformsRequest->handle(Object(Illuminate\\Http\\Request), Object(Closure))
#19 /var/www/html/dainikShahtha/vendor/laravel/framework/src/Illuminate/Routing/Pipeline.php(53): Illuminate\\Pipeline\\Pipeline->Illuminate\\Pipeline\\{closure}(Object(Illuminate\\Http\\Request))
#20 /var/www/html/dainikShahtha/vendor/laravel/framework/src/Illuminate/Foundation/Http/Middleware/TransformsRequest.php(31): Illuminate\\Routing\\Pipeline->Illuminate\\Routing\\{closure}(Object(Illuminate\\Http\\Request))
#21 /var/www/html/dainikShahtha/vendor/laravel/framework/src/Illuminate/Pipeline/Pipeline.php(163): Illuminate\\Foundation\\Http\\Middleware\\TransformsRequest->handle(Object(Illuminate\\Http\\Request), Object(Closure))
#22 /var/www/html/dainikShahtha/vendor/laravel/framework/src/Illuminate/Routing/Pipeline.php(53): Illuminate\\Pipeline\\Pipeline->Illuminate\\Pipeline\\{closure}(Object(Illuminate\\Http\\Request))
#23 /var/www/html/dainikShahtha/vendor/laravel/framework/src/Illuminate/Foundation/Http/Middleware/ValidatePostSize.php(27): Illuminate\\Routing\\Pipeline->Illuminate\\Routing\\{closure}(Object(Illuminate\\Http\\Request))
#24 /var/www/html/dainikShahtha/vendor/laravel/framework/src/Illuminate/Pipeline/Pipeline.php(163): Illuminate\\Foundation\\Http\\Middleware\\ValidatePostSize->handle(Object(Illuminate\\Http\\Request), Object(Closure))
#25 /var/www/html/dainikShahtha/vendor/laravel/framework/src/Illuminate/Routing/Pipeline.php(53): Illuminate\\Pipeline\\Pipeline->Illuminate\\Pipeline\\{closure}(Object(Illuminate\\Http\\Request))
#26 /var/www/html/dainikShahtha/vendor/laravel/framework/src/Illuminate/Foundation/Http/Middleware/CheckForMaintenanceMode.php(62): Illuminate\\Routing\\Pipeline->Illuminate\\Routing\\{closure}(Object(Illuminate\\Http\\Request))
#27 /var/www/html/dainikShahtha/vendor/laravel/framework/src/Illuminate/Pipeline/Pipeline.php(163): Illuminate\\Foundation\\Http\\Middleware\\CheckForMaintenanceMode->handle(Object(Illuminate\\Http\\Request), Object(Closure))
#28 /var/www/html/dainikShahtha/vendor/laravel/framework/src/Illuminate/Routing/Pipeline.php(53): Illuminate\\Pipeline\\Pipeline->Illuminate\\Pipeline\\{closure}(Object(Illuminate\\Http\\Request))
#29 /var/www/html/dainikShahtha/vendor/laravel/framework/src/Illuminate/Pipeline/Pipeline.php(104): Illuminate\\Routing\\Pipeline->Illuminate\\Routing\\{closure}(Object(Illuminate\\Http\\Request))
#30 /var/www/html/dainikShahtha/vendor/laravel/framework/src/Illuminate/Foundation/Http/Kernel.php(151): Illuminate\\Pipeline\\Pipeline->then(Object(Closure))
#31 /var/www/html/dainikShahtha/vendor/laravel/framework/src/Illuminate/Foundation/Http/Kernel.php(116): Illuminate\\Foundation\\Http\\Kernel->sendRequestThroughRouter(Object(Illuminate\\Http\\Request))
#32 /var/www/html/dainikShahtha/public/index.php(55): Illuminate\\Foundation\\Http\\Kernel->handle(Object(Illuminate\\Http\\Request))
#33 /var/www/html/dainikShahtha/server.php(21): require_once('/var/www/html/d...')
#34 {main}
"} 
[2026-03-26 19:38:23] local.ERROR: file_put_contents(D:\Personal Projects\dainikShahtha\storage\framework\views/cca79836c9896ead3693bf5fb5fe5762ba905db1.php): failed to open stream: No such file or directory {"exception":"[object] (ErrorException(code: 0): file_put_contents(D:\\Personal Projects\\dainikShahtha\\storage\\framework\\views/cca79836c9896ead3693bf5fb5fe5762ba905db1.php): failed to open stream: No such file or directory at /var/www/html/dainikShahtha/vendor/laravel/framework/src/Illuminate/Filesystem/Filesystem.php:122)
[stacktrace]
#0 [internal function]: Illuminate\\Foundation\\Bootstrap\\HandleExceptions->handleError(2, 'file_put_conten...', '/var/www/html/d...', 122, Array)
#1 /var/www/html/dainikShahtha/vendor/laravel/framework/src/Illuminate/Filesystem/Filesystem.php(122): file_put_contents('D:\\\\Personal Pro...', '<?php $__env->s...', 0)
#2 /var/www/html/dainikShahtha/vendor/laravel/framework/src/Illuminate/View/Compilers/BladeCompiler.php(122): Illuminate\\Filesystem\\Filesystem->put('D:\\\\Personal Pro...', '<?php $__env->s...')
#3 /var/www/html/dainikShahtha/vendor/laravel/framework/src/Illuminate/View/Engines/CompilerEngine.php(51): Illuminate\\View\\Compilers\\BladeCompiler->compile('/var/www/html/d...')
#4 /var/www/html/dainikShahtha/vendor/laravel/framework/src/Illuminate/View/View.php(142): Illuminate\\View\\Engines\\CompilerEngine->get('/var/www/html/d...', Array)
#5 /var/www/html/dainikShahtha/vendor/laravel/framework/src/Illuminate/View/View.php(125): Illuminate\\View\\View->getContents()
#6 /var/www/html/dainikShahtha/vendor/laravel/framework/src/Illuminate/View/View.php(90): Illuminate\\View\\View->renderContents()
#7 /var/www/html/dainikShahtha/vendor/laravel/framework/src/Illuminate/Http/Response.php(42): Illuminate\\View\\View->render()
#8 /var/www/html/dainikShahtha/vendor/symfony/http-foundation/Response.php(205): Illuminate\\Http\\Response->setContent(Object(Illuminate\\View\\View))
#9 /var/www/html/dainikShahtha/vendor/laravel/framework/src/Illuminate/Routing/ResponseFactory.php(55): Symfony\\Component\\HttpFoundation\\Response->__construct(Object(Illuminate\\View\\View), 500, Array)
#10 /var/www/html/dainikShahtha/vendor/laravel/framework/src/Illuminate/Routing/ResponseFactory.php(81): Illuminate\\Routing\\ResponseFactory->make(Object(Illuminate\\View\\View), 500, Array)
#11 /var/www/html/dainikShahtha/vendor/laravel/framework/src/Illuminate/Foundation/Exceptions/Handler.php(380): Illuminate\\Routing\\ResponseFactory->view('errors::500', Array, 500, Array)
#12 /var/www/html/dainikShahtha/vendor/laravel/framework/src/Illuminate/Foundation/Exceptions/Handler.php(289): Illuminate\\Foundation\\Exceptions\\Handler->renderHttpException(Object(Symfony\\Component\\HttpKernel\\Exception\\HttpException))
#13 /var/www/html/dainikShahtha/vendor/laravel/framework/src/Illuminate/Foundation/Exceptions/Handler.php(188): Illuminate\\Foundation\\Exceptions\\Handler->prepareResponse(Object(Illuminate\\Http\\Request), Object(Symfony\\Component\\HttpKernel\\Exception\\HttpException))
#14 /var/www/html/dainikShahtha/app/Exceptions/Handler.php(49): Illuminate\\Foundation\\Exceptions\\Handler->render(Object(Illuminate\\Http\\Request), Object(ErrorException))
#15 /var/www/html/dainikShahtha/vendor/laravel/framework/src/Illuminate/Routing/Pipeline.php(83): App\\Exceptions\\Handler->render(Object(Illuminate\\Http\\Request), Object(ErrorException))
#16 /var/www/html/dainikShahtha/vendor/laravel/framework/src/Illuminate/Routing/Pipeline.php(55): Illuminate\\Routing\\Pipeline->handleException(Object(Illuminate\\Http\\Request), Object(ErrorException))
#17 /var/www/html/dainikShahtha/vendor/laravel/framework/src/Illuminate/Foundation/Http/Middleware/TransformsRequest.php(31): Illuminate\\Routing\\Pipeline->Illuminate\\Routing\\{closure}(Object(Illuminate\\Http\\Request))
#18 /var/www/html/dainikShahtha/vendor/laravel/framework/src/Illuminate/Pipeline/Pipeline.php(163): Illuminate\\Foundation\\Http\\Middleware\\TransformsRequest->handle(Object(Illuminate\\Http\\Request), Object(Closure))
#19 /var/www/html/dainikShahtha/vendor/laravel/framework/src/Illuminate/Routing/Pipeline.php(53): Illuminate\\Pipeline\\Pipeline->Illuminate\\Pipeline\\{closure}(Object(Illuminate\\Http\\Request))
#20 /var/www/html/dainikShahtha/vendor/laravel/framework/src/Illuminate/Foundation/Http/Middleware/ValidatePostSize.php(27): Illuminate\\Routing\\Pipeline->Illuminate\\Routing\\{closure}(Object(Illuminate\\Http\\Request))
#21 /var/www/html/dainikShahtha/vendor/laravel/framework/src/Illuminate/Pipeline/Pipeline.php(163): Illuminate\\Foundation\\Http\\Middleware\\ValidatePostSize->handle(Object(Illuminate\\Http\\Request), Object(Closure))
#22 /var/www/html/dainikShahtha/vendor/laravel/framework/src/Illuminate/Routing/Pipeline.php(53): Illuminate\\Pipeline\\Pipeline->Illuminate\\Pipeline\\{closure}(Object(Illuminate\\Http\\Request))
#23 /var/www/html/dainikShahtha/vendor/laravel/framework/src/Illuminate/Foundation/Http/Middleware/CheckForMaintenanceMode.php(62): Illuminate\\Routing\\Pipeline->Illuminate\\Routing\\{closure}(Object(Illuminate\\Http\\Request))
#24 /var/www/html/dainikShahtha/vendor/laravel/framework/src/Illuminate/Pipeline/Pipeline.php(163): Illuminate\\Foundation\\Http\\Middleware\\CheckForMaintenanceMode->handle(Object(Illuminate\\Http\\Request), Object(Closure))
#25 /var/www/html/dainikShahtha/vendor/laravel/framework/src/Illuminate/Routing/Pipeline.php(53): Illuminate\\Pipeline\\Pipeline->Illuminate\\Pipeline\\{closure}(Object(Illuminate\\Http\\Request))
#26 /var/www/html/dainikShahtha/vendor/laravel/framework/src/Illuminate/Pipeline/Pipeline.php(104): Illuminate\\Routing\\Pipeline->Illuminate\\Routing\\{closure}(Object(Illuminate\\Http\\Request))
#27 /var/www/html/dainikShahtha/vendor/laravel/framework/src/Illuminate/Foundation/Http/Kernel.php(151): Illuminate\\Pipeline\\Pipeline->then(Object(Closure))
#28 /var/www/html/dainikShahtha/vendor/laravel/framework/src/Illuminate/Foundation/Http/Kernel.php(116): Illuminate\\Foundation\\Http\\Kernel->sendRequestThroughRouter(Object(Illuminate\\Http\\Request))
#29 /var/www/html/dainikShahtha/public/index.php(55): Illuminate\\Foundation\\Http\\Kernel->handle(Object(Illuminate\\Http\\Request))
#30 /var/www/html/dainikShahtha/server.php(21): require_once('/var/www/html/d...')
#31 {main}
"} 
[2026-03-26 19:38:23] local.ERROR: file_put_contents(D:\Personal Projects\dainikShahtha\storage\framework\views/cca79836c9896ead3693bf5fb5fe5762ba905db1.php): failed to open stream: No such file or directory {"exception":"[object] (ErrorException(code: 0): file_put_contents(D:\\Personal Projects\\dainikShahtha\\storage\\framework\\views/cca79836c9896ead3693bf5fb5fe5762ba905db1.php): failed to open stream: No such file or directory at /var/www/html/dainikShahtha/vendor/laravel/framework/src/Illuminate/Filesystem/Filesystem.php:122)
[stacktrace]
#0 [internal function]: Illuminate\\Foundation\\Bootstrap\\HandleExceptions->handleError(2, 'file_put_conten...', '/var/www/html/d...', 122, Array)
#1 /var/www/html/dainikShahtha/vendor/laravel/framework/src/Illuminate/Filesystem/Filesystem.php(122): file_put_contents('D:\\\\Personal Pro...', '<?php $__env->s...', 0)
#2 /var/www/html/dainikShahtha/vendor/laravel/framework/src/Illuminate/View/Compilers/BladeCompiler.php(122): Illuminate\\Filesystem\\Filesystem->put('D:\\\\Personal Pro...', '<?php $__env->s...')
#3 /var/www/html/dainikShahtha/vendor/laravel/framework/src/Illuminate/View/Engines/CompilerEngine.php(51): Illuminate\\View\\Compilers\\BladeCompiler->compile('/var/www/html/d...')
#4 /var/www/html/dainikShahtha/vendor/laravel/framework/src/Illuminate/View/View.php(142): Illuminate\\View\\Engines\\CompilerEngine->get('/var/www/html/d...', Array)
#5 /var/www/html/dainikShahtha/vendor/laravel/framework/src/Illuminate/View/View.php(125): Illuminate\\View\\View->getContents()
#6 /var/www/html/dainikShahtha/vendor/laravel/framework/src/Illuminate/View/View.php(90): Illuminate\\View\\View->renderContents()
#7 /var/www/html/dainikShahtha/vendor/laravel/framework/src/Illuminate/Http/Response.php(42): Illuminate\\View\\View->render()
#8 /var/www/html/dainikShahtha/vendor/symfony/http-foundation/Response.php(205): Illuminate\\Http\\Response->setContent(Object(Illuminate\\View\\View))
#9 /var/www/html/dainikShahtha/vendor/laravel/framework/src/Illuminate/Routing/ResponseFactory.php(55): Symfony\\Component\\HttpFoundation\\Response->__construct(Object(Illuminate\\View\\View), 500, Array)
#10 /var/www/html/dainikShahtha/vendor/laravel/framework/src/Illuminate/Routing/ResponseFactory.php(81): Illuminate\\Routing\\ResponseFactory->make(Object(Illuminate\\View\\View), 500, Array)
#11 /var/www/html/dainikShahtha/vendor/laravel/framework/src/Illuminate/Foundation/Exceptions/Handler.php(380): Illuminate\\Routing\\ResponseFactory->view('errors::500', Array, 500, Array)
#12 /var/www/html/dainikShahtha/vendor/laravel/framework/src/Illuminate/Foundation/Exceptions/Handler.php(289): Illuminate\\Foundation\\Exceptions\\Handler->renderHttpException(Object(Symfony\\Component\\HttpKernel\\Exception\\HttpException))
#13 /var/www/html/dainikShahtha/vendor/laravel/framework/src/Illuminate/Foundation/Exceptions/Handler.php(188): Illuminate\\Foundation\\Exceptions\\Handler->prepareResponse(Object(Illuminate\\Http\\Request), Object(Symfony\\Component\\HttpKernel\\Exception\\HttpException))
#14 /var/www/html/dainikShahtha/app/Exceptions/Handler.php(49): Illuminate\\Foundation\\Exceptions\\Handler->render(Object(Illuminate\\Http\\Request), Object(ErrorException))
#15 /var/www/html/dainikShahtha/vendor/laravel/framework/src/Illuminate/Routing/Pipeline.php(83): App\\Exceptions\\Handler->render(Object(Illuminate\\Http\\Request), Object(ErrorException))
#16 /var/www/html/dainikShahtha/vendor/laravel/framework/src/Illuminate/Routing/Pipeline.php(55): Illuminate\\Routing\\Pipeline->handleException(Object(Illuminate\\Http\\Request), Object(ErrorException))
#17 /var/www/html/dainikShahtha/vendor/laravel/framework/src/Illuminate/Foundation/Http/Middleware/ValidatePostSize.php(27): Illuminate\\Routing\\Pipeline->Illuminate\\Routing\\{closure}(Object(Illuminate\\Http\\Request))
#18 /var/www/html/dainikShahtha/vendor/laravel/framework/src/Illuminate/Pipeline/Pipeline.php(163): Illuminate\\Foundation\\Http\\Middleware\\ValidatePostSize->handle(Object(Illuminate\\Http\\Request), Object(Closure))
#19 /var/www/html/dainikShahtha/vendor/laravel/framework/src/Illuminate/Routing/Pipeline.php(53): Illuminate\\Pipeline\\Pipeline->Illuminate\\Pipeline\\{closure}(Object(Illuminate\\Http\\Request))
#20 /var/www/html/dainikShahtha/vendor/laravel/framework/src/Illuminate/Foundation/Http/Middleware/CheckForMaintenanceMode.php(62): Illuminate\\Routing\\Pipeline->Illuminate\\Routing\\{closure}(Object(Illuminate\\Http\\Request))
#21 /var/www/html/dainikShahtha/vendor/laravel/framework/src/Illuminate/Pipeline/Pipeline.php(163): Illuminate\\Foundation\\Http\\Middleware\\CheckForMaintenanceMode->handle(Object(Illuminate\\Http\\Request), Object(Closure))
#22 /var/www/html/dainikShahtha/vendor/laravel/framework/src/Illuminate/Routing/Pipeline.php(53): Illuminate\\Pipeline\\Pipeline->Illuminate\\Pipeline\\{closure}(Object(Illuminate\\Http\\Request))
#23 /var/www/html/dainikShahtha/vendor/laravel/framework/src/Illuminate/Pipeline/Pipeline.php(104): Illuminate\\Routing\\Pipeline->Illuminate\\Routing\\{closure}(Object(Illuminate\\Http\\Request))
#24 /var/www/html/dainikShahtha/vendor/laravel/framework/src/Illuminate/Foundation/Http/Kernel.php(151): Illuminate\\Pipeline\\Pipeline->then(Object(Closure))
#25 /var/www/html/dainikShahtha/vendor/laravel/framework/src/Illuminate/Foundation/Http/Kernel.php(116): Illuminate\\Foundation\\Http\\Kernel->sendRequestThroughRouter(Object(Illuminate\\Http\\Request))
#26 /var/www/html/dainikShahtha/public/index.php(55): Illuminate\\Foundation\\Http\\Kernel->handle(Object(Illuminate\\Http\\Request))
#27 /var/www/html/dainikShahtha/server.php(21): require_once('/var/www/html/d...')
#28 {main}
"} 
[2026-03-26 19:38:23] local.ERROR: file_put_contents(D:\Personal Projects\dainikShahtha\storage\framework\views/cca79836c9896ead3693bf5fb5fe5762ba905db1.php): failed to open stream: No such file or directory {"exception":"[object] (ErrorException(code: 0): file_put_contents(D:\\Personal Projects\\dainikShahtha\\storage\\framework\\views/cca79836c9896ead3693bf5fb5fe5762ba905db1.php): failed to open stream: No such file or directory at /var/www/html/dainikShahtha/vendor/laravel/framework/src/Illuminate/Filesystem/Filesystem.php:122)
[stacktrace]
#0 [internal function]: Illuminate\\Foundation\\Bootstrap\\HandleExceptions->handleError(2, 'file_put_conten...', '/var/www/html/d...', 122, Array)
#1 /var/www/html/dainikShahtha/vendor/laravel/framework/src/Illuminate/Filesystem/Filesystem.php(122): file_put_contents('D:\\\\Personal Pro...', '<?php $__env->s...', 0)
#2 /var/www/html/dainikShahtha/vendor/laravel/framework/src/Illuminate/View/Compilers/BladeCompiler.php(122): Illuminate\\Filesystem\\Filesystem->put('D:\\\\Personal Pro...', '<?php $__env->s...')
#3 /var/www/html/dainikShahtha/vendor/laravel/framework/src/Illuminate/View/Engines/CompilerEngine.php(51): Illuminate\\View\\Compilers\\BladeCompiler->compile('/var/www/html/d...')
#4 /var/www/html/dainikShahtha/vendor/laravel/framework/src/Illuminate/View/View.php(142): Illuminate\\View\\Engines\\CompilerEngine->get('/var/www/html/d...', Array)
#5 /var/www/html/dainikShahtha/vendor/laravel/framework/src/Illuminate/View/View.php(125): Illuminate\\View\\View->getContents()
#6 /var/www/html/dainikShahtha/vendor/laravel/framework/src/Illuminate/View/View.php(90): Illuminate\\View\\View->renderContents()
#7 /var/www/html/dainikShahtha/vendor/laravel/framework/src/Illuminate/Http/Response.php(42): Illuminate\\View\\View->render()
#8 /var/www/html/dainikShahtha/vendor/symfony/http-foundation/Response.php(205): Illuminate\\Http\\Response->setContent(Object(Illuminate\\View\\View))
#9 /var/www/html/dainikShahtha/vendor/laravel/framework/src/Illuminate/Routing/ResponseFactory.php(55): Symfony\\Component\\HttpFoundation\\Response->__construct(Object(Illuminate\\View\\View), 500, Array)
#10 /var/www/html/dainikShahtha/vendor/laravel/framework/src/Illuminate/Routing/ResponseFactory.php(81): Illuminate\\Routing\\ResponseFactory->make(Object(Illuminate\\View\\View), 500, Array)
#11 /var/www/html/dainikShahtha/vendor/laravel/framework/src/Illuminate/Foundation/Exceptions/Handler.php(380): Illuminate\\Routing\\ResponseFactory->view('errors::500', Array, 500, Array)
#12 /var/www/html/dainikShahtha/vendor/laravel/framework/src/Illuminate/Foundation/Exceptions/Handler.php(289): Illuminate\\Foundation\\Exceptions\\Handler->renderHttpException(Object(Symfony\\Component\\HttpKernel\\Exception\\HttpException))
#13 /var/www/html/dainikShahtha/vendor/laravel/framework/src/Illuminate/Foundation/Exceptions/Handler.php(188): Illuminate\\Foundation\\Exceptions\\Handler->prepareResponse(Object(Illuminate\\Http\\Request), Object(Symfony\\Component\\HttpKernel\\Exception\\HttpException))
#14 /var/www/html/dainikShahtha/app/Exceptions/Handler.php(49): Illuminate\\Foundation\\Exceptions\\Handler->render(Object(Illuminate\\Http\\Request), Object(ErrorException))
#15 /var/www/html/dainikShahtha/vendor/laravel/framework/src/Illuminate/Routing/Pipeline.php(83): App\\Exceptions\\Handler->render(Object(Illuminate\\Http\\Request), Object(ErrorException))
#16 /var/www/html/dainikShahtha/vendor/laravel/framework/src/Illuminate/Routing/Pipeline.php(55): Illuminate\\Routing\\Pipeline->handleException(Object(Illuminate\\Http\\Request), Object(ErrorException))
#17 /var/www/html/dainikShahtha/vendor/laravel/framework/src/Illuminate/Foundation/Http/Middleware/CheckForMaintenanceMode.php(62): Illuminate\\Routing\\Pipeline->Illuminate\\Routing\\{closure}(Object(Illuminate\\Http\\Request))
#18 /var/www/html/dainikShahtha/vendor/laravel/framework/src/Illuminate/Pipeline/Pipeline.php(163): Illuminate\\Foundation\\Http\\Middleware\\CheckForMaintenanceMode->handle(Object(Illuminate\\Http\\Request), Object(Closure))
#19 /var/www/html/dainikShahtha/vendor/laravel/framework/src/Illuminate/Routing/Pipeline.php(53): Illuminate\\Pipeline\\Pipeline->Illuminate\\Pipeline\\{closure}(Object(Illuminate\\Http\\Request))
#20 /var/www/html/dainikShahtha/vendor/laravel/framework/src/Illuminate/Pipeline/Pipeline.php(104): Illuminate\\Routing\\Pipeline->Illuminate\\Routing\\{closure}(Object(Illuminate\\Http\\Request))
#21 /var/www/html/dainikShahtha/vendor/laravel/framework/src/Illuminate/Foundation/Http/Kernel.php(151): Illuminate\\Pipeline\\Pipeline->then(Object(Closure))
#22 /var/www/html/dainikShahtha/vendor/laravel/framework/src/Illuminate/Foundation/Http/Kernel.php(116): Illuminate\\Foundation\\Http\\Kernel->sendRequestThroughRouter(Object(Illuminate\\Http\\Request))
#23 /var/www/html/dainikShahtha/public/index.php(55): Illuminate\\Foundation\\Http\\Kernel->handle(Object(Illuminate\\Http\\Request))
#24 /var/www/html/dainikShahtha/server.php(21): require_once('/var/www/html/d...')
#25 {main}
"} 
[2026-03-26 19:38:23] local.ERROR: file_put_contents(D:\Personal Projects\dainikShahtha\storage\framework\views/cca79836c9896ead3693bf5fb5fe5762ba905db1.php): failed to open stream: No such file or directory {"exception":"[object] (ErrorException(code: 0): file_put_contents(D:\\Personal Projects\\dainikShahtha\\storage\\framework\\views/cca79836c9896ead3693bf5fb5fe5762ba905db1.php): failed to open stream: No such file or directory at /var/www/html/dainikShahtha/vendor/laravel/framework/src/Illuminate/Filesystem/Filesystem.php:122)
[stacktrace]
#0 [internal function]: Illuminate\\Foundation\\Bootstrap\\HandleExceptions->handleError(2, 'file_put_conten...', '/var/www/html/d...', 122, Array)
#1 /var/www/html/dainikShahtha/vendor/laravel/framework/src/Illuminate/Filesystem/Filesystem.php(122): file_put_contents('D:\\\\Personal Pro...', '<?php $__env->s...', 0)
#2 /var/www/html/dainikShahtha/vendor/laravel/framework/src/Illuminate/View/Compilers/BladeCompiler.php(122): Illuminate\\Filesystem\\Filesystem->put('D:\\\\Personal Pro...', '<?php $__env->s...')
#3 /var/www/html/dainikShahtha/vendor/laravel/framework/src/Illuminate/View/Engines/CompilerEngine.php(51): Illuminate\\View\\Compilers\\BladeCompiler->compile('/var/www/html/d...')
#4 /var/www/html/dainikShahtha/vendor/laravel/framework/src/Illuminate/View/View.php(142): Illuminate\\View\\Engines\\CompilerEngine->get('/var/www/html/d...', Array)
#5 /var/www/html/dainikShahtha/vendor/laravel/framework/src/Illuminate/View/View.php(125): Illuminate\\View\\View->getContents()
#6 /var/www/html/dainikShahtha/vendor/laravel/framework/src/Illuminate/View/View.php(90): Illuminate\\View\\View->renderContents()
#7 /var/www/html/dainikShahtha/vendor/laravel/framework/src/Illuminate/Http/Response.php(42): Illuminate\\View\\View->render()
#8 /var/www/html/dainikShahtha/vendor/symfony/http-foundation/Response.php(205): Illuminate\\Http\\Response->setContent(Object(Illuminate\\View\\View))
#9 /var/www/html/dainikShahtha/vendor/laravel/framework/src/Illuminate/Routing/ResponseFactory.php(55): Symfony\\Component\\HttpFoundation\\Response->__construct(Object(Illuminate\\View\\View), 500, Array)
#10 /var/www/html/dainikShahtha/vendor/laravel/framework/src/Illuminate/Routing/ResponseFactory.php(81): Illuminate\\Routing\\ResponseFactory->make(Object(Illuminate\\View\\View), 500, Array)
#11 /var/www/html/dainikShahtha/vendor/laravel/framework/src/Illuminate/Foundation/Exceptions/Handler.php(380): Illuminate\\Routing\\ResponseFactory->view('errors::500', Array, 500, Array)
#12 /var/www/html/dainikShahtha/vendor/laravel/framework/src/Illuminate/Foundation/Exceptions/Handler.php(289): Illuminate\\Foundation\\Exceptions\\Handler->renderHttpException(Object(Symfony\\Component\\HttpKernel\\Exception\\HttpException))
#13 /var/www/html/dainikShahtha/vendor/laravel/framework/src/Illuminate/Foundation/Exceptions/Handler.php(188): Illuminate\\Foundation\\Exceptions\\Handler->prepareResponse(Object(Illuminate\\Http\\Request), Object(Symfony\\Component\\HttpKernel\\Exception\\HttpException))
#14 /var/www/html/dainikShahtha/app/Exceptions/Handler.php(49): Illuminate\\Foundation\\Exceptions\\Handler->render(Object(Illuminate\\Http\\Request), Object(ErrorException))
#15 /var/www/html/dainikShahtha/vendor/laravel/framework/src/Illuminate/Routing/Pipeline.php(83): App\\Exceptions\\Handler->render(Object(Illuminate\\Http\\Request), Object(ErrorException))
#16 /var/www/html/dainikShahtha/vendor/laravel/framework/src/Illuminate/Routing/Pipeline.php(55): Illuminate\\Routing\\Pipeline->handleException(Object(Illuminate\\Http\\Request), Object(ErrorException))
#17 /var/www/html/dainikShahtha/vendor/laravel/framework/src/Illuminate/Pipeline/Pipeline.php(104): Illuminate\\Routing\\Pipeline->Illuminate\\Routing\\{closure}(Object(Illuminate\\Http\\Request))
#18 /var/www/html/dainikShahtha/vendor/laravel/framework/src/Illuminate/Foundation/Http/Kernel.php(151): Illuminate\\Pipeline\\Pipeline->then(Object(Closure))
#19 /var/www/html/dainikShahtha/vendor/laravel/framework/src/Illuminate/Foundation/Http/Kernel.php(116): Illuminate\\Foundation\\Http\\Kernel->sendRequestThroughRouter(Object(Illuminate\\Http\\Request))
#20 /var/www/html/dainikShahtha/public/index.php(55): Illuminate\\Foundation\\Http\\Kernel->handle(Object(Illuminate\\Http\\Request))
#21 /var/www/html/dainikShahtha/server.php(21): require_once('/var/www/html/d...')
#22 {main}
"} 
[2026-03-26 19:38:23] local.ERROR: file_put_contents(D:\Personal Projects\dainikShahtha\storage\framework\views/cca79836c9896ead3693bf5fb5fe5762ba905db1.php): failed to open stream: No such file or directory {"exception":"[object] (ErrorException(code: 0): file_put_contents(D:\\Personal Projects\\dainikShahtha\\storage\\framework\\views/cca79836c9896ead3693bf5fb5fe5762ba905db1.php): failed to open stream: No such file or directory at /var/www/html/dainikShahtha/vendor/laravel/framework/src/Illuminate/Filesystem/Filesystem.php:122)
[stacktrace]
#0 [internal function]: Illuminate\\Foundation\\Bootstrap\\HandleExceptions->handleError(2, 'file_put_conten...', '/var/www/html/d...', 122, Array)
#1 /var/www/html/dainikShahtha/vendor/laravel/framework/src/Illuminate/Filesystem/Filesystem.php(122): file_put_contents('D:\\\\Personal Pro...', '<?php $__env->s...', 0)
#2 /var/www/html/dainikShahtha/vendor/laravel/framework/src/Illuminate/View/Compilers/BladeCompiler.php(122): Illuminate\\Filesystem\\Filesystem->put('D:\\\\Personal Pro...', '<?php $__env->s...')
#3 /var/www/html/dainikShahtha/vendor/laravel/framework/src/Illuminate/View/Engines/CompilerEngine.php(51): Illuminate\\View\\Compilers\\BladeCompiler->compile('/var/www/html/d...')
#4 /var/www/html/dainikShahtha/vendor/laravel/framework/src/Illuminate/View/View.php(142): Illuminate\\View\\Engines\\CompilerEngine->get('/var/www/html/d...', Array)
#5 /var/www/html/dainikShahtha/vendor/laravel/framework/src/Illuminate/View/View.php(125): Illuminate\\View\\View->getContents()
#6 /var/www/html/dainikShahtha/vendor/laravel/framework/src/Illuminate/View/View.php(90): Illuminate\\View\\View->renderContents()
#7 /var/www/html/dainikShahtha/vendor/laravel/framework/src/Illuminate/Http/Response.php(42): Illuminate\\View\\View->render()
#8 /var/www/html/dainikShahtha/vendor/symfony/http-foundation/Response.php(205): Illuminate\\Http\\Response->setContent(Object(Illuminate\\View\\View))
#9 /var/www/html/dainikShahtha/vendor/laravel/framework/src/Illuminate/Routing/ResponseFactory.php(55): Symfony\\Component\\HttpFoundation\\Response->__construct(Object(Illuminate\\View\\View), 500, Array)
#10 /var/www/html/dainikShahtha/vendor/laravel/framework/src/Illuminate/Routing/ResponseFactory.php(81): Illuminate\\Routing\\ResponseFactory->make(Object(Illuminate\\View\\View), 500, Array)
#11 /var/www/html/dainikShahtha/vendor/laravel/framework/src/Illuminate/Foundation/Exceptions/Handler.php(380): Illuminate\\Routing\\ResponseFactory->view('errors::500', Array, 500, Array)
#12 /var/www/html/dainikShahtha/vendor/laravel/framework/src/Illuminate/Foundation/Exceptions/Handler.php(289): Illuminate\\Foundation\\Exceptions\\Handler->renderHttpException(Object(Symfony\\Component\\HttpKernel\\Exception\\HttpException))
#13 /var/www/html/dainikShahtha/vendor/laravel/framework/src/Illuminate/Foundation/Exceptions/Handler.php(188): Illuminate\\Foundation\\Exceptions\\Handler->prepareResponse(Object(Illuminate\\Http\\Request), Object(Symfony\\Component\\HttpKernel\\Exception\\HttpException))
#14 /var/www/html/dainikShahtha/app/Exceptions/Handler.php(49): Illuminate\\Foundation\\Exceptions\\Handler->render(Object(Illuminate\\Http\\Request), Object(ErrorException))
#15 /var/www/html/dainikShahtha/vendor/laravel/framework/src/Illuminate/Foundation/Http/Kernel.php(326): App\\Exceptions\\Handler->render(Object(Illuminate\\Http\\Request), Object(ErrorException))
#16 /var/www/html/dainikShahtha/vendor/laravel/framework/src/Illuminate/Foundation/Http/Kernel.php(120): Illuminate\\Foundation\\Http\\Kernel->renderException(Object(Illuminate\\Http\\Request), Object(ErrorException))
#17 /var/www/html/dainikShahtha/public/index.php(55): Illuminate\\Foundation\\Http\\Kernel->handle(Object(Illuminate\\Http\\Request))
#18 /var/www/html/dainikShahtha/server.php(21): require_once('/var/www/html/d...')
#19 {main}
"} 
[2026-03-26 19:38:23] local.ERROR: Uncaught ErrorException: file_put_contents(D:\Personal Projects\dainikShahtha\storage\framework\views/cca79836c9896ead3693bf5fb5fe5762ba905db1.php): failed to open stream: No such file or directory in /var/www/html/dainikShahtha/vendor/laravel/framework/src/Illuminate/Filesystem/Filesystem.php:122
Stack trace:
#0 [internal function]: Illuminate\Foundation\Bootstrap\HandleExceptions->handleError(2, 'file_put_conten...', '/var/www/html/d...', 122, Array)
#1 /var/www/html/dainikShahtha/vendor/laravel/framework/src/Illuminate/Filesystem/Filesystem.php(122): file_put_contents('D:\\Personal Pro...', '<?php $__env->s...', 0)
#2 /var/www/html/dainikShahtha/vendor/laravel/framework/src/Illuminate/View/Compilers/BladeCompiler.php(122): Illuminate\Filesystem\Filesystem->put('D:\\Personal Pro...', '<?php $__env->s...')
#3 /var/www/html/dainikShahtha/vendor/laravel/framework/src/Illuminate/View/Engines/CompilerEngine.php(51): Illuminate\View\Compilers\BladeCompiler->compile('/var/www/html/d...')
#4 /var/www/html/dainikSha {"exception":"[object] (Symfony\\Component\\Debug\\Exception\\FatalErrorException(code: 1): Uncaught ErrorException: file_put_contents(D:\\Personal Projects\\dainikShahtha\\storage\\framework\\views/cca79836c9896ead3693bf5fb5fe5762ba905db1.php): failed to open stream: No such file or directory in /var/www/html/dainikShahtha/vendor/laravel/framework/src/Illuminate/Filesystem/Filesystem.php:122
Stack trace:
#0 [internal function]: Illuminate\\Foundation\\Bootstrap\\HandleExceptions->handleError(2, 'file_put_conten...', '/var/www/html/d...', 122, Array)
#1 /var/www/html/dainikShahtha/vendor/laravel/framework/src/Illuminate/Filesystem/Filesystem.php(122): file_put_contents('D:\\\\Personal Pro...', '<?php $__env->s...', 0)
#2 /var/www/html/dainikShahtha/vendor/laravel/framework/src/Illuminate/View/Compilers/BladeCompiler.php(122): Illuminate\\Filesystem\\Filesystem->put('D:\\\\Personal Pro...', '<?php $__env->s...')
#3 /var/www/html/dainikShahtha/vendor/laravel/framework/src/Illuminate/View/Engines/CompilerEngine.php(51): Illuminate\\View\\Compilers\\BladeCompiler->compile('/var/www/html/d...')
#4 /var/www/html/dainikSha at /var/www/html/dainikShahtha/vendor/laravel/framework/src/Illuminate/Filesystem/Filesystem.php:122)
[stacktrace]
#0 {main}
"} 
