[2021-07-19 18:53:39] local.ERROR: SQLSTATE[HY000] [1045] Access denied for user 'root'@'localhost' (using password: NO) (SQL: select * from `set_as` where `set_as` in (lead_news_1, lead_news_2, lead_news_3) order by `set_as` asc) {"exception":"[object] (Illuminate\\Database\\QueryException(code: 1045): SQLSTATE[HY000] [1045] Access denied for user 'root'@'localhost' (using password: NO) (SQL: select * from `set_as` where `set_as` in (lead_news_1, lead_news_2, lead_news_3) order by `set_as` asc) at /home/customs1/public_html/projects/newsportal/vendor/laravel/framework/src/Illuminate/Database/Connection.php:664, PDOException(code: 1045): SQLSTATE[HY000] [1045] Access denied for user 'root'@'localhost' (using password: NO) at /home/customs1/public_html/projects/newsportal/vendor/laravel/framework/src/Illuminate/Database/Connectors/Connector.php:70)
[stacktrace]
#0 /home/customs1/public_html/projects/newsportal/vendor/laravel/framework/src/Illuminate/Database/Connection.php(624): Illuminate\\Database\\Connection->runQueryCallback('select * from `...', Array, Object(Closure))
#1 /home/customs1/public_html/projects/newsportal/vendor/laravel/framework/src/Illuminate/Database/Connection.php(333): Illuminate\\Database\\Connection->run('select * from `...', Array, Object(Closure))
#2 /home/customs1/public_html/projects/newsportal/vendor/laravel/framework/src/Illuminate/Database/Query/Builder.php(2095): Illuminate\\Database\\Connection->select('select * from `...', Array, true)
#3 /home/customs1/public_html/projects/newsportal/vendor/laravel/framework/src/Illuminate/Database/Query/Builder.php(2083): Illuminate\\Database\\Query\\Builder->runSelect()
#4 /home/customs1/public_html/projects/newsportal/vendor/laravel/framework/src/Illuminate/Database/Query/Builder.php(2569): Illuminate\\Database\\Query\\Builder->Illuminate\\Database\\Query\\{closure}()
#5 /home/customs1/public_html/projects/newsportal/vendor/laravel/framework/src/Illuminate/Database/Query/Builder.php(2084): Illuminate\\Database\\Query\\Builder->onceWithColumns(Array, Object(Closure))
#6 /home/customs1/public_html/projects/newsportal/vendor/laravel/framework/src/Illuminate/Database/Eloquent/Builder.php(519): Illuminate\\Database\\Query\\Builder->get(Array)
#7 /home/customs1/public_html/projects/newsportal/vendor/laravel/framework/src/Illuminate/Database/Eloquent/Builder.php(503): Illuminate\\Database\\Eloquent\\Builder->getModels(Array)
#8 /home/customs1/public_html/projects/newsportal/app/Http/Controllers/sksController.php(23): Illuminate\\Database\\Eloquent\\Builder->get()
#9 [internal function]: App\\Http\\Controllers\\sksController->index()
#10 /home/customs1/public_html/projects/newsportal/vendor/laravel/framework/src/Illuminate/Routing/Controller.php(54): call_user_func_array(Array, Array)
#11 /home/customs1/public_html/projects/newsportal/vendor/laravel/framework/src/Illuminate/Routing/ControllerDispatcher.php(45): Illuminate\\Routing\\Controller->callAction('index', Array)
#12 /home/customs1/public_html/projects/newsportal/vendor/laravel/framework/src/Illuminate/Routing/Route.php(219): Illuminate\\Routing\\ControllerDispatcher->dispatch(Object(Illuminate\\Routing\\Route), Object(App\\Http\\Controllers\\sksController), 'index')
#13 /home/customs1/public_html/projects/newsportal/vendor/laravel/framework/src/Illuminate/Routing/Route.php(176): Illuminate\\Routing\\Route->runController()
#14 /home/customs1/public_html/projects/newsportal/vendor/laravel/framework/src/Illuminate/Routing/Router.php(682): Illuminate\\Routing\\Route->run()
#15 /home/customs1/public_html/projects/newsportal/vendor/laravel/framework/src/Illuminate/Routing/Pipeline.php(30): Illuminate\\Routing\\Router->Illuminate\\Routing\\{closure}(Object(Illuminate\\Http\\Request))
#16 /home/customs1/public_html/projects/newsportal/vendor/laravel/framework/src/Illuminate/Routing/Middleware/SubstituteBindings.php(41): Illuminate\\Routing\\Pipeline->Illuminate\\Routing\\{closure}(Object(Illuminate\\Http\\Request))
#17 /home/customs1/public_html/projects/newsportal/vendor/laravel/framework/src/Illuminate/Pipeline/Pipeline.php(163): Illuminate\\Routing\\Middleware\\SubstituteBindings->handle(Object(Illuminate\\Http\\Request), Object(Closure))
#18 /home/customs1/public_html/projects/newsportal/vendor/laravel/framework/src/Illuminate/Routing/Pipeline.php(53): Illuminate\\Pipeline\\Pipeline->Illuminate\\Pipeline\\{closure}(Object(Illuminate\\Http\\Request))
#19 /home/customs1/public_html/projects/newsportal/vendor/laravel/framework/src/Illuminate/Foundation/Http/Middleware/VerifyCsrfToken.php(75): Illuminate\\Routing\\Pipeline->Illuminate\\Routing\\{closure}(Object(Illuminate\\Http\\Request))
#20 /home/customs1/public_html/projects/newsportal/vendor/laravel/framework/src/Illuminate/Pipeline/Pipeline.php(163): Illuminate\\Foundation\\Http\\Middleware\\VerifyCsrfToken->handle(Object(Illuminate\\Http\\Request), Object(Closure))
#21 /home/customs1/public_html/projects/newsportal/vendor/laravel/framework/src/Illuminate/Routing/Pipeline.php(53): Illuminate\\Pipeline\\Pipeline->Illuminate\\Pipeline\\{closure}(Object(Illuminate\\Http\\Request))
#22 /home/customs1/public_html/projects/newsportal/vendor/laravel/framework/src/Illuminate/View/Middleware/ShareErrorsFromSession.php(49): Illuminate\\Routing\\Pipeline->Illuminate\\Routing\\{closure}(Object(Illuminate\\Http\\Request))
#23 /home/customs1/public_html/projects/newsportal/vendor/laravel/framework/src/Illuminate/Pipeline/Pipeline.php(163): Illuminate\\View\\Middleware\\ShareErrorsFromSession->handle(Object(Illuminate\\Http\\Request), Object(Closure))
#24 /home/customs1/public_html/projects/newsportal/vendor/laravel/framework/src/Illuminate/Routing/Pipeline.php(53): Illuminate\\Pipeline\\Pipeline->Illuminate\\Pipeline\\{closure}(Object(Illuminate\\Http\\Request))
#25 /home/customs1/public_html/projects/newsportal/vendor/laravel/framework/src/Illuminate/Session/Middleware/StartSession.php(63): Illuminate\\Routing\\Pipeline->Illuminate\\Routing\\{closure}(Object(Illuminate\\Http\\Request))
#26 /home/customs1/public_html/projects/newsportal/vendor/laravel/framework/src/Illuminate/Pipeline/Pipeline.php(163): Illuminate\\Session\\Middleware\\StartSession->handle(Object(Illuminate\\Http\\Request), Object(Closure))
#27 /home/customs1/public_html/projects/newsportal/vendor/laravel/framework/src/Illuminate/Routing/Pipeline.php(53): Illuminate\\Pipeline\\Pipeline->Illuminate\\Pipeline\\{closure}(Object(Illuminate\\Http\\Request))
#28 /home/customs1/public_html/projects/newsportal/vendor/laravel/framework/src/Illuminate/Cookie/Middleware/AddQueuedCookiesToResponse.php(37): Illuminate\\Routing\\Pipeline->Illuminate\\Routing\\{closure}(Object(Illuminate\\Http\\Request))
#29 /home/customs1/public_html/projects/newsportal/vendor/laravel/framework/src/Illuminate/Pipeline/Pipeline.php(163): Illuminate\\Cookie\\Middleware\\AddQueuedCookiesToResponse->handle(Object(Illuminate\\Http\\Request), Object(Closure))
#30 /home/customs1/public_html/projects/newsportal/vendor/laravel/framework/src/Illuminate/Routing/Pipeline.php(53): Illuminate\\Pipeline\\Pipeline->Illuminate\\Pipeline\\{closure}(Object(Illuminate\\Http\\Request))
#31 /home/customs1/public_html/projects/newsportal/vendor/laravel/framework/src/Illuminate/Cookie/Middleware/EncryptCookies.php(66): Illuminate\\Routing\\Pipeline->Illuminate\\Routing\\{closure}(Object(Illuminate\\Http\\Request))
#32 /home/customs1/public_html/projects/newsportal/vendor/laravel/framework/src/Illuminate/Pipeline/Pipeline.php(163): Illuminate\\Cookie\\Middleware\\EncryptCookies->handle(Object(Illuminate\\Http\\Request), Object(Closure))
#33 /home/customs1/public_html/projects/newsportal/vendor/laravel/framework/src/Illuminate/Routing/Pipeline.php(53): Illuminate\\Pipeline\\Pipeline->Illuminate\\Pipeline\\{closure}(Object(Illuminate\\Http\\Request))
#34 /home/customs1/public_html/projects/newsportal/vendor/laravel/framework/src/Illuminate/Pipeline/Pipeline.php(104): Illuminate\\Routing\\Pipeline->Illuminate\\Routing\\{closure}(Object(Illuminate\\Http\\Request))
#35 /home/customs1/public_html/projects/newsportal/vendor/laravel/framework/src/Illuminate/Routing/Router.php(684): Illuminate\\Pipeline\\Pipeline->then(Object(Closure))
#36 /home/customs1/public_html/projects/newsportal/vendor/laravel/framework/src/Illuminate/Routing/Router.php(659): Illuminate\\Routing\\Router->runRouteWithinStack(Object(Illuminate\\Routing\\Route), Object(Illuminate\\Http\\Request))
#37 /home/customs1/public_html/projects/newsportal/vendor/laravel/framework/src/Illuminate/Routing/Router.php(625): Illuminate\\Routing\\Router->runRoute(Object(Illuminate\\Http\\Request), Object(Illuminate\\Routing\\Route))
#38 /home/customs1/public_html/projects/newsportal/vendor/laravel/framework/src/Illuminate/Routing/Router.php(614): Illuminate\\Routing\\Router->dispatchToRoute(Object(Illuminate\\Http\\Request))
#39 /home/customs1/public_html/projects/newsportal/vendor/laravel/framework/src/Illuminate/Foundation/Http/Kernel.php(176): Illuminate\\Routing\\Router->dispatch(Object(Illuminate\\Http\\Request))
#40 /home/customs1/public_html/projects/newsportal/vendor/laravel/framework/src/Illuminate/Routing/Pipeline.php(30): Illuminate\\Foundation\\Http\\Kernel->Illuminate\\Foundation\\Http\\{closure}(Object(Illuminate\\Http\\Request))
#41 /home/customs1/public_html/projects/newsportal/vendor/barryvdh/laravel-debugbar/src/Middleware/InjectDebugbar.php(58): Illuminate\\Routing\\Pipeline->Illuminate\\Routing\\{closure}(Object(Illuminate\\Http\\Request))
#42 /home/customs1/public_html/projects/newsportal/vendor/laravel/framework/src/Illuminate/Pipeline/Pipeline.php(163): Barryvdh\\Debugbar\\Middleware\\InjectDebugbar->handle(Object(Illuminate\\Http\\Request), Object(Closure))
#43 /home/customs1/public_html/projects/newsportal/vendor/laravel/framework/src/Illuminate/Routing/Pipeline.php(53): Illuminate\\Pipeline\\Pipeline->Illuminate\\Pipeline\\{closure}(Object(Illuminate\\Http\\Request))
#44 /home/customs1/public_html/projects/newsportal/vendor/fideloper/proxy/src/TrustProxies.php(57): Illuminate\\Routing\\Pipeline->Illuminate\\Routing\\{closure}(Object(Illuminate\\Http\\Request))
#45 /home/customs1/public_html/projects/newsportal/vendor/laravel/framework/src/Illuminate/Pipeline/Pipeline.php(163): Fideloper\\Proxy\\TrustProxies->handle(Object(Illuminate\\Http\\Request), Object(Closure))
#46 /home/customs1/public_html/projects/newsportal/vendor/laravel/framework/src/Illuminate/Routing/Pipeline.php(53): Illuminate\\Pipeline\\Pipeline->Illuminate\\Pipeline\\{closure}(Object(Illuminate\\Http\\Request))
#47 /home/customs1/public_html/projects/newsportal/vendor/laravel/framework/src/Illuminate/Foundation/Http/Middleware/TransformsRequest.php(31): Illuminate\\Routing\\Pipeline->Illuminate\\Routing\\{closure}(Object(Illuminate\\Http\\Request))
#48 /home/customs1/public_html/projects/newsportal/vendor/laravel/framework/src/Illuminate/Pipeline/Pipeline.php(163): Illuminate\\Foundation\\Http\\Middleware\\TransformsRequest->handle(Object(Illuminate\\Http\\Request), Object(Closure))
#49 /home/customs1/public_html/projects/newsportal/vendor/laravel/framework/src/Illuminate/Routing/Pipeline.php(53): Illuminate\\Pipeline\\Pipeline->Illuminate\\Pipeline\\{closure}(Object(Illuminate\\Http\\Request))
#50 /home/customs1/public_html/projects/newsportal/vendor/laravel/framework/src/Illuminate/Foundation/Http/Middleware/TransformsRequest.php(31): Illuminate\\Routing\\Pipeline->Illuminate\\Routing\\{closure}(Object(Illuminate\\Http\\Request))
#51 /home/customs1/public_html/projects/newsportal/vendor/laravel/framework/src/Illuminate/Pipeline/Pipeline.php(163): Illuminate\\Foundation\\Http\\Middleware\\TransformsRequest->handle(Object(Illuminate\\Http\\Request), Object(Closure))
#52 /home/customs1/public_html/projects/newsportal/vendor/laravel/framework/src/Illuminate/Routing/Pipeline.php(53): Illuminate\\Pipeline\\Pipeline->Illuminate\\Pipeline\\{closure}(Object(Illuminate\\Http\\Request))
#53 /home/customs1/public_html/projects/newsportal/vendor/laravel/framework/src/Illuminate/Foundation/Http/Middleware/ValidatePostSize.php(27): Illuminate\\Routing\\Pipeline->Illuminate\\Routing\\{closure}(Object(Illuminate\\Http\\Request))
#54 /home/customs1/public_html/projects/newsportal/vendor/laravel/framework/src/Illuminate/Pipeline/Pipeline.php(163): Illuminate\\Foundation\\Http\\Middleware\\ValidatePostSize->handle(Object(Illuminate\\Http\\Request), Object(Closure))
#55 /home/customs1/public_html/projects/newsportal/vendor/laravel/framework/src/Illuminate/Routing/Pipeline.php(53): Illuminate\\Pipeline\\Pipeline->Illuminate\\Pipeline\\{closure}(Object(Illuminate\\Http\\Request))
#56 /home/customs1/public_html/projects/newsportal/vendor/laravel/framework/src/Illuminate/Foundation/Http/Middleware/CheckForMaintenanceMode.php(62): Illuminate\\Routing\\Pipeline->Illuminate\\Routing\\{closure}(Object(Illuminate\\Http\\Request))
#57 /home/customs1/public_html/projects/newsportal/vendor/laravel/framework/src/Illuminate/Pipeline/Pipeline.php(163): Illuminate\\Foundation\\Http\\Middleware\\CheckForMaintenanceMode->handle(Object(Illuminate\\Http\\Request), Object(Closure))
#58 /home/customs1/public_html/projects/newsportal/vendor/laravel/framework/src/Illuminate/Routing/Pipeline.php(53): Illuminate\\Pipeline\\Pipeline->Illuminate\\Pipeline\\{closure}(Object(Illuminate\\Http\\Request))
#59 /home/customs1/public_html/projects/newsportal/vendor/laravel/framework/src/Illuminate/Pipeline/Pipeline.php(104): Illuminate\\Routing\\Pipeline->Illuminate\\Routing\\{closure}(Object(Illuminate\\Http\\Request))
#60 /home/customs1/public_html/projects/newsportal/vendor/laravel/framework/src/Illuminate/Foundation/Http/Kernel.php(151): Illuminate\\Pipeline\\Pipeline->then(Object(Closure))
#61 /home/customs1/public_html/projects/newsportal/vendor/laravel/framework/src/Illuminate/Foundation/Http/Kernel.php(116): Illuminate\\Foundation\\Http\\Kernel->sendRequestThroughRouter(Object(Illuminate\\Http\\Request))
#62 /home/customs1/public_html/projects/newsportal/public/index.php(55): Illuminate\\Foundation\\Http\\Kernel->handle(Object(Illuminate\\Http\\Request))
#63 {main}
"} 
[2021-07-19 18:53:39] local.ERROR: file_put_contents(A:\laragon\www\newsportal\storage\framework\views/586248950626724bb1f966444695ee13b153f512.php): failed to open stream: No such file or directory {"exception":"[object] (ErrorException(code: 0): file_put_contents(A:\\laragon\\www\
ewsportal\\storage\\framework\\views/586248950626724bb1f966444695ee13b153f512.php): failed to open stream: No such file or directory at /home/customs1/public_html/projects/newsportal/vendor/laravel/framework/src/Illuminate/Filesystem/Filesystem.php:122)
[stacktrace]
#0 [internal function]: Illuminate\\Foundation\\Bootstrap\\HandleExceptions->handleError(2, 'file_put_conten...', '/home/customs1/...', 122, Array)
#1 /home/customs1/public_html/projects/newsportal/vendor/laravel/framework/src/Illuminate/Filesystem/Filesystem.php(122): file_put_contents('A:\\\\laragon\\\\www\\\\...', '<?php $__env->s...', 0)
#2 /home/customs1/public_html/projects/newsportal/vendor/laravel/framework/src/Illuminate/View/Compilers/BladeCompiler.php(122): Illuminate\\Filesystem\\Filesystem->put('A:\\\\laragon\\\\www\\\\...', '<?php $__env->s...')
#3 /home/customs1/public_html/projects/newsportal/vendor/laravel/framework/src/Illuminate/View/Engines/CompilerEngine.php(51): Illuminate\\View\\Compilers\\BladeCompiler->compile('/home/customs1/...')
#4 /home/customs1/public_html/projects/newsportal/vendor/laravel/framework/src/Illuminate/View/View.php(142): Illuminate\\View\\Engines\\CompilerEngine->get('/home/customs1/...', Array)
#5 /home/customs1/public_html/projects/newsportal/vendor/laravel/framework/src/Illuminate/View/View.php(125): Illuminate\\View\\View->getContents()
#6 /home/customs1/public_html/projects/newsportal/vendor/laravel/framework/src/Illuminate/View/View.php(90): Illuminate\\View\\View->renderContents()
#7 /home/customs1/public_html/projects/newsportal/vendor/laravel/framework/src/Illuminate/Http/Response.php(42): Illuminate\\View\\View->render()
#8 /home/customs1/public_html/projects/newsportal/vendor/symfony/http-foundation/Response.php(205): Illuminate\\Http\\Response->setContent(Object(Illuminate\\View\\View))
#9 /home/customs1/public_html/projects/newsportal/vendor/laravel/framework/src/Illuminate/Routing/ResponseFactory.php(55): Symfony\\Component\\HttpFoundation\\Response->__construct(Object(Illuminate\\View\\View), 500, Array)
#10 /home/customs1/public_html/projects/newsportal/vendor/laravel/framework/src/Illuminate/Routing/ResponseFactory.php(81): Illuminate\\Routing\\ResponseFactory->make(Object(Illuminate\\View\\View), 500, Array)
#11 /home/customs1/public_html/projects/newsportal/vendor/laravel/framework/src/Illuminate/Foundation/Exceptions/Handler.php(380): Illuminate\\Routing\\ResponseFactory->view('errors::500', Array, 500, Array)
#12 /home/customs1/public_html/projects/newsportal/vendor/laravel/framework/src/Illuminate/Foundation/Exceptions/Handler.php(289): Illuminate\\Foundation\\Exceptions\\Handler->renderHttpException(Object(Symfony\\Component\\HttpKernel\\Exception\\HttpException))
#13 /home/customs1/public_html/projects/newsportal/vendor/laravel/framework/src/Illuminate/Foundation/Exceptions/Handler.php(188): Illuminate\\Foundation\\Exceptions\\Handler->prepareResponse(Object(Illuminate\\Http\\Request), Object(Symfony\\Component\\HttpKernel\\Exception\\HttpException))
#14 /home/customs1/public_html/projects/newsportal/app/Exceptions/Handler.php(49): Illuminate\\Foundation\\Exceptions\\Handler->render(Object(Illuminate\\Http\\Request), Object(Illuminate\\Database\\QueryException))
#15 /home/customs1/public_html/projects/newsportal/vendor/laravel/framework/src/Illuminate/Routing/Pipeline.php(83): App\\Exceptions\\Handler->render(Object(Illuminate\\Http\\Request), Object(Illuminate\\Database\\QueryException))
#16 /home/customs1/public_html/projects/newsportal/vendor/laravel/framework/src/Illuminate/Routing/Pipeline.php(32): Illuminate\\Routing\\Pipeline->handleException(Object(Illuminate\\Http\\Request), Object(Illuminate\\Database\\QueryException))
#17 /home/customs1/public_html/projects/newsportal/vendor/laravel/framework/src/Illuminate/Routing/Middleware/SubstituteBindings.php(41): Illuminate\\Routing\\Pipeline->Illuminate\\Routing\\{closure}(Object(Illuminate\\Http\\Request))
#18 /home/customs1/public_html/projects/newsportal/vendor/laravel/framework/src/Illuminate/Pipeline/Pipeline.php(163): Illuminate\\Routing\\Middleware\\SubstituteBindings->handle(Object(Illuminate\\Http\\Request), Object(Closure))
#19 /home/customs1/public_html/projects/newsportal/vendor/laravel/framework/src/Illuminate/Routing/Pipeline.php(53): Illuminate\\Pipeline\\Pipeline->Illuminate\\Pipeline\\{closure}(Object(Illuminate\\Http\\Request))
#20 /home/customs1/public_html/projects/newsportal/vendor/laravel/framework/src/Illuminate/Foundation/Http/Middleware/VerifyCsrfToken.php(75): Illuminate\\Routing\\Pipeline->Illuminate\\Routing\\{closure}(Object(Illuminate\\Http\\Request))
#21 /home/customs1/public_html/projects/newsportal/vendor/laravel/framework/src/Illuminate/Pipeline/Pipeline.php(163): Illuminate\\Foundation\\Http\\Middleware\\VerifyCsrfToken->handle(Object(Illuminate\\Http\\Request), Object(Closure))
#22 /home/customs1/public_html/projects/newsportal/vendor/laravel/framework/src/Illuminate/Routing/Pipeline.php(53): Illuminate\\Pipeline\\Pipeline->Illuminate\\Pipeline\\{closure}(Object(Illuminate\\Http\\Request))
#23 /home/customs1/public_html/projects/newsportal/vendor/laravel/framework/src/Illuminate/View/Middleware/ShareErrorsFromSession.php(49): Illuminate\\Routing\\Pipeline->Illuminate\\Routing\\{closure}(Object(Illuminate\\Http\\Request))
#24 /home/customs1/public_html/projects/newsportal/vendor/laravel/framework/src/Illuminate/Pipeline/Pipeline.php(163): Illuminate\\View\\Middleware\\ShareErrorsFromSession->handle(Object(Illuminate\\Http\\Request), Object(Closure))
#25 /home/customs1/public_html/projects/newsportal/vendor/laravel/framework/src/Illuminate/Routing/Pipeline.php(53): Illuminate\\Pipeline\\Pipeline->Illuminate\\Pipeline\\{closure}(Object(Illuminate\\Http\\Request))
#26 /home/customs1/public_html/projects/newsportal/vendor/laravel/framework/src/Illuminate/Session/Middleware/StartSession.php(63): Illuminate\\Routing\\Pipeline->Illuminate\\Routing\\{closure}(Object(Illuminate\\Http\\Request))
#27 /home/customs1/public_html/projects/newsportal/vendor/laravel/framework/src/Illuminate/Pipeline/Pipeline.php(163): Illuminate\\Session\\Middleware\\StartSession->handle(Object(Illuminate\\Http\\Request), Object(Closure))
#28 /home/customs1/public_html/projects/newsportal/vendor/laravel/framework/src/Illuminate/Routing/Pipeline.php(53): Illuminate\\Pipeline\\Pipeline->Illuminate\\Pipeline\\{closure}(Object(Illuminate\\Http\\Request))
#29 /home/customs1/public_html/projects/newsportal/vendor/laravel/framework/src/Illuminate/Cookie/Middleware/AddQueuedCookiesToResponse.php(37): Illuminate\\Routing\\Pipeline->Illuminate\\Routing\\{closure}(Object(Illuminate\\Http\\Request))
#30 /home/customs1/public_html/projects/newsportal/vendor/laravel/framework/src/Illuminate/Pipeline/Pipeline.php(163): Illuminate\\Cookie\\Middleware\\AddQueuedCookiesToResponse->handle(Object(Illuminate\\Http\\Request), Object(Closure))
#31 /home/customs1/public_html/projects/newsportal/vendor/laravel/framework/src/Illuminate/Routing/Pipeline.php(53): Illuminate\\Pipeline\\Pipeline->Illuminate\\Pipeline\\{closure}(Object(Illuminate\\Http\\Request))
#32 /home/customs1/public_html/projects/newsportal/vendor/laravel/framework/src/Illuminate/Cookie/Middleware/EncryptCookies.php(66): Illuminate\\Routing\\Pipeline->Illuminate\\Routing\\{closure}(Object(Illuminate\\Http\\Request))
#33 /home/customs1/public_html/projects/newsportal/vendor/laravel/framework/src/Illuminate/Pipeline/Pipeline.php(163): Illuminate\\Cookie\\Middleware\\EncryptCookies->handle(Object(Illuminate\\Http\\Request), Object(Closure))
#34 /home/customs1/public_html/projects/newsportal/vendor/laravel/framework/src/Illuminate/Routing/Pipeline.php(53): Illuminate\\Pipeline\\Pipeline->Illuminate\\Pipeline\\{closure}(Object(Illuminate\\Http\\Request))
#35 /home/customs1/public_html/projects/newsportal/vendor/laravel/framework/src/Illuminate/Pipeline/Pipeline.php(104): Illuminate\\Routing\\Pipeline->Illuminate\\Routing\\{closure}(Object(Illuminate\\Http\\Request))
#36 /home/customs1/public_html/projects/newsportal/vendor/laravel/framework/src/Illuminate/Routing/Router.php(684): Illuminate\\Pipeline\\Pipeline->then(Object(Closure))
#37 /home/customs1/public_html/projects/newsportal/vendor/laravel/framework/src/Illuminate/Routing/Router.php(659): Illuminate\\Routing\\Router->runRouteWithinStack(Object(Illuminate\\Routing\\Route), Object(Illuminate\\Http\\Request))
#38 /home/customs1/public_html/projects/newsportal/vendor/laravel/framework/src/Illuminate/Routing/Router.php(625): Illuminate\\Routing\\Router->runRoute(Object(Illuminate\\Http\\Request), Object(Illuminate\\Routing\\Route))
#39 /home/customs1/public_html/projects/newsportal/vendor/laravel/framework/src/Illuminate/Routing/Router.php(614): Illuminate\\Routing\\Router->dispatchToRoute(Object(Illuminate\\Http\\Request))
#40 /home/customs1/public_html/projects/newsportal/vendor/laravel/framework/src/Illuminate/Foundation/Http/Kernel.php(176): Illuminate\\Routing\\Router->dispatch(Object(Illuminate\\Http\\Request))
#41 /home/customs1/public_html/projects/newsportal/vendor/laravel/framework/src/Illuminate/Routing/Pipeline.php(30): Illuminate\\Foundation\\Http\\Kernel->Illuminate\\Foundation\\Http\\{closure}(Object(Illuminate\\Http\\Request))
#42 /home/customs1/public_html/projects/newsportal/vendor/barryvdh/laravel-debugbar/src/Middleware/InjectDebugbar.php(58): Illuminate\\Routing\\Pipeline->Illuminate\\Routing\\{closure}(Object(Illuminate\\Http\\Request))
#43 /home/customs1/public_html/projects/newsportal/vendor/laravel/framework/src/Illuminate/Pipeline/Pipeline.php(163): Barryvdh\\Debugbar\\Middleware\\InjectDebugbar->handle(Object(Illuminate\\Http\\Request), Object(Closure))
#44 /home/customs1/public_html/projects/newsportal/vendor/laravel/framework/src/Illuminate/Routing/Pipeline.php(53): Illuminate\\Pipeline\\Pipeline->Illuminate\\Pipeline\\{closure}(Object(Illuminate\\Http\\Request))
#45 /home/customs1/public_html/projects/newsportal/vendor/fideloper/proxy/src/TrustProxies.php(57): Illuminate\\Routing\\Pipeline->Illuminate\\Routing\\{closure}(Object(Illuminate\\Http\\Request))
#46 /home/customs1/public_html/projects/newsportal/vendor/laravel/framework/src/Illuminate/Pipeline/Pipeline.php(163): Fideloper\\Proxy\\TrustProxies->handle(Object(Illuminate\\Http\\Request), Object(Closure))
#47 /home/customs1/public_html/projects/newsportal/vendor/laravel/framework/src/Illuminate/Routing/Pipeline.php(53): Illuminate\\Pipeline\\Pipeline->Illuminate\\Pipeline\\{closure}(Object(Illuminate\\Http\\Request))
#48 /home/customs1/public_html/projects/newsportal/vendor/laravel/framework/src/Illuminate/Foundation/Http/Middleware/TransformsRequest.php(31): Illuminate\\Routing\\Pipeline->Illuminate\\Routing\\{closure}(Object(Illuminate\\Http\\Request))
#49 /home/customs1/public_html/projects/newsportal/vendor/laravel/framework/src/Illuminate/Pipeline/Pipeline.php(163): Illuminate\\Foundation\\Http\\Middleware\\TransformsRequest->handle(Object(Illuminate\\Http\\Request), Object(Closure))
#50 /home/customs1/public_html/projects/newsportal/vendor/laravel/framework/src/Illuminate/Routing/Pipeline.php(53): Illuminate\\Pipeline\\Pipeline->Illuminate\\Pipeline\\{closure}(Object(Illuminate\\Http\\Request))
#51 /home/customs1/public_html/projects/newsportal/vendor/laravel/framework/src/Illuminate/Foundation/Http/Middleware/TransformsRequest.php(31): Illuminate\\Routing\\Pipeline->Illuminate\\Routing\\{closure}(Object(Illuminate\\Http\\Request))
#52 /home/customs1/public_html/projects/newsportal/vendor/laravel/framework/src/Illuminate/Pipeline/Pipeline.php(163): Illuminate\\Foundation\\Http\\Middleware\\TransformsRequest->handle(Object(Illuminate\\Http\\Request), Object(Closure))
#53 /home/customs1/public_html/projects/newsportal/vendor/laravel/framework/src/Illuminate/Routing/Pipeline.php(53): Illuminate\\Pipeline\\Pipeline->Illuminate\\Pipeline\\{closure}(Object(Illuminate\\Http\\Request))
#54 /home/customs1/public_html/projects/newsportal/vendor/laravel/framework/src/Illuminate/Foundation/Http/Middleware/ValidatePostSize.php(27): Illuminate\\Routing\\Pipeline->Illuminate\\Routing\\{closure}(Object(Illuminate\\Http\\Request))
#55 /home/customs1/public_html/projects/newsportal/vendor/laravel/framework/src/Illuminate/Pipeline/Pipeline.php(163): Illuminate\\Foundation\\Http\\Middleware\\ValidatePostSize->handle(Object(Illuminate\\Http\\Request), Object(Closure))
#56 /home/customs1/public_html/projects/newsportal/vendor/laravel/framework/src/Illuminate/Routing/Pipeline.php(53): Illuminate\\Pipeline\\Pipeline->Illuminate\\Pipeline\\{closure}(Object(Illuminate\\Http\\Request))
#57 /home/customs1/public_html/projects/newsportal/vendor/laravel/framework/src/Illuminate/Foundation/Http/Middleware/CheckForMaintenanceMode.php(62): Illuminate\\Routing\\Pipeline->Illuminate\\Routing\\{closure}(Object(Illuminate\\Http\\Request))
#58 /home/customs1/public_html/projects/newsportal/vendor/laravel/framework/src/Illuminate/Pipeline/Pipeline.php(163): Illuminate\\Foundation\\Http\\Middleware\\CheckForMaintenanceMode->handle(Object(Illuminate\\Http\\Request), Object(Closure))
#59 /home/customs1/public_html/projects/newsportal/vendor/laravel/framework/src/Illuminate/Routing/Pipeline.php(53): Illuminate\\Pipeline\\Pipeline->Illuminate\\Pipeline\\{closure}(Object(Illuminate\\Http\\Request))
#60 /home/customs1/public_html/projects/newsportal/vendor/laravel/framework/src/Illuminate/Pipeline/Pipeline.php(104): Illuminate\\Routing\\Pipeline->Illuminate\\Routing\\{closure}(Object(Illuminate\\Http\\Request))
#61 /home/customs1/public_html/projects/newsportal/vendor/laravel/framework/src/Illuminate/Foundation/Http/Kernel.php(151): Illuminate\\Pipeline\\Pipeline->then(Object(Closure))
#62 /home/customs1/public_html/projects/newsportal/vendor/laravel/framework/src/Illuminate/Foundation/Http/Kernel.php(116): Illuminate\\Foundation\\Http\\Kernel->sendRequestThroughRouter(Object(Illuminate\\Http\\Request))
#63 /home/customs1/public_html/projects/newsportal/public/index.php(55): Illuminate\\Foundation\\Http\\Kernel->handle(Object(Illuminate\\Http\\Request))
#64 {main}
"} 
[2021-07-19 18:53:39] local.ERROR: file_put_contents(A:\laragon\www\newsportal\storage\framework\views/586248950626724bb1f966444695ee13b153f512.php): failed to open stream: No such file or directory {"exception":"[object] (ErrorException(code: 0): file_put_contents(A:\\laragon\\www\
ewsportal\\storage\\framework\\views/586248950626724bb1f966444695ee13b153f512.php): failed to open stream: No such file or directory at /home/customs1/public_html/projects/newsportal/vendor/laravel/framework/src/Illuminate/Filesystem/Filesystem.php:122)
[stacktrace]
#0 [internal function]: Illuminate\\Foundation\\Bootstrap\\HandleExceptions->handleError(2, 'file_put_conten...', '/home/customs1/...', 122, Array)
#1 /home/customs1/public_html/projects/newsportal/vendor/laravel/framework/src/Illuminate/Filesystem/Filesystem.php(122): file_put_contents('A:\\\\laragon\\\\www\\\\...', '<?php $__env->s...', 0)
#2 /home/customs1/public_html/projects/newsportal/vendor/laravel/framework/src/Illuminate/View/Compilers/BladeCompiler.php(122): Illuminate\\Filesystem\\Filesystem->put('A:\\\\laragon\\\\www\\\\...', '<?php $__env->s...')
#3 /home/customs1/public_html/projects/newsportal/vendor/laravel/framework/src/Illuminate/View/Engines/CompilerEngine.php(51): Illuminate\\View\\Compilers\\BladeCompiler->compile('/home/customs1/...')
#4 /home/customs1/public_html/projects/newsportal/vendor/laravel/framework/src/Illuminate/View/View.php(142): Illuminate\\View\\Engines\\CompilerEngine->get('/home/customs1/...', Array)
#5 /home/customs1/public_html/projects/newsportal/vendor/laravel/framework/src/Illuminate/View/View.php(125): Illuminate\\View\\View->getContents()
#6 /home/customs1/public_html/projects/newsportal/vendor/laravel/framework/src/Illuminate/View/View.php(90): Illuminate\\View\\View->renderContents()
#7 /home/customs1/public_html/projects/newsportal/vendor/laravel/framework/src/Illuminate/Http/Response.php(42): Illuminate\\View\\View->render()
#8 /home/customs1/public_html/projects/newsportal/vendor/symfony/http-foundation/Response.php(205): Illuminate\\Http\\Response->setContent(Object(Illuminate\\View\\View))
#9 /home/customs1/public_html/projects/newsportal/vendor/laravel/framework/src/Illuminate/Routing/ResponseFactory.php(55): Symfony\\Component\\HttpFoundation\\Response->__construct(Object(Illuminate\\View\\View), 500, Array)
#10 /home/customs1/public_html/projects/newsportal/vendor/laravel/framework/src/Illuminate/Routing/ResponseFactory.php(81): Illuminate\\Routing\\ResponseFactory->make(Object(Illuminate\\View\\View), 500, Array)
#11 /home/customs1/public_html/projects/newsportal/vendor/laravel/framework/src/Illuminate/Foundation/Exceptions/Handler.php(380): Illuminate\\Routing\\ResponseFactory->view('errors::500', Array, 500, Array)
#12 /home/customs1/public_html/projects/newsportal/vendor/laravel/framework/src/Illuminate/Foundation/Exceptions/Handler.php(289): Illuminate\\Foundation\\Exceptions\\Handler->renderHttpException(Object(Symfony\\Component\\HttpKernel\\Exception\\HttpException))
#13 /home/customs1/public_html/projects/newsportal/vendor/laravel/framework/src/Illuminate/Foundation/Exceptions/Handler.php(188): Illuminate\\Foundation\\Exceptions\\Handler->prepareResponse(Object(Illuminate\\Http\\Request), Object(Symfony\\Component\\HttpKernel\\Exception\\HttpException))
#14 /home/customs1/public_html/projects/newsportal/app/Exceptions/Handler.php(49): Illuminate\\Foundation\\Exceptions\\Handler->render(Object(Illuminate\\Http\\Request), Object(ErrorException))
#15 /home/customs1/public_html/projects/newsportal/vendor/laravel/framework/src/Illuminate/Routing/Pipeline.php(83): App\\Exceptions\\Handler->render(Object(Illuminate\\Http\\Request), Object(ErrorException))
#16 /home/customs1/public_html/projects/newsportal/vendor/laravel/framework/src/Illuminate/Routing/Pipeline.php(55): Illuminate\\Routing\\Pipeline->handleException(Object(Illuminate\\Http\\Request), Object(ErrorException))
#17 /home/customs1/public_html/projects/newsportal/vendor/laravel/framework/src/Illuminate/Foundation/Http/Middleware/VerifyCsrfToken.php(75): Illuminate\\Routing\\Pipeline->Illuminate\\Routing\\{closure}(Object(Illuminate\\Http\\Request))
#18 /home/customs1/public_html/projects/newsportal/vendor/laravel/framework/src/Illuminate/Pipeline/Pipeline.php(163): Illuminate\\Foundation\\Http\\Middleware\\VerifyCsrfToken->handle(Object(Illuminate\\Http\\Request), Object(Closure))
#19 /home/customs1/public_html/projects/newsportal/vendor/laravel/framework/src/Illuminate/Routing/Pipeline.php(53): Illuminate\\Pipeline\\Pipeline->Illuminate\\Pipeline\\{closure}(Object(Illuminate\\Http\\Request))
#20 /home/customs1/public_html/projects/newsportal/vendor/laravel/framework/src/Illuminate/View/Middleware/ShareErrorsFromSession.php(49): Illuminate\\Routing\\Pipeline->Illuminate\\Routing\\{closure}(Object(Illuminate\\Http\\Request))
#21 /home/customs1/public_html/projects/newsportal/vendor/laravel/framework/src/Illuminate/Pipeline/Pipeline.php(163): Illuminate\\View\\Middleware\\ShareErrorsFromSession->handle(Object(Illuminate\\Http\\Request), Object(Closure))
#22 /home/customs1/public_html/projects/newsportal/vendor/laravel/framework/src/Illuminate/Routing/Pipeline.php(53): Illuminate\\Pipeline\\Pipeline->Illuminate\\Pipeline\\{closure}(Object(Illuminate\\Http\\Request))
#23 /home/customs1/public_html/projects/newsportal/vendor/laravel/framework/src/Illuminate/Session/Middleware/StartSession.php(63): Illuminate\\Routing\\Pipeline->Illuminate\\Routing\\{closure}(Object(Illuminate\\Http\\Request))
#24 /home/customs1/public_html/projects/newsportal/vendor/laravel/framework/src/Illuminate/Pipeline/Pipeline.php(163): Illuminate\\Session\\Middleware\\StartSession->handle(Object(Illuminate\\Http\\Request), Object(Closure))
#25 /home/customs1/public_html/projects/newsportal/vendor/laravel/framework/src/Illuminate/Routing/Pipeline.php(53): Illuminate\\Pipeline\\Pipeline->Illuminate\\Pipeline\\{closure}(Object(Illuminate\\Http\\Request))
#26 /home/customs1/public_html/projects/newsportal/vendor/laravel/framework/src/Illuminate/Cookie/Middleware/AddQueuedCookiesToResponse.php(37): Illuminate\\Routing\\Pipeline->Illuminate\\Routing\\{closure}(Object(Illuminate\\Http\\Request))
#27 /home/customs1/public_html/projects/newsportal/vendor/laravel/framework/src/Illuminate/Pipeline/Pipeline.php(163): Illuminate\\Cookie\\Middleware\\AddQueuedCookiesToResponse->handle(Object(Illuminate\\Http\\Request), Object(Closure))
#28 /home/customs1/public_html/projects/newsportal/vendor/laravel/framework/src/Illuminate/Routing/Pipeline.php(53): Illuminate\\Pipeline\\Pipeline->Illuminate\\Pipeline\\{closure}(Object(Illuminate\\Http\\Request))
#29 /home/customs1/public_html/projects/newsportal/vendor/laravel/framework/src/Illuminate/Cookie/Middleware/EncryptCookies.php(66): Illuminate\\Routing\\Pipeline->Illuminate\\Routing\\{closure}(Object(Illuminate\\Http\\Request))
#30 /home/customs1/public_html/projects/newsportal/vendor/laravel/framework/src/Illuminate/Pipeline/Pipeline.php(163): Illuminate\\Cookie\\Middleware\\EncryptCookies->handle(Object(Illuminate\\Http\\Request), Object(Closure))
#31 /home/customs1/public_html/projects/newsportal/vendor/laravel/framework/src/Illuminate/Routing/Pipeline.php(53): Illuminate\\Pipeline\\Pipeline->Illuminate\\Pipeline\\{closure}(Object(Illuminate\\Http\\Request))
#32 /home/customs1/public_html/projects/newsportal/vendor/laravel/framework/src/Illuminate/Pipeline/Pipeline.php(104): Illuminate\\Routing\\Pipeline->Illuminate\\Routing\\{closure}(Object(Illuminate\\Http\\Request))
#33 /home/customs1/public_html/projects/newsportal/vendor/laravel/framework/src/Illuminate/Routing/Router.php(684): Illuminate\\Pipeline\\Pipeline->then(Object(Closure))
#34 /home/customs1/public_html/projects/newsportal/vendor/laravel/framework/src/Illuminate/Routing/Router.php(659): Illuminate\\Routing\\Router->runRouteWithinStack(Object(Illuminate\\Routing\\Route), Object(Illuminate\\Http\\Request))
#35 /home/customs1/public_html/projects/newsportal/vendor/laravel/framework/src/Illuminate/Routing/Router.php(625): Illuminate\\Routing\\Router->runRoute(Object(Illuminate\\Http\\Request), Object(Illuminate\\Routing\\Route))
#36 /home/customs1/public_html/projects/newsportal/vendor/laravel/framework/src/Illuminate/Routing/Router.php(614): Illuminate\\Routing\\Router->dispatchToRoute(Object(Illuminate\\Http\\Request))
#37 /home/customs1/public_html/projects/newsportal/vendor/laravel/framework/src/Illuminate/Foundation/Http/Kernel.php(176): Illuminate\\Routing\\Router->dispatch(Object(Illuminate\\Http\\Request))
#38 /home/customs1/public_html/projects/newsportal/vendor/laravel/framework/src/Illuminate/Routing/Pipeline.php(30): Illuminate\\Foundation\\Http\\Kernel->Illuminate\\Foundation\\Http\\{closure}(Object(Illuminate\\Http\\Request))
#39 /home/customs1/public_html/projects/newsportal/vendor/barryvdh/laravel-debugbar/src/Middleware/InjectDebugbar.php(58): Illuminate\\Routing\\Pipeline->Illuminate\\Routing\\{closure}(Object(Illuminate\\Http\\Request))
#40 /home/customs1/public_html/projects/newsportal/vendor/laravel/framework/src/Illuminate/Pipeline/Pipeline.php(163): Barryvdh\\Debugbar\\Middleware\\InjectDebugbar->handle(Object(Illuminate\\Http\\Request), Object(Closure))
#41 /home/customs1/public_html/projects/newsportal/vendor/laravel/framework/src/Illuminate/Routing/Pipeline.php(53): Illuminate\\Pipeline\\Pipeline->Illuminate\\Pipeline\\{closure}(Object(Illuminate\\Http\\Request))
#42 /home/customs1/public_html/projects/newsportal/vendor/fideloper/proxy/src/TrustProxies.php(57): Illuminate\\Routing\\Pipeline->Illuminate\\Routing\\{closure}(Object(Illuminate\\Http\\Request))
#43 /home/customs1/public_html/projects/newsportal/vendor/laravel/framework/src/Illuminate/Pipeline/Pipeline.php(163): Fideloper\\Proxy\\TrustProxies->handle(Object(Illuminate\\Http\\Request), Object(Closure))
#44 /home/customs1/public_html/projects/newsportal/vendor/laravel/framework/src/Illuminate/Routing/Pipeline.php(53): Illuminate\\Pipeline\\Pipeline->Illuminate\\Pipeline\\{closure}(Object(Illuminate\\Http\\Request))
#45 /home/customs1/public_html/projects/newsportal/vendor/laravel/framework/src/Illuminate/Foundation/Http/Middleware/TransformsRequest.php(31): Illuminate\\Routing\\Pipeline->Illuminate\\Routing\\{closure}(Object(Illuminate\\Http\\Request))
#46 /home/customs1/public_html/projects/newsportal/vendor/laravel/framework/src/Illuminate/Pipeline/Pipeline.php(163): Illuminate\\Foundation\\Http\\Middleware\\TransformsRequest->handle(Object(Illuminate\\Http\\Request), Object(Closure))
#47 /home/customs1/public_html/projects/newsportal/vendor/laravel/framework/src/Illuminate/Routing/Pipeline.php(53): Illuminate\\Pipeline\\Pipeline->Illuminate\\Pipeline\\{closure}(Object(Illuminate\\Http\\Request))
#48 /home/customs1/public_html/projects/newsportal/vendor/laravel/framework/src/Illuminate/Foundation/Http/Middleware/TransformsRequest.php(31): Illuminate\\Routing\\Pipeline->Illuminate\\Routing\\{closure}(Object(Illuminate\\Http\\Request))
#49 /home/customs1/public_html/projects/newsportal/vendor/laravel/framework/src/Illuminate/Pipeline/Pipeline.php(163): Illuminate\\Foundation\\Http\\Middleware\\TransformsRequest->handle(Object(Illuminate\\Http\\Request), Object(Closure))
#50 /home/customs1/public_html/projects/newsportal/vendor/laravel/framework/src/Illuminate/Routing/Pipeline.php(53): Illuminate\\Pipeline\\Pipeline->Illuminate\\Pipeline\\{closure}(Object(Illuminate\\Http\\Request))
#51 /home/customs1/public_html/projects/newsportal/vendor/laravel/framework/src/Illuminate/Foundation/Http/Middleware/ValidatePostSize.php(27): Illuminate\\Routing\\Pipeline->Illuminate\\Routing\\{closure}(Object(Illuminate\\Http\\Request))
#52 /home/customs1/public_html/projects/newsportal/vendor/laravel/framework/src/Illuminate/Pipeline/Pipeline.php(163): Illuminate\\Foundation\\Http\\Middleware\\ValidatePostSize->handle(Object(Illuminate\\Http\\Request), Object(Closure))
#53 /home/customs1/public_html/projects/newsportal/vendor/laravel/framework/src/Illuminate/Routing/Pipeline.php(53): Illuminate\\Pipeline\\Pipeline->Illuminate\\Pipeline\\{closure}(Object(Illuminate\\Http\\Request))
#54 /home/customs1/public_html/projects/newsportal/vendor/laravel/framework/src/Illuminate/Foundation/Http/Middleware/CheckForMaintenanceMode.php(62): Illuminate\\Routing\\Pipeline->Illuminate\\Routing\\{closure}(Object(Illuminate\\Http\\Request))
#55 /home/customs1/public_html/projects/newsportal/vendor/laravel/framework/src/Illuminate/Pipeline/Pipeline.php(163): Illuminate\\Foundation\\Http\\Middleware\\CheckForMaintenanceMode->handle(Object(Illuminate\\Http\\Request), Object(Closure))
#56 /home/customs1/public_html/projects/newsportal/vendor/laravel/framework/src/Illuminate/Routing/Pipeline.php(53): Illuminate\\Pipeline\\Pipeline->Illuminate\\Pipeline\\{closure}(Object(Illuminate\\Http\\Request))
#57 /home/customs1/public_html/projects/newsportal/vendor/laravel/framework/src/Illuminate/Pipeline/Pipeline.php(104): Illuminate\\Routing\\Pipeline->Illuminate\\Routing\\{closure}(Object(Illuminate\\Http\\Request))
#58 /home/customs1/public_html/projects/newsportal/vendor/laravel/framework/src/Illuminate/Foundation/Http/Kernel.php(151): Illuminate\\Pipeline\\Pipeline->then(Object(Closure))
#59 /home/customs1/public_html/projects/newsportal/vendor/laravel/framework/src/Illuminate/Foundation/Http/Kernel.php(116): Illuminate\\Foundation\\Http\\Kernel->sendRequestThroughRouter(Object(Illuminate\\Http\\Request))
#60 /home/customs1/public_html/projects/newsportal/public/index.php(55): Illuminate\\Foundation\\Http\\Kernel->handle(Object(Illuminate\\Http\\Request))
#61 {main}
"} 
[2021-07-19 18:53:39] local.ERROR: file_put_contents(A:\laragon\www\newsportal\storage\framework\views/586248950626724bb1f966444695ee13b153f512.php): failed to open stream: No such file or directory {"exception":"[object] (ErrorException(code: 0): file_put_contents(A:\\laragon\\www\
ewsportal\\storage\\framework\\views/586248950626724bb1f966444695ee13b153f512.php): failed to open stream: No such file or directory at /home/customs1/public_html/projects/newsportal/vendor/laravel/framework/src/Illuminate/Filesystem/Filesystem.php:122)
[stacktrace]
#0 [internal function]: Illuminate\\Foundation\\Bootstrap\\HandleExceptions->handleError(2, 'file_put_conten...', '/home/customs1/...', 122, Array)
#1 /home/customs1/public_html/projects/newsportal/vendor/laravel/framework/src/Illuminate/Filesystem/Filesystem.php(122): file_put_contents('A:\\\\laragon\\\\www\\\\...', '<?php $__env->s...', 0)
#2 /home/customs1/public_html/projects/newsportal/vendor/laravel/framework/src/Illuminate/View/Compilers/BladeCompiler.php(122): Illuminate\\Filesystem\\Filesystem->put('A:\\\\laragon\\\\www\\\\...', '<?php $__env->s...')
#3 /home/customs1/public_html/projects/newsportal/vendor/laravel/framework/src/Illuminate/View/Engines/CompilerEngine.php(51): Illuminate\\View\\Compilers\\BladeCompiler->compile('/home/customs1/...')
#4 /home/customs1/public_html/projects/newsportal/vendor/laravel/framework/src/Illuminate/View/View.php(142): Illuminate\\View\\Engines\\CompilerEngine->get('/home/customs1/...', Array)
#5 /home/customs1/public_html/projects/newsportal/vendor/laravel/framework/src/Illuminate/View/View.php(125): Illuminate\\View\\View->getContents()
#6 /home/customs1/public_html/projects/newsportal/vendor/laravel/framework/src/Illuminate/View/View.php(90): Illuminate\\View\\View->renderContents()
#7 /home/customs1/public_html/projects/newsportal/vendor/laravel/framework/src/Illuminate/Http/Response.php(42): Illuminate\\View\\View->render()
#8 /home/customs1/public_html/projects/newsportal/vendor/symfony/http-foundation/Response.php(205): Illuminate\\Http\\Response->setContent(Object(Illuminate\\View\\View))
#9 /home/customs1/public_html/projects/newsportal/vendor/laravel/framework/src/Illuminate/Routing/ResponseFactory.php(55): Symfony\\Component\\HttpFoundation\\Response->__construct(Object(Illuminate\\View\\View), 500, Array)
#10 /home/customs1/public_html/projects/newsportal/vendor/laravel/framework/src/Illuminate/Routing/ResponseFactory.php(81): Illuminate\\Routing\\ResponseFactory->make(Object(Illuminate\\View\\View), 500, Array)
#11 /home/customs1/public_html/projects/newsportal/vendor/laravel/framework/src/Illuminate/Foundation/Exceptions/Handler.php(380): Illuminate\\Routing\\ResponseFactory->view('errors::500', Array, 500, Array)
#12 /home/customs1/public_html/projects/newsportal/vendor/laravel/framework/src/Illuminate/Foundation/Exceptions/Handler.php(289): Illuminate\\Foundation\\Exceptions\\Handler->renderHttpException(Object(Symfony\\Component\\HttpKernel\\Exception\\HttpException))
#13 /home/customs1/public_html/projects/newsportal/vendor/laravel/framework/src/Illuminate/Foundation/Exceptions/Handler.php(188): Illuminate\\Foundation\\Exceptions\\Handler->prepareResponse(Object(Illuminate\\Http\\Request), Object(Symfony\\Component\\HttpKernel\\Exception\\HttpException))
#14 /home/customs1/public_html/projects/newsportal/app/Exceptions/Handler.php(49): Illuminate\\Foundation\\Exceptions\\Handler->render(Object(Illuminate\\Http\\Request), Object(ErrorException))
#15 /home/customs1/public_html/projects/newsportal/vendor/laravel/framework/src/Illuminate/Routing/Pipeline.php(83): App\\Exceptions\\Handler->render(Object(Illuminate\\Http\\Request), Object(ErrorException))
#16 /home/customs1/public_html/projects/newsportal/vendor/laravel/framework/src/Illuminate/Routing/Pipeline.php(55): Illuminate\\Routing\\Pipeline->handleException(Object(Illuminate\\Http\\Request), Object(ErrorException))
#17 /home/customs1/public_html/projects/newsportal/vendor/laravel/framework/src/Illuminate/View/Middleware/ShareErrorsFromSession.php(49): Illuminate\\Routing\\Pipeline->Illuminate\\Routing\\{closure}(Object(Illuminate\\Http\\Request))
#18 /home/customs1/public_html/projects/newsportal/vendor/laravel/framework/src/Illuminate/Pipeline/Pipeline.php(163): Illuminate\\View\\Middleware\\ShareErrorsFromSession->handle(Object(Illuminate\\Http\\Request), Object(Closure))
#19 /home/customs1/public_html/projects/newsportal/vendor/laravel/framework/src/Illuminate/Routing/Pipeline.php(53): Illuminate\\Pipeline\\Pipeline->Illuminate\\Pipeline\\{closure}(Object(Illuminate\\Http\\Request))
#20 /home/customs1/public_html/projects/newsportal/vendor/laravel/framework/src/Illuminate/Session/Middleware/StartSession.php(63): Illuminate\\Routing\\Pipeline->Illuminate\\Routing\\{closure}(Object(Illuminate\\Http\\Request))
#21 /home/customs1/public_html/projects/newsportal/vendor/laravel/framework/src/Illuminate/Pipeline/Pipeline.php(163): Illuminate\\Session\\Middleware\\StartSession->handle(Object(Illuminate\\Http\\Request), Object(Closure))
#22 /home/customs1/public_html/projects/newsportal/vendor/laravel/framework/src/Illuminate/Routing/Pipeline.php(53): Illuminate\\Pipeline\\Pipeline->Illuminate\\Pipeline\\{closure}(Object(Illuminate\\Http\\Request))
#23 /home/customs1/public_html/projects/newsportal/vendor/laravel/framework/src/Illuminate/Cookie/Middleware/AddQueuedCookiesToResponse.php(37): Illuminate\\Routing\\Pipeline->Illuminate\\Routing\\{closure}(Object(Illuminate\\Http\\Request))
#24 /home/customs1/public_html/projects/newsportal/vendor/laravel/framework/src/Illuminate/Pipeline/Pipeline.php(163): Illuminate\\Cookie\\Middleware\\AddQueuedCookiesToResponse->handle(Object(Illuminate\\Http\\Request), Object(Closure))
#25 /home/customs1/public_html/projects/newsportal/vendor/laravel/framework/src/Illuminate/Routing/Pipeline.php(53): Illuminate\\Pipeline\\Pipeline->Illuminate\\Pipeline\\{closure}(Object(Illuminate\\Http\\Request))
#26 /home/customs1/public_html/projects/newsportal/vendor/laravel/framework/src/Illuminate/Cookie/Middleware/EncryptCookies.php(66): Illuminate\\Routing\\Pipeline->Illuminate\\Routing\\{closure}(Object(Illuminate\\Http\\Request))
#27 /home/customs1/public_html/projects/newsportal/vendor/laravel/framework/src/Illuminate/Pipeline/Pipeline.php(163): Illuminate\\Cookie\\Middleware\\EncryptCookies->handle(Object(Illuminate\\Http\\Request), Object(Closure))
#28 /home/customs1/public_html/projects/newsportal/vendor/laravel/framework/src/Illuminate/Routing/Pipeline.php(53): Illuminate\\Pipeline\\Pipeline->Illuminate\\Pipeline\\{closure}(Object(Illuminate\\Http\\Request))
#29 /home/customs1/public_html/projects/newsportal/vendor/laravel/framework/src/Illuminate/Pipeline/Pipeline.php(104): Illuminate\\Routing\\Pipeline->Illuminate\\Routing\\{closure}(Object(Illuminate\\Http\\Request))
#30 /home/customs1/public_html/projects/newsportal/vendor/laravel/framework/src/Illuminate/Routing/Router.php(684): Illuminate\\Pipeline\\Pipeline->then(Object(Closure))
#31 /home/customs1/public_html/projects/newsportal/vendor/laravel/framework/src/Illuminate/Routing/Router.php(659): Illuminate\\Routing\\Router->runRouteWithinStack(Object(Illuminate\\Routing\\Route), Object(Illuminate\\Http\\Request))
#32 /home/customs1/public_html/projects/newsportal/vendor/laravel/framework/src/Illuminate/Routing/Router.php(625): Illuminate\\Routing\\Router->runRoute(Object(Illuminate\\Http\\Request), Object(Illuminate\\Routing\\Route))
#33 /home/customs1/public_html/projects/newsportal/vendor/laravel/framework/src/Illuminate/Routing/Router.php(614): Illuminate\\Routing\\Router->dispatchToRoute(Object(Illuminate\\Http\\Request))
#34 /home/customs1/public_html/projects/newsportal/vendor/laravel/framework/src/Illuminate/Foundation/Http/Kernel.php(176): Illuminate\\Routing\\Router->dispatch(Object(Illuminate\\Http\\Request))
#35 /home/customs1/public_html/projects/newsportal/vendor/laravel/framework/src/Illuminate/Routing/Pipeline.php(30): Illuminate\\Foundation\\Http\\Kernel->Illuminate\\Foundation\\Http\\{closure}(Object(Illuminate\\Http\\Request))
#36 /home/customs1/public_html/projects/newsportal/vendor/barryvdh/laravel-debugbar/src/Middleware/InjectDebugbar.php(58): Illuminate\\Routing\\Pipeline->Illuminate\\Routing\\{closure}(Object(Illuminate\\Http\\Request))
#37 /home/customs1/public_html/projects/newsportal/vendor/laravel/framework/src/Illuminate/Pipeline/Pipeline.php(163): Barryvdh\\Debugbar\\Middleware\\InjectDebugbar->handle(Object(Illuminate\\Http\\Request), Object(Closure))
#38 /home/customs1/public_html/projects/newsportal/vendor/laravel/framework/src/Illuminate/Routing/Pipeline.php(53): Illuminate\\Pipeline\\Pipeline->Illuminate\\Pipeline\\{closure}(Object(Illuminate\\Http\\Request))
#39 /home/customs1/public_html/projects/newsportal/vendor/fideloper/proxy/src/TrustProxies.php(57): Illuminate\\Routing\\Pipeline->Illuminate\\Routing\\{closure}(Object(Illuminate\\Http\\Request))
#40 /home/customs1/public_html/projects/newsportal/vendor/laravel/framework/src/Illuminate/Pipeline/Pipeline.php(163): Fideloper\\Proxy\\TrustProxies->handle(Object(Illuminate\\Http\\Request), Object(Closure))
#41 /home/customs1/public_html/projects/newsportal/vendor/laravel/framework/src/Illuminate/Routing/Pipeline.php(53): Illuminate\\Pipeline\\Pipeline->Illuminate\\Pipeline\\{closure}(Object(Illuminate\\Http\\Request))
#42 /home/customs1/public_html/projects/newsportal/vendor/laravel/framework/src/Illuminate/Foundation/Http/Middleware/TransformsRequest.php(31): Illuminate\\Routing\\Pipeline->Illuminate\\Routing\\{closure}(Object(Illuminate\\Http\\Request))
#43 /home/customs1/public_html/projects/newsportal/vendor/laravel/framework/src/Illuminate/Pipeline/Pipeline.php(163): Illuminate\\Foundation\\Http\\Middleware\\TransformsRequest->handle(Object(Illuminate\\Http\\Request), Object(Closure))
#44 /home/customs1/public_html/projects/newsportal/vendor/laravel/framework/src/Illuminate/Routing/Pipeline.php(53): Illuminate\\Pipeline\\Pipeline->Illuminate\\Pipeline\\{closure}(Object(Illuminate\\Http\\Request))
#45 /home/customs1/public_html/projects/newsportal/vendor/laravel/framework/src/Illuminate/Foundation/Http/Middleware/TransformsRequest.php(31): Illuminate\\Routing\\Pipeline->Illuminate\\Routing\\{closure}(Object(Illuminate\\Http\\Request))
#46 /home/customs1/public_html/projects/newsportal/vendor/laravel/framework/src/Illuminate/Pipeline/Pipeline.php(163): Illuminate\\Foundation\\Http\\Middleware\\TransformsRequest->handle(Object(Illuminate\\Http\\Request), Object(Closure))
#47 /home/customs1/public_html/projects/newsportal/vendor/laravel/framework/src/Illuminate/Routing/Pipeline.php(53): Illuminate\\Pipeline\\Pipeline->Illuminate\\Pipeline\\{closure}(Object(Illuminate\\Http\\Request))
#48 /home/customs1/public_html/projects/newsportal/vendor/laravel/framework/src/Illuminate/Foundation/Http/Middleware/ValidatePostSize.php(27): Illuminate\\Routing\\Pipeline->Illuminate\\Routing\\{closure}(Object(Illuminate\\Http\\Request))
#49 /home/customs1/public_html/projects/newsportal/vendor/laravel/framework/src/Illuminate/Pipeline/Pipeline.php(163): Illuminate\\Foundation\\Http\\Middleware\\ValidatePostSize->handle(Object(Illuminate\\Http\\Request), Object(Closure))
#50 /home/customs1/public_html/projects/newsportal/vendor/laravel/framework/src/Illuminate/Routing/Pipeline.php(53): Illuminate\\Pipeline\\Pipeline->Illuminate\\Pipeline\\{closure}(Object(Illuminate\\Http\\Request))
#51 /home/customs1/public_html/projects/newsportal/vendor/laravel/framework/src/Illuminate/Foundation/Http/Middleware/CheckForMaintenanceMode.php(62): Illuminate\\Routing\\Pipeline->Illuminate\\Routing\\{closure}(Object(Illuminate\\Http\\Request))
#52 /home/customs1/public_html/projects/newsportal/vendor/laravel/framework/src/Illuminate/Pipeline/Pipeline.php(163): Illuminate\\Foundation\\Http\\Middleware\\CheckForMaintenanceMode->handle(Object(Illuminate\\Http\\Request), Object(Closure))
#53 /home/customs1/public_html/projects/newsportal/vendor/laravel/framework/src/Illuminate/Routing/Pipeline.php(53): Illuminate\\Pipeline\\Pipeline->Illuminate\\Pipeline\\{closure}(Object(Illuminate\\Http\\Request))
#54 /home/customs1/public_html/projects/newsportal/vendor/laravel/framework/src/Illuminate/Pipeline/Pipeline.php(104): Illuminate\\Routing\\Pipeline->Illuminate\\Routing\\{closure}(Object(Illuminate\\Http\\Request))
#55 /home/customs1/public_html/projects/newsportal/vendor/laravel/framework/src/Illuminate/Foundation/Http/Kernel.php(151): Illuminate\\Pipeline\\Pipeline->then(Object(Closure))
#56 /home/customs1/public_html/projects/newsportal/vendor/laravel/framework/src/Illuminate/Foundation/Http/Kernel.php(116): Illuminate\\Foundation\\Http\\Kernel->sendRequestThroughRouter(Object(Illuminate\\Http\\Request))
#57 /home/customs1/public_html/projects/newsportal/public/index.php(55): Illuminate\\Foundation\\Http\\Kernel->handle(Object(Illuminate\\Http\\Request))
#58 {main}
"} 
[2021-07-19 18:53:39] local.ERROR: file_put_contents(A:\laragon\www\newsportal\storage\framework\views/586248950626724bb1f966444695ee13b153f512.php): failed to open stream: No such file or directory {"exception":"[object] (ErrorException(code: 0): file_put_contents(A:\\laragon\\www\
ewsportal\\storage\\framework\\views/586248950626724bb1f966444695ee13b153f512.php): failed to open stream: No such file or directory at /home/customs1/public_html/projects/newsportal/vendor/laravel/framework/src/Illuminate/Filesystem/Filesystem.php:122)
[stacktrace]
#0 [internal function]: Illuminate\\Foundation\\Bootstrap\\HandleExceptions->handleError(2, 'file_put_conten...', '/home/customs1/...', 122, Array)
#1 /home/customs1/public_html/projects/newsportal/vendor/laravel/framework/src/Illuminate/Filesystem/Filesystem.php(122): file_put_contents('A:\\\\laragon\\\\www\\\\...', '<?php $__env->s...', 0)
#2 /home/customs1/public_html/projects/newsportal/vendor/laravel/framework/src/Illuminate/View/Compilers/BladeCompiler.php(122): Illuminate\\Filesystem\\Filesystem->put('A:\\\\laragon\\\\www\\\\...', '<?php $__env->s...')
#3 /home/customs1/public_html/projects/newsportal/vendor/laravel/framework/src/Illuminate/View/Engines/CompilerEngine.php(51): Illuminate\\View\\Compilers\\BladeCompiler->compile('/home/customs1/...')
#4 /home/customs1/public_html/projects/newsportal/vendor/laravel/framework/src/Illuminate/View/View.php(142): Illuminate\\View\\Engines\\CompilerEngine->get('/home/customs1/...', Array)
#5 /home/customs1/public_html/projects/newsportal/vendor/laravel/framework/src/Illuminate/View/View.php(125): Illuminate\\View\\View->getContents()
#6 /home/customs1/public_html/projects/newsportal/vendor/laravel/framework/src/Illuminate/View/View.php(90): Illuminate\\View\\View->renderContents()
#7 /home/customs1/public_html/projects/newsportal/vendor/laravel/framework/src/Illuminate/Http/Response.php(42): Illuminate\\View\\View->render()
#8 /home/customs1/public_html/projects/newsportal/vendor/symfony/http-foundation/Response.php(205): Illuminate\\Http\\Response->setContent(Object(Illuminate\\View\\View))
#9 /home/customs1/public_html/projects/newsportal/vendor/laravel/framework/src/Illuminate/Routing/ResponseFactory.php(55): Symfony\\Component\\HttpFoundation\\Response->__construct(Object(Illuminate\\View\\View), 500, Array)
#10 /home/customs1/public_html/projects/newsportal/vendor/laravel/framework/src/Illuminate/Routing/ResponseFactory.php(81): Illuminate\\Routing\\ResponseFactory->make(Object(Illuminate\\View\\View), 500, Array)
#11 /home/customs1/public_html/projects/newsportal/vendor/laravel/framework/src/Illuminate/Foundation/Exceptions/Handler.php(380): Illuminate\\Routing\\ResponseFactory->view('errors::500', Array, 500, Array)
#12 /home/customs1/public_html/projects/newsportal/vendor/laravel/framework/src/Illuminate/Foundation/Exceptions/Handler.php(289): Illuminate\\Foundation\\Exceptions\\Handler->renderHttpException(Object(Symfony\\Component\\HttpKernel\\Exception\\HttpException))
#13 /home/customs1/public_html/projects/newsportal/vendor/laravel/framework/src/Illuminate/Foundation/Exceptions/Handler.php(188): Illuminate\\Foundation\\Exceptions\\Handler->prepareResponse(Object(Illuminate\\Http\\Request), Object(Symfony\\Component\\HttpKernel\\Exception\\HttpException))
#14 /home/customs1/public_html/projects/newsportal/app/Exceptions/Handler.php(49): Illuminate\\Foundation\\Exceptions\\Handler->render(Object(Illuminate\\Http\\Request), Object(ErrorException))
#15 /home/customs1/public_html/projects/newsportal/vendor/laravel/framework/src/Illuminate/Routing/Pipeline.php(83): App\\Exceptions\\Handler->render(Object(Illuminate\\Http\\Request), Object(ErrorException))
#16 /home/customs1/public_html/projects/newsportal/vendor/laravel/framework/src/Illuminate/Routing/Pipeline.php(55): Illuminate\\Routing\\Pipeline->handleException(Object(Illuminate\\Http\\Request), Object(ErrorException))
#17 /home/customs1/public_html/projects/newsportal/vendor/laravel/framework/src/Illuminate/Session/Middleware/StartSession.php(63): Illuminate\\Routing\\Pipeline->Illuminate\\Routing\\{closure}(Object(Illuminate\\Http\\Request))
#18 /home/customs1/public_html/projects/newsportal/vendor/laravel/framework/src/Illuminate/Pipeline/Pipeline.php(163): Illuminate\\Session\\Middleware\\StartSession->handle(Object(Illuminate\\Http\\Request), Object(Closure))
#19 /home/customs1/public_html/projects/newsportal/vendor/laravel/framework/src/Illuminate/Routing/Pipeline.php(53): Illuminate\\Pipeline\\Pipeline->Illuminate\\Pipeline\\{closure}(Object(Illuminate\\Http\\Request))
#20 /home/customs1/public_html/projects/newsportal/vendor/laravel/framework/src/Illuminate/Cookie/Middleware/AddQueuedCookiesToResponse.php(37): Illuminate\\Routing\\Pipeline->Illuminate\\Routing\\{closure}(Object(Illuminate\\Http\\Request))
#21 /home/customs1/public_html/projects/newsportal/vendor/laravel/framework/src/Illuminate/Pipeline/Pipeline.php(163): Illuminate\\Cookie\\Middleware\\AddQueuedCookiesToResponse->handle(Object(Illuminate\\Http\\Request), Object(Closure))
#22 /home/customs1/public_html/projects/newsportal/vendor/laravel/framework/src/Illuminate/Routing/Pipeline.php(53): Illuminate\\Pipeline\\Pipeline->Illuminate\\Pipeline\\{closure}(Object(Illuminate\\Http\\Request))
#23 /home/customs1/public_html/projects/newsportal/vendor/laravel/framework/src/Illuminate/Cookie/Middleware/EncryptCookies.php(66): Illuminate\\Routing\\Pipeline->Illuminate\\Routing\\{closure}(Object(Illuminate\\Http\\Request))
#24 /home/customs1/public_html/projects/newsportal/vendor/laravel/framework/src/Illuminate/Pipeline/Pipeline.php(163): Illuminate\\Cookie\\Middleware\\EncryptCookies->handle(Object(Illuminate\\Http\\Request), Object(Closure))
#25 /home/customs1/public_html/projects/newsportal/vendor/laravel/framework/src/Illuminate/Routing/Pipeline.php(53): Illuminate\\Pipeline\\Pipeline->Illuminate\\Pipeline\\{closure}(Object(Illuminate\\Http\\Request))
#26 /home/customs1/public_html/projects/newsportal/vendor/laravel/framework/src/Illuminate/Pipeline/Pipeline.php(104): Illuminate\\Routing\\Pipeline->Illuminate\\Routing\\{closure}(Object(Illuminate\\Http\\Request))
#27 /home/customs1/public_html/projects/newsportal/vendor/laravel/framework/src/Illuminate/Routing/Router.php(684): Illuminate\\Pipeline\\Pipeline->then(Object(Closure))
#28 /home/customs1/public_html/projects/newsportal/vendor/laravel/framework/src/Illuminate/Routing/Router.php(659): Illuminate\\Routing\\Router->runRouteWithinStack(Object(Illuminate\\Routing\\Route), Object(Illuminate\\Http\\Request))
#29 /home/customs1/public_html/projects/newsportal/vendor/laravel/framework/src/Illuminate/Routing/Router.php(625): Illuminate\\Routing\\Router->runRoute(Object(Illuminate\\Http\\Request), Object(Illuminate\\Routing\\Route))
#30 /home/customs1/public_html/projects/newsportal/vendor/laravel/framework/src/Illuminate/Routing/Router.php(614): Illuminate\\Routing\\Router->dispatchToRoute(Object(Illuminate\\Http\\Request))
#31 /home/customs1/public_html/projects/newsportal/vendor/laravel/framework/src/Illuminate/Foundation/Http/Kernel.php(176): Illuminate\\Routing\\Router->dispatch(Object(Illuminate\\Http\\Request))
#32 /home/customs1/public_html/projects/newsportal/vendor/laravel/framework/src/Illuminate/Routing/Pipeline.php(30): Illuminate\\Foundation\\Http\\Kernel->Illuminate\\Foundation\\Http\\{closure}(Object(Illuminate\\Http\\Request))
#33 /home/customs1/public_html/projects/newsportal/vendor/barryvdh/laravel-debugbar/src/Middleware/InjectDebugbar.php(58): Illuminate\\Routing\\Pipeline->Illuminate\\Routing\\{closure}(Object(Illuminate\\Http\\Request))
#34 /home/customs1/public_html/projects/newsportal/vendor/laravel/framework/src/Illuminate/Pipeline/Pipeline.php(163): Barryvdh\\Debugbar\\Middleware\\InjectDebugbar->handle(Object(Illuminate\\Http\\Request), Object(Closure))
#35 /home/customs1/public_html/projects/newsportal/vendor/laravel/framework/src/Illuminate/Routing/Pipeline.php(53): Illuminate\\Pipeline\\Pipeline->Illuminate\\Pipeline\\{closure}(Object(Illuminate\\Http\\Request))
#36 /home/customs1/public_html/projects/newsportal/vendor/fideloper/proxy/src/TrustProxies.php(57): Illuminate\\Routing\\Pipeline->Illuminate\\Routing\\{closure}(Object(Illuminate\\Http\\Request))
#37 /home/customs1/public_html/projects/newsportal/vendor/laravel/framework/src/Illuminate/Pipeline/Pipeline.php(163): Fideloper\\Proxy\\TrustProxies->handle(Object(Illuminate\\Http\\Request), Object(Closure))
#38 /home/customs1/public_html/projects/newsportal/vendor/laravel/framework/src/Illuminate/Routing/Pipeline.php(53): Illuminate\\Pipeline\\Pipeline->Illuminate\\Pipeline\\{closure}(Object(Illuminate\\Http\\Request))
#39 /home/customs1/public_html/projects/newsportal/vendor/laravel/framework/src/Illuminate/Foundation/Http/Middleware/TransformsRequest.php(31): Illuminate\\Routing\\Pipeline->Illuminate\\Routing\\{closure}(Object(Illuminate\\Http\\Request))
#40 /home/customs1/public_html/projects/newsportal/vendor/laravel/framework/src/Illuminate/Pipeline/Pipeline.php(163): Illuminate\\Foundation\\Http\\Middleware\\TransformsRequest->handle(Object(Illuminate\\Http\\Request), Object(Closure))
#41 /home/customs1/public_html/projects/newsportal/vendor/laravel/framework/src/Illuminate/Routing/Pipeline.php(53): Illuminate\\Pipeline\\Pipeline->Illuminate\\Pipeline\\{closure}(Object(Illuminate\\Http\\Request))
#42 /home/customs1/public_html/projects/newsportal/vendor/laravel/framework/src/Illuminate/Foundation/Http/Middleware/TransformsRequest.php(31): Illuminate\\Routing\\Pipeline->Illuminate\\Routing\\{closure}(Object(Illuminate\\Http\\Request))
#43 /home/customs1/public_html/projects/newsportal/vendor/laravel/framework/src/Illuminate/Pipeline/Pipeline.php(163): Illuminate\\Foundation\\Http\\Middleware\\TransformsRequest->handle(Object(Illuminate\\Http\\Request), Object(Closure))
#44 /home/customs1/public_html/projects/newsportal/vendor/laravel/framework/src/Illuminate/Routing/Pipeline.php(53): Illuminate\\Pipeline\\Pipeline->Illuminate\\Pipeline\\{closure}(Object(Illuminate\\Http\\Request))
#45 /home/customs1/public_html/projects/newsportal/vendor/laravel/framework/src/Illuminate/Foundation/Http/Middleware/ValidatePostSize.php(27): Illuminate\\Routing\\Pipeline->Illuminate\\Routing\\{closure}(Object(Illuminate\\Http\\Request))
#46 /home/customs1/public_html/projects/newsportal/vendor/laravel/framework/src/Illuminate/Pipeline/Pipeline.php(163): Illuminate\\Foundation\\Http\\Middleware\\ValidatePostSize->handle(Object(Illuminate\\Http\\Request), Object(Closure))
#47 /home/customs1/public_html/projects/newsportal/vendor/laravel/framework/src/Illuminate/Routing/Pipeline.php(53): Illuminate\\Pipeline\\Pipeline->Illuminate\\Pipeline\\{closure}(Object(Illuminate\\Http\\Request))
#48 /home/customs1/public_html/projects/newsportal/vendor/laravel/framework/src/Illuminate/Foundation/Http/Middleware/CheckForMaintenanceMode.php(62): Illuminate\\Routing\\Pipeline->Illuminate\\Routing\\{closure}(Object(Illuminate\\Http\\Request))
#49 /home/customs1/public_html/projects/newsportal/vendor/laravel/framework/src/Illuminate/Pipeline/Pipeline.php(163): Illuminate\\Foundation\\Http\\Middleware\\CheckForMaintenanceMode->handle(Object(Illuminate\\Http\\Request), Object(Closure))
#50 /home/customs1/public_html/projects/newsportal/vendor/laravel/framework/src/Illuminate/Routing/Pipeline.php(53): Illuminate\\Pipeline\\Pipeline->Illuminate\\Pipeline\\{closure}(Object(Illuminate\\Http\\Request))
#51 /home/customs1/public_html/projects/newsportal/vendor/laravel/framework/src/Illuminate/Pipeline/Pipeline.php(104): Illuminate\\Routing\\Pipeline->Illuminate\\Routing\\{closure}(Object(Illuminate\\Http\\Request))
#52 /home/customs1/public_html/projects/newsportal/vendor/laravel/framework/src/Illuminate/Foundation/Http/Kernel.php(151): Illuminate\\Pipeline\\Pipeline->then(Object(Closure))
#53 /home/customs1/public_html/projects/newsportal/vendor/laravel/framework/src/Illuminate/Foundation/Http/Kernel.php(116): Illuminate\\Foundation\\Http\\Kernel->sendRequestThroughRouter(Object(Illuminate\\Http\\Request))
#54 /home/customs1/public_html/projects/newsportal/public/index.php(55): Illuminate\\Foundation\\Http\\Kernel->handle(Object(Illuminate\\Http\\Request))
#55 {main}
"} 
[2021-07-19 18:53:39] local.ERROR: file_put_contents(A:\laragon\www\newsportal\storage\framework\views/586248950626724bb1f966444695ee13b153f512.php): failed to open stream: No such file or directory {"exception":"[object] (ErrorException(code: 0): file_put_contents(A:\\laragon\\www\
ewsportal\\storage\\framework\\views/586248950626724bb1f966444695ee13b153f512.php): failed to open stream: No such file or directory at /home/customs1/public_html/projects/newsportal/vendor/laravel/framework/src/Illuminate/Filesystem/Filesystem.php:122)
[stacktrace]
#0 [internal function]: Illuminate\\Foundation\\Bootstrap\\HandleExceptions->handleError(2, 'file_put_conten...', '/home/customs1/...', 122, Array)
#1 /home/customs1/public_html/projects/newsportal/vendor/laravel/framework/src/Illuminate/Filesystem/Filesystem.php(122): file_put_contents('A:\\\\laragon\\\\www\\\\...', '<?php $__env->s...', 0)
#2 /home/customs1/public_html/projects/newsportal/vendor/laravel/framework/src/Illuminate/View/Compilers/BladeCompiler.php(122): Illuminate\\Filesystem\\Filesystem->put('A:\\\\laragon\\\\www\\\\...', '<?php $__env->s...')
#3 /home/customs1/public_html/projects/newsportal/vendor/laravel/framework/src/Illuminate/View/Engines/CompilerEngine.php(51): Illuminate\\View\\Compilers\\BladeCompiler->compile('/home/customs1/...')
#4 /home/customs1/public_html/projects/newsportal/vendor/laravel/framework/src/Illuminate/View/View.php(142): Illuminate\\View\\Engines\\CompilerEngine->get('/home/customs1/...', Array)
#5 /home/customs1/public_html/projects/newsportal/vendor/laravel/framework/src/Illuminate/View/View.php(125): Illuminate\\View\\View->getContents()
#6 /home/customs1/public_html/projects/newsportal/vendor/laravel/framework/src/Illuminate/View/View.php(90): Illuminate\\View\\View->renderContents()
#7 /home/customs1/public_html/projects/newsportal/vendor/laravel/framework/src/Illuminate/Http/Response.php(42): Illuminate\\View\\View->render()
#8 /home/customs1/public_html/projects/newsportal/vendor/symfony/http-foundation/Response.php(205): Illuminate\\Http\\Response->setContent(Object(Illuminate\\View\\View))
#9 /home/customs1/public_html/projects/newsportal/vendor/laravel/framework/src/Illuminate/Routing/ResponseFactory.php(55): Symfony\\Component\\HttpFoundation\\Response->__construct(Object(Illuminate\\View\\View), 500, Array)
#10 /home/customs1/public_html/projects/newsportal/vendor/laravel/framework/src/Illuminate/Routing/ResponseFactory.php(81): Illuminate\\Routing\\ResponseFactory->make(Object(Illuminate\\View\\View), 500, Array)
#11 /home/customs1/public_html/projects/newsportal/vendor/laravel/framework/src/Illuminate/Foundation/Exceptions/Handler.php(380): Illuminate\\Routing\\ResponseFactory->view('errors::500', Array, 500, Array)
#12 /home/customs1/public_html/projects/newsportal/vendor/laravel/framework/src/Illuminate/Foundation/Exceptions/Handler.php(289): Illuminate\\Foundation\\Exceptions\\Handler->renderHttpException(Object(Symfony\\Component\\HttpKernel\\Exception\\HttpException))
#13 /home/customs1/public_html/projects/newsportal/vendor/laravel/framework/src/Illuminate/Foundation/Exceptions/Handler.php(188): Illuminate\\Foundation\\Exceptions\\Handler->prepareResponse(Object(Illuminate\\Http\\Request), Object(Symfony\\Component\\HttpKernel\\Exception\\HttpException))
#14 /home/customs1/public_html/projects/newsportal/app/Exceptions/Handler.php(49): Illuminate\\Foundation\\Exceptions\\Handler->render(Object(Illuminate\\Http\\Request), Object(ErrorException))
#15 /home/customs1/public_html/projects/newsportal/vendor/laravel/framework/src/Illuminate/Routing/Pipeline.php(83): App\\Exceptions\\Handler->render(Object(Illuminate\\Http\\Request), Object(ErrorException))
#16 /home/customs1/public_html/projects/newsportal/vendor/laravel/framework/src/Illuminate/Routing/Pipeline.php(55): Illuminate\\Routing\\Pipeline->handleException(Object(Illuminate\\Http\\Request), Object(ErrorException))
#17 /home/customs1/public_html/projects/newsportal/vendor/laravel/framework/src/Illuminate/Cookie/Middleware/AddQueuedCookiesToResponse.php(37): Illuminate\\Routing\\Pipeline->Illuminate\\Routing\\{closure}(Object(Illuminate\\Http\\Request))
#18 /home/customs1/public_html/projects/newsportal/vendor/laravel/framework/src/Illuminate/Pipeline/Pipeline.php(163): Illuminate\\Cookie\\Middleware\\AddQueuedCookiesToResponse->handle(Object(Illuminate\\Http\\Request), Object(Closure))
#19 /home/customs1/public_html/projects/newsportal/vendor/laravel/framework/src/Illuminate/Routing/Pipeline.php(53): Illuminate\\Pipeline\\Pipeline->Illuminate\\Pipeline\\{closure}(Object(Illuminate\\Http\\Request))
#20 /home/customs1/public_html/projects/newsportal/vendor/laravel/framework/src/Illuminate/Cookie/Middleware/EncryptCookies.php(66): Illuminate\\Routing\\Pipeline->Illuminate\\Routing\\{closure}(Object(Illuminate\\Http\\Request))
#21 /home/customs1/public_html/projects/newsportal/vendor/laravel/framework/src/Illuminate/Pipeline/Pipeline.php(163): Illuminate\\Cookie\\Middleware\\EncryptCookies->handle(Object(Illuminate\\Http\\Request), Object(Closure))
#22 /home/customs1/public_html/projects/newsportal/vendor/laravel/framework/src/Illuminate/Routing/Pipeline.php(53): Illuminate\\Pipeline\\Pipeline->Illuminate\\Pipeline\\{closure}(Object(Illuminate\\Http\\Request))
#23 /home/customs1/public_html/projects/newsportal/vendor/laravel/framework/src/Illuminate/Pipeline/Pipeline.php(104): Illuminate\\Routing\\Pipeline->Illuminate\\Routing\\{closure}(Object(Illuminate\\Http\\Request))
#24 /home/customs1/public_html/projects/newsportal/vendor/laravel/framework/src/Illuminate/Routing/Router.php(684): Illuminate\\Pipeline\\Pipeline->then(Object(Closure))
#25 /home/customs1/public_html/projects/newsportal/vendor/laravel/framework/src/Illuminate/Routing/Router.php(659): Illuminate\\Routing\\Router->runRouteWithinStack(Object(Illuminate\\Routing\\Route), Object(Illuminate\\Http\\Request))
#26 /home/customs1/public_html/projects/newsportal/vendor/laravel/framework/src/Illuminate/Routing/Router.php(625): Illuminate\\Routing\\Router->runRoute(Object(Illuminate\\Http\\Request), Object(Illuminate\\Routing\\Route))
#27 /home/customs1/public_html/projects/newsportal/vendor/laravel/framework/src/Illuminate/Routing/Router.php(614): Illuminate\\Routing\\Router->dispatchToRoute(Object(Illuminate\\Http\\Request))
#28 /home/customs1/public_html/projects/newsportal/vendor/laravel/framework/src/Illuminate/Foundation/Http/Kernel.php(176): Illuminate\\Routing\\Router->dispatch(Object(Illuminate\\Http\\Request))
#29 /home/customs1/public_html/projects/newsportal/vendor/laravel/framework/src/Illuminate/Routing/Pipeline.php(30): Illuminate\\Foundation\\Http\\Kernel->Illuminate\\Foundation\\Http\\{closure}(Object(Illuminate\\Http\\Request))
#30 /home/customs1/public_html/projects/newsportal/vendor/barryvdh/laravel-debugbar/src/Middleware/InjectDebugbar.php(58): Illuminate\\Routing\\Pipeline->Illuminate\\Routing\\{closure}(Object(Illuminate\\Http\\Request))
#31 /home/customs1/public_html/projects/newsportal/vendor/laravel/framework/src/Illuminate/Pipeline/Pipeline.php(163): Barryvdh\\Debugbar\\Middleware\\InjectDebugbar->handle(Object(Illuminate\\Http\\Request), Object(Closure))
#32 /home/customs1/public_html/projects/newsportal/vendor/laravel/framework/src/Illuminate/Routing/Pipeline.php(53): Illuminate\\Pipeline\\Pipeline->Illuminate\\Pipeline\\{closure}(Object(Illuminate\\Http\\Request))
#33 /home/customs1/public_html/projects/newsportal/vendor/fideloper/proxy/src/TrustProxies.php(57): Illuminate\\Routing\\Pipeline->Illuminate\\Routing\\{closure}(Object(Illuminate\\Http\\Request))
#34 /home/customs1/public_html/projects/newsportal/vendor/laravel/framework/src/Illuminate/Pipeline/Pipeline.php(163): Fideloper\\Proxy\\TrustProxies->handle(Object(Illuminate\\Http\\Request), Object(Closure))
#35 /home/customs1/public_html/projects/newsportal/vendor/laravel/framework/src/Illuminate/Routing/Pipeline.php(53): Illuminate\\Pipeline\\Pipeline->Illuminate\\Pipeline\\{closure}(Object(Illuminate\\Http\\Request))
#36 /home/customs1/public_html/projects/newsportal/vendor/laravel/framework/src/Illuminate/Foundation/Http/Middleware/TransformsRequest.php(31): Illuminate\\Routing\\Pipeline->Illuminate\\Routing\\{closure}(Object(Illuminate\\Http\\Request))
#37 /home/customs1/public_html/projects/newsportal/vendor/laravel/framework/src/Illuminate/Pipeline/Pipeline.php(163): Illuminate\\Foundation\\Http\\Middleware\\TransformsRequest->handle(Object(Illuminate\\Http\\Request), Object(Closure))
#38 /home/customs1/public_html/projects/newsportal/vendor/laravel/framework/src/Illuminate/Routing/Pipeline.php(53): Illuminate\\Pipeline\\Pipeline->Illuminate\\Pipeline\\{closure}(Object(Illuminate\\Http\\Request))
#39 /home/customs1/public_html/projects/newsportal/vendor/laravel/framework/src/Illuminate/Foundation/Http/Middleware/TransformsRequest.php(31): Illuminate\\Routing\\Pipeline->Illuminate\\Routing\\{closure}(Object(Illuminate\\Http\\Request))
#40 /home/customs1/public_html/projects/newsportal/vendor/laravel/framework/src/Illuminate/Pipeline/Pipeline.php(163): Illuminate\\Foundation\\Http\\Middleware\\TransformsRequest->handle(Object(Illuminate\\Http\\Request), Object(Closure))
#41 /home/customs1/public_html/projects/newsportal/vendor/laravel/framework/src/Illuminate/Routing/Pipeline.php(53): Illuminate\\Pipeline\\Pipeline->Illuminate\\Pipeline\\{closure}(Object(Illuminate\\Http\\Request))
#42 /home/customs1/public_html/projects/newsportal/vendor/laravel/framework/src/Illuminate/Foundation/Http/Middleware/ValidatePostSize.php(27): Illuminate\\Routing\\Pipeline->Illuminate\\Routing\\{closure}(Object(Illuminate\\Http\\Request))
#43 /home/customs1/public_html/projects/newsportal/vendor/laravel/framework/src/Illuminate/Pipeline/Pipeline.php(163): Illuminate\\Foundation\\Http\\Middleware\\ValidatePostSize->handle(Object(Illuminate\\Http\\Request), Object(Closure))
#44 /home/customs1/public_html/projects/newsportal/vendor/laravel/framework/src/Illuminate/Routing/Pipeline.php(53): Illuminate\\Pipeline\\Pipeline->Illuminate\\Pipeline\\{closure}(Object(Illuminate\\Http\\Request))
#45 /home/customs1/public_html/projects/newsportal/vendor/laravel/framework/src/Illuminate/Foundation/Http/Middleware/CheckForMaintenanceMode.php(62): Illuminate\\Routing\\Pipeline->Illuminate\\Routing\\{closure}(Object(Illuminate\\Http\\Request))
#46 /home/customs1/public_html/projects/newsportal/vendor/laravel/framework/src/Illuminate/Pipeline/Pipeline.php(163): Illuminate\\Foundation\\Http\\Middleware\\CheckForMaintenanceMode->handle(Object(Illuminate\\Http\\Request), Object(Closure))
#47 /home/customs1/public_html/projects/newsportal/vendor/laravel/framework/src/Illuminate/Routing/Pipeline.php(53): Illuminate\\Pipeline\\Pipeline->Illuminate\\Pipeline\\{closure}(Object(Illuminate\\Http\\Request))
#48 /home/customs1/public_html/projects/newsportal/vendor/laravel/framework/src/Illuminate/Pipeline/Pipeline.php(104): Illuminate\\Routing\\Pipeline->Illuminate\\Routing\\{closure}(Object(Illuminate\\Http\\Request))
#49 /home/customs1/public_html/projects/newsportal/vendor/laravel/framework/src/Illuminate/Foundation/Http/Kernel.php(151): Illuminate\\Pipeline\\Pipeline->then(Object(Closure))
#50 /home/customs1/public_html/projects/newsportal/vendor/laravel/framework/src/Illuminate/Foundation/Http/Kernel.php(116): Illuminate\\Foundation\\Http\\Kernel->sendRequestThroughRouter(Object(Illuminate\\Http\\Request))
#51 /home/customs1/public_html/projects/newsportal/public/index.php(55): Illuminate\\Foundation\\Http\\Kernel->handle(Object(Illuminate\\Http\\Request))
#52 {main}
"} 
[2021-07-19 18:53:39] local.ERROR: file_put_contents(A:\laragon\www\newsportal\storage\framework\views/586248950626724bb1f966444695ee13b153f512.php): failed to open stream: No such file or directory {"exception":"[object] (ErrorException(code: 0): file_put_contents(A:\\laragon\\www\
ewsportal\\storage\\framework\\views/586248950626724bb1f966444695ee13b153f512.php): failed to open stream: No such file or directory at /home/customs1/public_html/projects/newsportal/vendor/laravel/framework/src/Illuminate/Filesystem/Filesystem.php:122)
[stacktrace]
#0 [internal function]: Illuminate\\Foundation\\Bootstrap\\HandleExceptions->handleError(2, 'file_put_conten...', '/home/customs1/...', 122, Array)
#1 /home/customs1/public_html/projects/newsportal/vendor/laravel/framework/src/Illuminate/Filesystem/Filesystem.php(122): file_put_contents('A:\\\\laragon\\\\www\\\\...', '<?php $__env->s...', 0)
#2 /home/customs1/public_html/projects/newsportal/vendor/laravel/framework/src/Illuminate/View/Compilers/BladeCompiler.php(122): Illuminate\\Filesystem\\Filesystem->put('A:\\\\laragon\\\\www\\\\...', '<?php $__env->s...')
#3 /home/customs1/public_html/projects/newsportal/vendor/laravel/framework/src/Illuminate/View/Engines/CompilerEngine.php(51): Illuminate\\View\\Compilers\\BladeCompiler->compile('/home/customs1/...')
#4 /home/customs1/public_html/projects/newsportal/vendor/laravel/framework/src/Illuminate/View/View.php(142): Illuminate\\View\\Engines\\CompilerEngine->get('/home/customs1/...', Array)
#5 /home/customs1/public_html/projects/newsportal/vendor/laravel/framework/src/Illuminate/View/View.php(125): Illuminate\\View\\View->getContents()
#6 /home/customs1/public_html/projects/newsportal/vendor/laravel/framework/src/Illuminate/View/View.php(90): Illuminate\\View\\View->renderContents()
#7 /home/customs1/public_html/projects/newsportal/vendor/laravel/framework/src/Illuminate/Http/Response.php(42): Illuminate\\View\\View->render()
#8 /home/customs1/public_html/projects/newsportal/vendor/symfony/http-foundation/Response.php(205): Illuminate\\Http\\Response->setContent(Object(Illuminate\\View\\View))
#9 /home/customs1/public_html/projects/newsportal/vendor/laravel/framework/src/Illuminate/Routing/ResponseFactory.php(55): Symfony\\Component\\HttpFoundation\\Response->__construct(Object(Illuminate\\View\\View), 500, Array)
#10 /home/customs1/public_html/projects/newsportal/vendor/laravel/framework/src/Illuminate/Routing/ResponseFactory.php(81): Illuminate\\Routing\\ResponseFactory->make(Object(Illuminate\\View\\View), 500, Array)
#11 /home/customs1/public_html/projects/newsportal/vendor/laravel/framework/src/Illuminate/Foundation/Exceptions/Handler.php(380): Illuminate\\Routing\\ResponseFactory->view('errors::500', Array, 500, Array)
#12 /home/customs1/public_html/projects/newsportal/vendor/laravel/framework/src/Illuminate/Foundation/Exceptions/Handler.php(289): Illuminate\\Foundation\\Exceptions\\Handler->renderHttpException(Object(Symfony\\Component\\HttpKernel\\Exception\\HttpException))
#13 /home/customs1/public_html/projects/newsportal/vendor/laravel/framework/src/Illuminate/Foundation/Exceptions/Handler.php(188): Illuminate\\Foundation\\Exceptions\\Handler->prepareResponse(Object(Illuminate\\Http\\Request), Object(Symfony\\Component\\HttpKernel\\Exception\\HttpException))
#14 /home/customs1/public_html/projects/newsportal/app/Exceptions/Handler.php(49): Illuminate\\Foundation\\Exceptions\\Handler->render(Object(Illuminate\\Http\\Request), Object(ErrorException))
#15 /home/customs1/public_html/projects/newsportal/vendor/laravel/framework/src/Illuminate/Routing/Pipeline.php(83): App\\Exceptions\\Handler->render(Object(Illuminate\\Http\\Request), Object(ErrorException))
#16 /home/customs1/public_html/projects/newsportal/vendor/laravel/framework/src/Illuminate/Routing/Pipeline.php(55): Illuminate\\Routing\\Pipeline->handleException(Object(Illuminate\\Http\\Request), Object(ErrorException))
#17 /home/customs1/public_html/projects/newsportal/vendor/laravel/framework/src/Illuminate/Cookie/Middleware/EncryptCookies.php(66): Illuminate\\Routing\\Pipeline->Illuminate\\Routing\\{closure}(Object(Illuminate\\Http\\Request))
#18 /home/customs1/public_html/projects/newsportal/vendor/laravel/framework/src/Illuminate/Pipeline/Pipeline.php(163): Illuminate\\Cookie\\Middleware\\EncryptCookies->handle(Object(Illuminate\\Http\\Request), Object(Closure))
#19 /home/customs1/public_html/projects/newsportal/vendor/laravel/framework/src/Illuminate/Routing/Pipeline.php(53): Illuminate\\Pipeline\\Pipeline->Illuminate\\Pipeline\\{closure}(Object(Illuminate\\Http\\Request))
#20 /home/customs1/public_html/projects/newsportal/vendor/laravel/framework/src/Illuminate/Pipeline/Pipeline.php(104): Illuminate\\Routing\\Pipeline->Illuminate\\Routing\\{closure}(Object(Illuminate\\Http\\Request))
#21 /home/customs1/public_html/projects/newsportal/vendor/laravel/framework/src/Illuminate/Routing/Router.php(684): Illuminate\\Pipeline\\Pipeline->then(Object(Closure))
#22 /home/customs1/public_html/projects/newsportal/vendor/laravel/framework/src/Illuminate/Routing/Router.php(659): Illuminate\\Routing\\Router->runRouteWithinStack(Object(Illuminate\\Routing\\Route), Object(Illuminate\\Http\\Request))
#23 /home/customs1/public_html/projects/newsportal/vendor/laravel/framework/src/Illuminate/Routing/Router.php(625): Illuminate\\Routing\\Router->runRoute(Object(Illuminate\\Http\\Request), Object(Illuminate\\Routing\\Route))
#24 /home/customs1/public_html/projects/newsportal/vendor/laravel/framework/src/Illuminate/Routing/Router.php(614): Illuminate\\Routing\\Router->dispatchToRoute(Object(Illuminate\\Http\\Request))
#25 /home/customs1/public_html/projects/newsportal/vendor/laravel/framework/src/Illuminate/Foundation/Http/Kernel.php(176): Illuminate\\Routing\\Router->dispatch(Object(Illuminate\\Http\\Request))
#26 /home/customs1/public_html/projects/newsportal/vendor/laravel/framework/src/Illuminate/Routing/Pipeline.php(30): Illuminate\\Foundation\\Http\\Kernel->Illuminate\\Foundation\\Http\\{closure}(Object(Illuminate\\Http\\Request))
#27 /home/customs1/public_html/projects/newsportal/vendor/barryvdh/laravel-debugbar/src/Middleware/InjectDebugbar.php(58): Illuminate\\Routing\\Pipeline->Illuminate\\Routing\\{closure}(Object(Illuminate\\Http\\Request))
#28 /home/customs1/public_html/projects/newsportal/vendor/laravel/framework/src/Illuminate/Pipeline/Pipeline.php(163): Barryvdh\\Debugbar\\Middleware\\InjectDebugbar->handle(Object(Illuminate\\Http\\Request), Object(Closure))
#29 /home/customs1/public_html/projects/newsportal/vendor/laravel/framework/src/Illuminate/Routing/Pipeline.php(53): Illuminate\\Pipeline\\Pipeline->Illuminate\\Pipeline\\{closure}(Object(Illuminate\\Http\\Request))
#30 /home/customs1/public_html/projects/newsportal/vendor/fideloper/proxy/src/TrustProxies.php(57): Illuminate\\Routing\\Pipeline->Illuminate\\Routing\\{closure}(Object(Illuminate\\Http\\Request))
#31 /home/customs1/public_html/projects/newsportal/vendor/laravel/framework/src/Illuminate/Pipeline/Pipeline.php(163): Fideloper\\Proxy\\TrustProxies->handle(Object(Illuminate\\Http\\Request), Object(Closure))
#32 /home/customs1/public_html/projects/newsportal/vendor/laravel/framework/src/Illuminate/Routing/Pipeline.php(53): Illuminate\\Pipeline\\Pipeline->Illuminate\\Pipeline\\{closure}(Object(Illuminate\\Http\\Request))
#33 /home/customs1/public_html/projects/newsportal/vendor/laravel/framework/src/Illuminate/Foundation/Http/Middleware/TransformsRequest.php(31): Illuminate\\Routing\\Pipeline->Illuminate\\Routing\\{closure}(Object(Illuminate\\Http\\Request))
#34 /home/customs1/public_html/projects/newsportal/vendor/laravel/framework/src/Illuminate/Pipeline/Pipeline.php(163): Illuminate\\Foundation\\Http\\Middleware\\TransformsRequest->handle(Object(Illuminate\\Http\\Request), Object(Closure))
#35 /home/customs1/public_html/projects/newsportal/vendor/laravel/framework/src/Illuminate/Routing/Pipeline.php(53): Illuminate\\Pipeline\\Pipeline->Illuminate\\Pipeline\\{closure}(Object(Illuminate\\Http\\Request))
#36 /home/customs1/public_html/projects/newsportal/vendor/laravel/framework/src/Illuminate/Foundation/Http/Middleware/TransformsRequest.php(31): Illuminate\\Routing\\Pipeline->Illuminate\\Routing\\{closure}(Object(Illuminate\\Http\\Request))
#37 /home/customs1/public_html/projects/newsportal/vendor/laravel/framework/src/Illuminate/Pipeline/Pipeline.php(163): Illuminate\\Foundation\\Http\\Middleware\\TransformsRequest->handle(Object(Illuminate\\Http\\Request), Object(Closure))
#38 /home/customs1/public_html/projects/newsportal/vendor/laravel/framework/src/Illuminate/Routing/Pipeline.php(53): Illuminate\\Pipeline\\Pipeline->Illuminate\\Pipeline\\{closure}(Object(Illuminate\\Http\\Request))
#39 /home/customs1/public_html/projects/newsportal/vendor/laravel/framework/src/Illuminate/Foundation/Http/Middleware/ValidatePostSize.php(27): Illuminate\\Routing\\Pipeline->Illuminate\\Routing\\{closure}(Object(Illuminate\\Http\\Request))
#40 /home/customs1/public_html/projects/newsportal/vendor/laravel/framework/src/Illuminate/Pipeline/Pipeline.php(163): Illuminate\\Foundation\\Http\\Middleware\\ValidatePostSize->handle(Object(Illuminate\\Http\\Request), Object(Closure))
#41 /home/customs1/public_html/projects/newsportal/vendor/laravel/framework/src/Illuminate/Routing/Pipeline.php(53): Illuminate\\Pipeline\\Pipeline->Illuminate\\Pipeline\\{closure}(Object(Illuminate\\Http\\Request))
#42 /home/customs1/public_html/projects/newsportal/vendor/laravel/framework/src/Illuminate/Foundation/Http/Middleware/CheckForMaintenanceMode.php(62): Illuminate\\Routing\\Pipeline->Illuminate\\Routing\\{closure}(Object(Illuminate\\Http\\Request))
#43 /home/customs1/public_html/projects/newsportal/vendor/laravel/framework/src/Illuminate/Pipeline/Pipeline.php(163): Illuminate\\Foundation\\Http\\Middleware\\CheckForMaintenanceMode->handle(Object(Illuminate\\Http\\Request), Object(Closure))
#44 /home/customs1/public_html/projects/newsportal/vendor/laravel/framework/src/Illuminate/Routing/Pipeline.php(53): Illuminate\\Pipeline\\Pipeline->Illuminate\\Pipeline\\{closure}(Object(Illuminate\\Http\\Request))
#45 /home/customs1/public_html/projects/newsportal/vendor/laravel/framework/src/Illuminate/Pipeline/Pipeline.php(104): Illuminate\\Routing\\Pipeline->Illuminate\\Routing\\{closure}(Object(Illuminate\\Http\\Request))
#46 /home/customs1/public_html/projects/newsportal/vendor/laravel/framework/src/Illuminate/Foundation/Http/Kernel.php(151): Illuminate\\Pipeline\\Pipeline->then(Object(Closure))
#47 /home/customs1/public_html/projects/newsportal/vendor/laravel/framework/src/Illuminate/Foundation/Http/Kernel.php(116): Illuminate\\Foundation\\Http\\Kernel->sendRequestThroughRouter(Object(Illuminate\\Http\\Request))
#48 /home/customs1/public_html/projects/newsportal/public/index.php(55): Illuminate\\Foundation\\Http\\Kernel->handle(Object(Illuminate\\Http\\Request))
#49 {main}
"} 
[2021-07-19 18:53:39] local.ERROR: file_put_contents(A:\laragon\www\newsportal\storage\framework\views/586248950626724bb1f966444695ee13b153f512.php): failed to open stream: No such file or directory {"exception":"[object] (ErrorException(code: 0): file_put_contents(A:\\laragon\\www\
ewsportal\\storage\\framework\\views/586248950626724bb1f966444695ee13b153f512.php): failed to open stream: No such file or directory at /home/customs1/public_html/projects/newsportal/vendor/laravel/framework/src/Illuminate/Filesystem/Filesystem.php:122)
[stacktrace]
#0 [internal function]: Illuminate\\Foundation\\Bootstrap\\HandleExceptions->handleError(2, 'file_put_conten...', '/home/customs1/...', 122, Array)
#1 /home/customs1/public_html/projects/newsportal/vendor/laravel/framework/src/Illuminate/Filesystem/Filesystem.php(122): file_put_contents('A:\\\\laragon\\\\www\\\\...', '<?php $__env->s...', 0)
#2 /home/customs1/public_html/projects/newsportal/vendor/laravel/framework/src/Illuminate/View/Compilers/BladeCompiler.php(122): Illuminate\\Filesystem\\Filesystem->put('A:\\\\laragon\\\\www\\\\...', '<?php $__env->s...')
#3 /home/customs1/public_html/projects/newsportal/vendor/laravel/framework/src/Illuminate/View/Engines/CompilerEngine.php(51): Illuminate\\View\\Compilers\\BladeCompiler->compile('/home/customs1/...')
#4 /home/customs1/public_html/projects/newsportal/vendor/laravel/framework/src/Illuminate/View/View.php(142): Illuminate\\View\\Engines\\CompilerEngine->get('/home/customs1/...', Array)
#5 /home/customs1/public_html/projects/newsportal/vendor/laravel/framework/src/Illuminate/View/View.php(125): Illuminate\\View\\View->getContents()
#6 /home/customs1/public_html/projects/newsportal/vendor/laravel/framework/src/Illuminate/View/View.php(90): Illuminate\\View\\View->renderContents()
#7 /home/customs1/public_html/projects/newsportal/vendor/laravel/framework/src/Illuminate/Http/Response.php(42): Illuminate\\View\\View->render()
#8 /home/customs1/public_html/projects/newsportal/vendor/symfony/http-foundation/Response.php(205): Illuminate\\Http\\Response->setContent(Object(Illuminate\\View\\View))
#9 /home/customs1/public_html/projects/newsportal/vendor/laravel/framework/src/Illuminate/Routing/ResponseFactory.php(55): Symfony\\Component\\HttpFoundation\\Response->__construct(Object(Illuminate\\View\\View), 500, Array)
#10 /home/customs1/public_html/projects/newsportal/vendor/laravel/framework/src/Illuminate/Routing/ResponseFactory.php(81): Illuminate\\Routing\\ResponseFactory->make(Object(Illuminate\\View\\View), 500, Array)
#11 /home/customs1/public_html/projects/newsportal/vendor/laravel/framework/src/Illuminate/Foundation/Exceptions/Handler.php(380): Illuminate\\Routing\\ResponseFactory->view('errors::500', Array, 500, Array)
#12 /home/customs1/public_html/projects/newsportal/vendor/laravel/framework/src/Illuminate/Foundation/Exceptions/Handler.php(289): Illuminate\\Foundation\\Exceptions\\Handler->renderHttpException(Object(Symfony\\Component\\HttpKernel\\Exception\\HttpException))
#13 /home/customs1/public_html/projects/newsportal/vendor/laravel/framework/src/Illuminate/Foundation/Exceptions/Handler.php(188): Illuminate\\Foundation\\Exceptions\\Handler->prepareResponse(Object(Illuminate\\Http\\Request), Object(Symfony\\Component\\HttpKernel\\Exception\\HttpException))
#14 /home/customs1/public_html/projects/newsportal/app/Exceptions/Handler.php(49): Illuminate\\Foundation\\Exceptions\\Handler->render(Object(Illuminate\\Http\\Request), Object(ErrorException))
#15 /home/customs1/public_html/projects/newsportal/vendor/laravel/framework/src/Illuminate/Routing/Pipeline.php(83): App\\Exceptions\\Handler->render(Object(Illuminate\\Http\\Request), Object(ErrorException))
#16 /home/customs1/public_html/projects/newsportal/vendor/laravel/framework/src/Illuminate/Routing/Pipeline.php(55): Illuminate\\Routing\\Pipeline->handleException(Object(Illuminate\\Http\\Request), Object(ErrorException))
#17 /home/customs1/public_html/projects/newsportal/vendor/laravel/framework/src/Illuminate/Pipeline/Pipeline.php(104): Illuminate\\Routing\\Pipeline->Illuminate\\Routing\\{closure}(Object(Illuminate\\Http\\Request))
#18 /home/customs1/public_html/projects/newsportal/vendor/laravel/framework/src/Illuminate/Routing/Router.php(684): Illuminate\\Pipeline\\Pipeline->then(Object(Closure))
#19 /home/customs1/public_html/projects/newsportal/vendor/laravel/framework/src/Illuminate/Routing/Router.php(659): Illuminate\\Routing\\Router->runRouteWithinStack(Object(Illuminate\\Routing\\Route), Object(Illuminate\\Http\\Request))
#20 /home/customs1/public_html/projects/newsportal/vendor/laravel/framework/src/Illuminate/Routing/Router.php(625): Illuminate\\Routing\\Router->runRoute(Object(Illuminate\\Http\\Request), Object(Illuminate\\Routing\\Route))
#21 /home/customs1/public_html/projects/newsportal/vendor/laravel/framework/src/Illuminate/Routing/Router.php(614): Illuminate\\Routing\\Router->dispatchToRoute(Object(Illuminate\\Http\\Request))
#22 /home/customs1/public_html/projects/newsportal/vendor/laravel/framework/src/Illuminate/Foundation/Http/Kernel.php(176): Illuminate\\Routing\\Router->dispatch(Object(Illuminate\\Http\\Request))
#23 /home/customs1/public_html/projects/newsportal/vendor/laravel/framework/src/Illuminate/Routing/Pipeline.php(30): Illuminate\\Foundation\\Http\\Kernel->Illuminate\\Foundation\\Http\\{closure}(Object(Illuminate\\Http\\Request))
#24 /home/customs1/public_html/projects/newsportal/vendor/barryvdh/laravel-debugbar/src/Middleware/InjectDebugbar.php(58): Illuminate\\Routing\\Pipeline->Illuminate\\Routing\\{closure}(Object(Illuminate\\Http\\Request))
#25 /home/customs1/public_html/projects/newsportal/vendor/laravel/framework/src/Illuminate/Pipeline/Pipeline.php(163): Barryvdh\\Debugbar\\Middleware\\InjectDebugbar->handle(Object(Illuminate\\Http\\Request), Object(Closure))
#26 /home/customs1/public_html/projects/newsportal/vendor/laravel/framework/src/Illuminate/Routing/Pipeline.php(53): Illuminate\\Pipeline\\Pipeline->Illuminate\\Pipeline\\{closure}(Object(Illuminate\\Http\\Request))
#27 /home/customs1/public_html/projects/newsportal/vendor/fideloper/proxy/src/TrustProxies.php(57): Illuminate\\Routing\\Pipeline->Illuminate\\Routing\\{closure}(Object(Illuminate\\Http\\Request))
#28 /home/customs1/public_html/projects/newsportal/vendor/laravel/framework/src/Illuminate/Pipeline/Pipeline.php(163): Fideloper\\Proxy\\TrustProxies->handle(Object(Illuminate\\Http\\Request), Object(Closure))
#29 /home/customs1/public_html/projects/newsportal/vendor/laravel/framework/src/Illuminate/Routing/Pipeline.php(53): Illuminate\\Pipeline\\Pipeline->Illuminate\\Pipeline\\{closure}(Object(Illuminate\\Http\\Request))
#30 /home/customs1/public_html/projects/newsportal/vendor/laravel/framework/src/Illuminate/Foundation/Http/Middleware/TransformsRequest.php(31): Illuminate\\Routing\\Pipeline->Illuminate\\Routing\\{closure}(Object(Illuminate\\Http\\Request))
#31 /home/customs1/public_html/projects/newsportal/vendor/laravel/framework/src/Illuminate/Pipeline/Pipeline.php(163): Illuminate\\Foundation\\Http\\Middleware\\TransformsRequest->handle(Object(Illuminate\\Http\\Request), Object(Closure))
#32 /home/customs1/public_html/projects/newsportal/vendor/laravel/framework/src/Illuminate/Routing/Pipeline.php(53): Illuminate\\Pipeline\\Pipeline->Illuminate\\Pipeline\\{closure}(Object(Illuminate\\Http\\Request))
#33 /home/customs1/public_html/projects/newsportal/vendor/laravel/framework/src/Illuminate/Foundation/Http/Middleware/TransformsRequest.php(31): Illuminate\\Routing\\Pipeline->Illuminate\\Routing\\{closure}(Object(Illuminate\\Http\\Request))
#34 /home/customs1/public_html/projects/newsportal/vendor/laravel/framework/src/Illuminate/Pipeline/Pipeline.php(163): Illuminate\\Foundation\\Http\\Middleware\\TransformsRequest->handle(Object(Illuminate\\Http\\Request), Object(Closure))
#35 /home/customs1/public_html/projects/newsportal/vendor/laravel/framework/src/Illuminate/Routing/Pipeline.php(53): Illuminate\\Pipeline\\Pipeline->Illuminate\\Pipeline\\{closure}(Object(Illuminate\\Http\\Request))
#36 /home/customs1/public_html/projects/newsportal/vendor/laravel/framework/src/Illuminate/Foundation/Http/Middleware/ValidatePostSize.php(27): Illuminate\\Routing\\Pipeline->Illuminate\\Routing\\{closure}(Object(Illuminate\\Http\\Request))
#37 /home/customs1/public_html/projects/newsportal/vendor/laravel/framework/src/Illuminate/Pipeline/Pipeline.php(163): Illuminate\\Foundation\\Http\\Middleware\\ValidatePostSize->handle(Object(Illuminate\\Http\\Request), Object(Closure))
#38 /home/customs1/public_html/projects/newsportal/vendor/laravel/framework/src/Illuminate/Routing/Pipeline.php(53): Illuminate\\Pipeline\\Pipeline->Illuminate\\Pipeline\\{closure}(Object(Illuminate\\Http\\Request))
#39 /home/customs1/public_html/projects/newsportal/vendor/laravel/framework/src/Illuminate/Foundation/Http/Middleware/CheckForMaintenanceMode.php(62): Illuminate\\Routing\\Pipeline->Illuminate\\Routing\\{closure}(Object(Illuminate\\Http\\Request))
#40 /home/customs1/public_html/projects/newsportal/vendor/laravel/framework/src/Illuminate/Pipeline/Pipeline.php(163): Illuminate\\Foundation\\Http\\Middleware\\CheckForMaintenanceMode->handle(Object(Illuminate\\Http\\Request), Object(Closure))
#41 /home/customs1/public_html/projects/newsportal/vendor/laravel/framework/src/Illuminate/Routing/Pipeline.php(53): Illuminate\\Pipeline\\Pipeline->Illuminate\\Pipeline\\{closure}(Object(Illuminate\\Http\\Request))
#42 /home/customs1/public_html/projects/newsportal/vendor/laravel/framework/src/Illuminate/Pipeline/Pipeline.php(104): Illuminate\\Routing\\Pipeline->Illuminate\\Routing\\{closure}(Object(Illuminate\\Http\\Request))
#43 /home/customs1/public_html/projects/newsportal/vendor/laravel/framework/src/Illuminate/Foundation/Http/Kernel.php(151): Illuminate\\Pipeline\\Pipeline->then(Object(Closure))
#44 /home/customs1/public_html/projects/newsportal/vendor/laravel/framework/src/Illuminate/Foundation/Http/Kernel.php(116): Illuminate\\Foundation\\Http\\Kernel->sendRequestThroughRouter(Object(Illuminate\\Http\\Request))
#45 /home/customs1/public_html/projects/newsportal/public/index.php(55): Illuminate\\Foundation\\Http\\Kernel->handle(Object(Illuminate\\Http\\Request))
#46 {main}
"} 
[2021-07-19 18:53:39] local.ERROR: file_put_contents(A:\laragon\www\newsportal\storage\framework\views/586248950626724bb1f966444695ee13b153f512.php): failed to open stream: No such file or directory {"exception":"[object] (ErrorException(code: 0): file_put_contents(A:\\laragon\\www\
ewsportal\\storage\\framework\\views/586248950626724bb1f966444695ee13b153f512.php): failed to open stream: No such file or directory at /home/customs1/public_html/projects/newsportal/vendor/laravel/framework/src/Illuminate/Filesystem/Filesystem.php:122)
[stacktrace]
#0 [internal function]: Illuminate\\Foundation\\Bootstrap\\HandleExceptions->handleError(2, 'file_put_conten...', '/home/customs1/...', 122, Array)
#1 /home/customs1/public_html/projects/newsportal/vendor/laravel/framework/src/Illuminate/Filesystem/Filesystem.php(122): file_put_contents('A:\\\\laragon\\\\www\\\\...', '<?php $__env->s...', 0)
#2 /home/customs1/public_html/projects/newsportal/vendor/laravel/framework/src/Illuminate/View/Compilers/BladeCompiler.php(122): Illuminate\\Filesystem\\Filesystem->put('A:\\\\laragon\\\\www\\\\...', '<?php $__env->s...')
#3 /home/customs1/public_html/projects/newsportal/vendor/laravel/framework/src/Illuminate/View/Engines/CompilerEngine.php(51): Illuminate\\View\\Compilers\\BladeCompiler->compile('/home/customs1/...')
#4 /home/customs1/public_html/projects/newsportal/vendor/laravel/framework/src/Illuminate/View/View.php(142): Illuminate\\View\\Engines\\CompilerEngine->get('/home/customs1/...', Array)
#5 /home/customs1/public_html/projects/newsportal/vendor/laravel/framework/src/Illuminate/View/View.php(125): Illuminate\\View\\View->getContents()
#6 /home/customs1/public_html/projects/newsportal/vendor/laravel/framework/src/Illuminate/View/View.php(90): Illuminate\\View\\View->renderContents()
#7 /home/customs1/public_html/projects/newsportal/vendor/laravel/framework/src/Illuminate/Http/Response.php(42): Illuminate\\View\\View->render()
#8 /home/customs1/public_html/projects/newsportal/vendor/symfony/http-foundation/Response.php(205): Illuminate\\Http\\Response->setContent(Object(Illuminate\\View\\View))
#9 /home/customs1/public_html/projects/newsportal/vendor/laravel/framework/src/Illuminate/Routing/ResponseFactory.php(55): Symfony\\Component\\HttpFoundation\\Response->__construct(Object(Illuminate\\View\\View), 500, Array)
#10 /home/customs1/public_html/projects/newsportal/vendor/laravel/framework/src/Illuminate/Routing/ResponseFactory.php(81): Illuminate\\Routing\\ResponseFactory->make(Object(Illuminate\\View\\View), 500, Array)
#11 /home/customs1/public_html/projects/newsportal/vendor/laravel/framework/src/Illuminate/Foundation/Exceptions/Handler.php(380): Illuminate\\Routing\\ResponseFactory->view('errors::500', Array, 500, Array)
#12 /home/customs1/public_html/projects/newsportal/vendor/laravel/framework/src/Illuminate/Foundation/Exceptions/Handler.php(289): Illuminate\\Foundation\\Exceptions\\Handler->renderHttpException(Object(Symfony\\Component\\HttpKernel\\Exception\\HttpException))
#13 /home/customs1/public_html/projects/newsportal/vendor/laravel/framework/src/Illuminate/Foundation/Exceptions/Handler.php(188): Illuminate\\Foundation\\Exceptions\\Handler->prepareResponse(Object(Illuminate\\Http\\Request), Object(Symfony\\Component\\HttpKernel\\Exception\\HttpException))
#14 /home/customs1/public_html/projects/newsportal/app/Exceptions/Handler.php(49): Illuminate\\Foundation\\Exceptions\\Handler->render(Object(Illuminate\\Http\\Request), Object(ErrorException))
#15 /home/customs1/public_html/projects/newsportal/vendor/laravel/framework/src/Illuminate/Routing/Pipeline.php(83): App\\Exceptions\\Handler->render(Object(Illuminate\\Http\\Request), Object(ErrorException))
#16 /home/customs1/public_html/projects/newsportal/vendor/laravel/framework/src/Illuminate/Routing/Pipeline.php(32): Illuminate\\Routing\\Pipeline->handleException(Object(Illuminate\\Http\\Request), Object(ErrorException))
#17 /home/customs1/public_html/projects/newsportal/vendor/barryvdh/laravel-debugbar/src/Middleware/InjectDebugbar.php(58): Illuminate\\Routing\\Pipeline->Illuminate\\Routing\\{closure}(Object(Illuminate\\Http\\Request))
#18 /home/customs1/public_html/projects/newsportal/vendor/laravel/framework/src/Illuminate/Pipeline/Pipeline.php(163): Barryvdh\\Debugbar\\Middleware\\InjectDebugbar->handle(Object(Illuminate\\Http\\Request), Object(Closure))
#19 /home/customs1/public_html/projects/newsportal/vendor/laravel/framework/src/Illuminate/Routing/Pipeline.php(53): Illuminate\\Pipeline\\Pipeline->Illuminate\\Pipeline\\{closure}(Object(Illuminate\\Http\\Request))
#20 /home/customs1/public_html/projects/newsportal/vendor/fideloper/proxy/src/TrustProxies.php(57): Illuminate\\Routing\\Pipeline->Illuminate\\Routing\\{closure}(Object(Illuminate\\Http\\Request))
#21 /home/customs1/public_html/projects/newsportal/vendor/laravel/framework/src/Illuminate/Pipeline/Pipeline.php(163): Fideloper\\Proxy\\TrustProxies->handle(Object(Illuminate\\Http\\Request), Object(Closure))
#22 /home/customs1/public_html/projects/newsportal/vendor/laravel/framework/src/Illuminate/Routing/Pipeline.php(53): Illuminate\\Pipeline\\Pipeline->Illuminate\\Pipeline\\{closure}(Object(Illuminate\\Http\\Request))
#23 /home/customs1/public_html/projects/newsportal/vendor/laravel/framework/src/Illuminate/Foundation/Http/Middleware/TransformsRequest.php(31): Illuminate\\Routing\\Pipeline->Illuminate\\Routing\\{closure}(Object(Illuminate\\Http\\Request))
#24 /home/customs1/public_html/projects/newsportal/vendor/laravel/framework/src/Illuminate/Pipeline/Pipeline.php(163): Illuminate\\Foundation\\Http\\Middleware\\TransformsRequest->handle(Object(Illuminate\\Http\\Request), Object(Closure))
#25 /home/customs1/public_html/projects/newsportal/vendor/laravel/framework/src/Illuminate/Routing/Pipeline.php(53): Illuminate\\Pipeline\\Pipeline->Illuminate\\Pipeline\\{closure}(Object(Illuminate\\Http\\Request))
#26 /home/customs1/public_html/projects/newsportal/vendor/laravel/framework/src/Illuminate/Foundation/Http/Middleware/TransformsRequest.php(31): Illuminate\\Routing\\Pipeline->Illuminate\\Routing\\{closure}(Object(Illuminate\\Http\\Request))
#27 /home/customs1/public_html/projects/newsportal/vendor/laravel/framework/src/Illuminate/Pipeline/Pipeline.php(163): Illuminate\\Foundation\\Http\\Middleware\\TransformsRequest->handle(Object(Illuminate\\Http\\Request), Object(Closure))
#28 /home/customs1/public_html/projects/newsportal/vendor/laravel/framework/src/Illuminate/Routing/Pipeline.php(53): Illuminate\\Pipeline\\Pipeline->Illuminate\\Pipeline\\{closure}(Object(Illuminate\\Http\\Request))
#29 /home/customs1/public_html/projects/newsportal/vendor/laravel/framework/src/Illuminate/Foundation/Http/Middleware/ValidatePostSize.php(27): Illuminate\\Routing\\Pipeline->Illuminate\\Routing\\{closure}(Object(Illuminate\\Http\\Request))
#30 /home/customs1/public_html/projects/newsportal/vendor/laravel/framework/src/Illuminate/Pipeline/Pipeline.php(163): Illuminate\\Foundation\\Http\\Middleware\\ValidatePostSize->handle(Object(Illuminate\\Http\\Request), Object(Closure))
#31 /home/customs1/public_html/projects/newsportal/vendor/laravel/framework/src/Illuminate/Routing/Pipeline.php(53): Illuminate\\Pipeline\\Pipeline->Illuminate\\Pipeline\\{closure}(Object(Illuminate\\Http\\Request))
#32 /home/customs1/public_html/projects/newsportal/vendor/laravel/framework/src/Illuminate/Foundation/Http/Middleware/CheckForMaintenanceMode.php(62): Illuminate\\Routing\\Pipeline->Illuminate\\Routing\\{closure}(Object(Illuminate\\Http\\Request))
#33 /home/customs1/public_html/projects/newsportal/vendor/laravel/framework/src/Illuminate/Pipeline/Pipeline.php(163): Illuminate\\Foundation\\Http\\Middleware\\CheckForMaintenanceMode->handle(Object(Illuminate\\Http\\Request), Object(Closure))
#34 /home/customs1/public_html/projects/newsportal/vendor/laravel/framework/src/Illuminate/Routing/Pipeline.php(53): Illuminate\\Pipeline\\Pipeline->Illuminate\\Pipeline\\{closure}(Object(Illuminate\\Http\\Request))
#35 /home/customs1/public_html/projects/newsportal/vendor/laravel/framework/src/Illuminate/Pipeline/Pipeline.php(104): Illuminate\\Routing\\Pipeline->Illuminate\\Routing\\{closure}(Object(Illuminate\\Http\\Request))
#36 /home/customs1/public_html/projects/newsportal/vendor/laravel/framework/src/Illuminate/Foundation/Http/Kernel.php(151): Illuminate\\Pipeline\\Pipeline->then(Object(Closure))
#37 /home/customs1/public_html/projects/newsportal/vendor/laravel/framework/src/Illuminate/Foundation/Http/Kernel.php(116): Illuminate\\Foundation\\Http\\Kernel->sendRequestThroughRouter(Object(Illuminate\\Http\\Request))
#38 /home/customs1/public_html/projects/newsportal/public/index.php(55): Illuminate\\Foundation\\Http\\Kernel->handle(Object(Illuminate\\Http\\Request))
#39 {main}
"} 
[2021-07-19 18:53:39] local.ERROR: file_put_contents(A:\laragon\www\newsportal\storage\framework\views/586248950626724bb1f966444695ee13b153f512.php): failed to open stream: No such file or directory {"exception":"[object] (ErrorException(code: 0): file_put_contents(A:\\laragon\\www\
ewsportal\\storage\\framework\\views/586248950626724bb1f966444695ee13b153f512.php): failed to open stream: No such file or directory at /home/customs1/public_html/projects/newsportal/vendor/laravel/framework/src/Illuminate/Filesystem/Filesystem.php:122)
[stacktrace]
#0 [internal function]: Illuminate\\Foundation\\Bootstrap\\HandleExceptions->handleError(2, 'file_put_conten...', '/home/customs1/...', 122, Array)
#1 /home/customs1/public_html/projects/newsportal/vendor/laravel/framework/src/Illuminate/Filesystem/Filesystem.php(122): file_put_contents('A:\\\\laragon\\\\www\\\\...', '<?php $__env->s...', 0)
#2 /home/customs1/public_html/projects/newsportal/vendor/laravel/framework/src/Illuminate/View/Compilers/BladeCompiler.php(122): Illuminate\\Filesystem\\Filesystem->put('A:\\\\laragon\\\\www\\\\...', '<?php $__env->s...')
#3 /home/customs1/public_html/projects/newsportal/vendor/laravel/framework/src/Illuminate/View/Engines/CompilerEngine.php(51): Illuminate\\View\\Compilers\\BladeCompiler->compile('/home/customs1/...')
#4 /home/customs1/public_html/projects/newsportal/vendor/laravel/framework/src/Illuminate/View/View.php(142): Illuminate\\View\\Engines\\CompilerEngine->get('/home/customs1/...', Array)
#5 /home/customs1/public_html/projects/newsportal/vendor/laravel/framework/src/Illuminate/View/View.php(125): Illuminate\\View\\View->getContents()
#6 /home/customs1/public_html/projects/newsportal/vendor/laravel/framework/src/Illuminate/View/View.php(90): Illuminate\\View\\View->renderContents()
#7 /home/customs1/public_html/projects/newsportal/vendor/laravel/framework/src/Illuminate/Http/Response.php(42): Illuminate\\View\\View->render()
#8 /home/customs1/public_html/projects/newsportal/vendor/symfony/http-foundation/Response.php(205): Illuminate\\Http\\Response->setContent(Object(Illuminate\\View\\View))
#9 /home/customs1/public_html/projects/newsportal/vendor/laravel/framework/src/Illuminate/Routing/ResponseFactory.php(55): Symfony\\Component\\HttpFoundation\\Response->__construct(Object(Illuminate\\View\\View), 500, Array)
#10 /home/customs1/public_html/projects/newsportal/vendor/laravel/framework/src/Illuminate/Routing/ResponseFactory.php(81): Illuminate\\Routing\\ResponseFactory->make(Object(Illuminate\\View\\View), 500, Array)
#11 /home/customs1/public_html/projects/newsportal/vendor/laravel/framework/src/Illuminate/Foundation/Exceptions/Handler.php(380): Illuminate\\Routing\\ResponseFactory->view('errors::500', Array, 500, Array)
#12 /home/customs1/public_html/projects/newsportal/vendor/laravel/framework/src/Illuminate/Foundation/Exceptions/Handler.php(289): Illuminate\\Foundation\\Exceptions\\Handler->renderHttpException(Object(Symfony\\Component\\HttpKernel\\Exception\\HttpException))
#13 /home/customs1/public_html/projects/newsportal/vendor/laravel/framework/src/Illuminate/Foundation/Exceptions/Handler.php(188): Illuminate\\Foundation\\Exceptions\\Handler->prepareResponse(Object(Illuminate\\Http\\Request), Object(Symfony\\Component\\HttpKernel\\Exception\\HttpException))
#14 /home/customs1/public_html/projects/newsportal/app/Exceptions/Handler.php(49): Illuminate\\Foundation\\Exceptions\\Handler->render(Object(Illuminate\\Http\\Request), Object(ErrorException))
#15 /home/customs1/public_html/projects/newsportal/vendor/laravel/framework/src/Illuminate/Routing/Pipeline.php(83): App\\Exceptions\\Handler->render(Object(Illuminate\\Http\\Request), Object(ErrorException))
#16 /home/customs1/public_html/projects/newsportal/vendor/laravel/framework/src/Illuminate/Routing/Pipeline.php(55): Illuminate\\Routing\\Pipeline->handleException(Object(Illuminate\\Http\\Request), Object(ErrorException))
#17 /home/customs1/public_html/projects/newsportal/vendor/fideloper/proxy/src/TrustProxies.php(57): Illuminate\\Routing\\Pipeline->Illuminate\\Routing\\{closure}(Object(Illuminate\\Http\\Request))
#18 /home/customs1/public_html/projects/newsportal/vendor/laravel/framework/src/Illuminate/Pipeline/Pipeline.php(163): Fideloper\\Proxy\\TrustProxies->handle(Object(Illuminate\\Http\\Request), Object(Closure))
#19 /home/customs1/public_html/projects/newsportal/vendor/laravel/framework/src/Illuminate/Routing/Pipeline.php(53): Illuminate\\Pipeline\\Pipeline->Illuminate\\Pipeline\\{closure}(Object(Illuminate\\Http\\Request))
#20 /home/customs1/public_html/projects/newsportal/vendor/laravel/framework/src/Illuminate/Foundation/Http/Middleware/TransformsRequest.php(31): Illuminate\\Routing\\Pipeline->Illuminate\\Routing\\{closure}(Object(Illuminate\\Http\\Request))
#21 /home/customs1/public_html/projects/newsportal/vendor/laravel/framework/src/Illuminate/Pipeline/Pipeline.php(163): Illuminate\\Foundation\\Http\\Middleware\\TransformsRequest->handle(Object(Illuminate\\Http\\Request), Object(Closure))
#22 /home/customs1/public_html/projects/newsportal/vendor/laravel/framework/src/Illuminate/Routing/Pipeline.php(53): Illuminate\\Pipeline\\Pipeline->Illuminate\\Pipeline\\{closure}(Object(Illuminate\\Http\\Request))
#23 /home/customs1/public_html/projects/newsportal/vendor/laravel/framework/src/Illuminate/Foundation/Http/Middleware/TransformsRequest.php(31): Illuminate\\Routing\\Pipeline->Illuminate\\Routing\\{closure}(Object(Illuminate\\Http\\Request))
#24 /home/customs1/public_html/projects/newsportal/vendor/laravel/framework/src/Illuminate/Pipeline/Pipeline.php(163): Illuminate\\Foundation\\Http\\Middleware\\TransformsRequest->handle(Object(Illuminate\\Http\\Request), Object(Closure))
#25 /home/customs1/public_html/projects/newsportal/vendor/laravel/framework/src/Illuminate/Routing/Pipeline.php(53): Illuminate\\Pipeline\\Pipeline->Illuminate\\Pipeline\\{closure}(Object(Illuminate\\Http\\Request))
#26 /home/customs1/public_html/projects/newsportal/vendor/laravel/framework/src/Illuminate/Foundation/Http/Middleware/ValidatePostSize.php(27): Illuminate\\Routing\\Pipeline->Illuminate\\Routing\\{closure}(Object(Illuminate\\Http\\Request))
#27 /home/customs1/public_html/projects/newsportal/vendor/laravel/framework/src/Illuminate/Pipeline/Pipeline.php(163): Illuminate\\Foundation\\Http\\Middleware\\ValidatePostSize->handle(Object(Illuminate\\Http\\Request), Object(Closure))
#28 /home/customs1/public_html/projects/newsportal/vendor/laravel/framework/src/Illuminate/Routing/Pipeline.php(53): Illuminate\\Pipeline\\Pipeline->Illuminate\\Pipeline\\{closure}(Object(Illuminate\\Http\\Request))
#29 /home/customs1/public_html/projects/newsportal/vendor/laravel/framework/src/Illuminate/Foundation/Http/Middleware/CheckForMaintenanceMode.php(62): Illuminate\\Routing\\Pipeline->Illuminate\\Routing\\{closure}(Object(Illuminate\\Http\\Request))
#30 /home/customs1/public_html/projects/newsportal/vendor/laravel/framework/src/Illuminate/Pipeline/Pipeline.php(163): Illuminate\\Foundation\\Http\\Middleware\\CheckForMaintenanceMode->handle(Object(Illuminate\\Http\\Request), Object(Closure))
#31 /home/customs1/public_html/projects/newsportal/vendor/laravel/framework/src/Illuminate/Routing/Pipeline.php(53): Illuminate\\Pipeline\\Pipeline->Illuminate\\Pipeline\\{closure}(Object(Illuminate\\Http\\Request))
#32 /home/customs1/public_html/projects/newsportal/vendor/laravel/framework/src/Illuminate/Pipeline/Pipeline.php(104): Illuminate\\Routing\\Pipeline->Illuminate\\Routing\\{closure}(Object(Illuminate\\Http\\Request))
#33 /home/customs1/public_html/projects/newsportal/vendor/laravel/framework/src/Illuminate/Foundation/Http/Kernel.php(151): Illuminate\\Pipeline\\Pipeline->then(Object(Closure))
#34 /home/customs1/public_html/projects/newsportal/vendor/laravel/framework/src/Illuminate/Foundation/Http/Kernel.php(116): Illuminate\\Foundation\\Http\\Kernel->sendRequestThroughRouter(Object(Illuminate\\Http\\Request))
#35 /home/customs1/public_html/projects/newsportal/public/index.php(55): Illuminate\\Foundation\\Http\\Kernel->handle(Object(Illuminate\\Http\\Request))
#36 {main}
"} 
[2021-07-19 18:53:39] local.ERROR: file_put_contents(A:\laragon\www\newsportal\storage\framework\views/586248950626724bb1f966444695ee13b153f512.php): failed to open stream: No such file or directory {"exception":"[object] (ErrorException(code: 0): file_put_contents(A:\\laragon\\www\
ewsportal\\storage\\framework\\views/586248950626724bb1f966444695ee13b153f512.php): failed to open stream: No such file or directory at /home/customs1/public_html/projects/newsportal/vendor/laravel/framework/src/Illuminate/Filesystem/Filesystem.php:122)
[stacktrace]
#0 [internal function]: Illuminate\\Foundation\\Bootstrap\\HandleExceptions->handleError(2, 'file_put_conten...', '/home/customs1/...', 122, Array)
#1 /home/customs1/public_html/projects/newsportal/vendor/laravel/framework/src/Illuminate/Filesystem/Filesystem.php(122): file_put_contents('A:\\\\laragon\\\\www\\\\...', '<?php $__env->s...', 0)
#2 /home/customs1/public_html/projects/newsportal/vendor/laravel/framework/src/Illuminate/View/Compilers/BladeCompiler.php(122): Illuminate\\Filesystem\\Filesystem->put('A:\\\\laragon\\\\www\\\\...', '<?php $__env->s...')
#3 /home/customs1/public_html/projects/newsportal/vendor/laravel/framework/src/Illuminate/View/Engines/CompilerEngine.php(51): Illuminate\\View\\Compilers\\BladeCompiler->compile('/home/customs1/...')
#4 /home/customs1/public_html/projects/newsportal/vendor/laravel/framework/src/Illuminate/View/View.php(142): Illuminate\\View\\Engines\\CompilerEngine->get('/home/customs1/...', Array)
#5 /home/customs1/public_html/projects/newsportal/vendor/laravel/framework/src/Illuminate/View/View.php(125): Illuminate\\View\\View->getContents()
#6 /home/customs1/public_html/projects/newsportal/vendor/laravel/framework/src/Illuminate/View/View.php(90): Illuminate\\View\\View->renderContents()
#7 /home/customs1/public_html/projects/newsportal/vendor/laravel/framework/src/Illuminate/Http/Response.php(42): Illuminate\\View\\View->render()
#8 /home/customs1/public_html/projects/newsportal/vendor/symfony/http-foundation/Response.php(205): Illuminate\\Http\\Response->setContent(Object(Illuminate\\View\\View))
#9 /home/customs1/public_html/projects/newsportal/vendor/laravel/framework/src/Illuminate/Routing/ResponseFactory.php(55): Symfony\\Component\\HttpFoundation\\Response->__construct(Object(Illuminate\\View\\View), 500, Array)
#10 /home/customs1/public_html/projects/newsportal/vendor/laravel/framework/src/Illuminate/Routing/ResponseFactory.php(81): Illuminate\\Routing\\ResponseFactory->make(Object(Illuminate\\View\\View), 500, Array)
#11 /home/customs1/public_html/projects/newsportal/vendor/laravel/framework/src/Illuminate/Foundation/Exceptions/Handler.php(380): Illuminate\\Routing\\ResponseFactory->view('errors::500', Array, 500, Array)
#12 /home/customs1/public_html/projects/newsportal/vendor/laravel/framework/src/Illuminate/Foundation/Exceptions/Handler.php(289): Illuminate\\Foundation\\Exceptions\\Handler->renderHttpException(Object(Symfony\\Component\\HttpKernel\\Exception\\HttpException))
#13 /home/customs1/public_html/projects/newsportal/vendor/laravel/framework/src/Illuminate/Foundation/Exceptions/Handler.php(188): Illuminate\\Foundation\\Exceptions\\Handler->prepareResponse(Object(Illuminate\\Http\\Request), Object(Symfony\\Component\\HttpKernel\\Exception\\HttpException))
#14 /home/customs1/public_html/projects/newsportal/app/Exceptions/Handler.php(49): Illuminate\\Foundation\\Exceptions\\Handler->render(Object(Illuminate\\Http\\Request), Object(ErrorException))
#15 /home/customs1/public_html/projects/newsportal/vendor/laravel/framework/src/Illuminate/Routing/Pipeline.php(83): App\\Exceptions\\Handler->render(Object(Illuminate\\Http\\Request), Object(ErrorException))
#16 /home/customs1/public_html/projects/newsportal/vendor/laravel/framework/src/Illuminate/Routing/Pipeline.php(55): Illuminate\\Routing\\Pipeline->handleException(Object(Illuminate\\Http\\Request), Object(ErrorException))
#17 /home/customs1/public_html/projects/newsportal/vendor/laravel/framework/src/Illuminate/Foundation/Http/Middleware/TransformsRequest.php(31): Illuminate\\Routing\\Pipeline->Illuminate\\Routing\\{closure}(Object(Illuminate\\Http\\Request))
#18 /home/customs1/public_html/projects/newsportal/vendor/laravel/framework/src/Illuminate/Pipeline/Pipeline.php(163): Illuminate\\Foundation\\Http\\Middleware\\TransformsRequest->handle(Object(Illuminate\\Http\\Request), Object(Closure))
#19 /home/customs1/public_html/projects/newsportal/vendor/laravel/framework/src/Illuminate/Routing/Pipeline.php(53): Illuminate\\Pipeline\\Pipeline->Illuminate\\Pipeline\\{closure}(Object(Illuminate\\Http\\Request))
#20 /home/customs1/public_html/projects/newsportal/vendor/laravel/framework/src/Illuminate/Foundation/Http/Middleware/TransformsRequest.php(31): Illuminate\\Routing\\Pipeline->Illuminate\\Routing\\{closure}(Object(Illuminate\\Http\\Request))
#21 /home/customs1/public_html/projects/newsportal/vendor/laravel/framework/src/Illuminate/Pipeline/Pipeline.php(163): Illuminate\\Foundation\\Http\\Middleware\\TransformsRequest->handle(Object(Illuminate\\Http\\Request), Object(Closure))
#22 /home/customs1/public_html/projects/newsportal/vendor/laravel/framework/src/Illuminate/Routing/Pipeline.php(53): Illuminate\\Pipeline\\Pipeline->Illuminate\\Pipeline\\{closure}(Object(Illuminate\\Http\\Request))
#23 /home/customs1/public_html/projects/newsportal/vendor/laravel/framework/src/Illuminate/Foundation/Http/Middleware/ValidatePostSize.php(27): Illuminate\\Routing\\Pipeline->Illuminate\\Routing\\{closure}(Object(Illuminate\\Http\\Request))
#24 /home/customs1/public_html/projects/newsportal/vendor/laravel/framework/src/Illuminate/Pipeline/Pipeline.php(163): Illuminate\\Foundation\\Http\\Middleware\\ValidatePostSize->handle(Object(Illuminate\\Http\\Request), Object(Closure))
#25 /home/customs1/public_html/projects/newsportal/vendor/laravel/framework/src/Illuminate/Routing/Pipeline.php(53): Illuminate\\Pipeline\\Pipeline->Illuminate\\Pipeline\\{closure}(Object(Illuminate\\Http\\Request))
#26 /home/customs1/public_html/projects/newsportal/vendor/laravel/framework/src/Illuminate/Foundation/Http/Middleware/CheckForMaintenanceMode.php(62): Illuminate\\Routing\\Pipeline->Illuminate\\Routing\\{closure}(Object(Illuminate\\Http\\Request))
#27 /home/customs1/public_html/projects/newsportal/vendor/laravel/framework/src/Illuminate/Pipeline/Pipeline.php(163): Illuminate\\Foundation\\Http\\Middleware\\CheckForMaintenanceMode->handle(Object(Illuminate\\Http\\Request), Object(Closure))
#28 /home/customs1/public_html/projects/newsportal/vendor/laravel/framework/src/Illuminate/Routing/Pipeline.php(53): Illuminate\\Pipeline\\Pipeline->Illuminate\\Pipeline\\{closure}(Object(Illuminate\\Http\\Request))
#29 /home/customs1/public_html/projects/newsportal/vendor/laravel/framework/src/Illuminate/Pipeline/Pipeline.php(104): Illuminate\\Routing\\Pipeline->Illuminate\\Routing\\{closure}(Object(Illuminate\\Http\\Request))
#30 /home/customs1/public_html/projects/newsportal/vendor/laravel/framework/src/Illuminate/Foundation/Http/Kernel.php(151): Illuminate\\Pipeline\\Pipeline->then(Object(Closure))
#31 /home/customs1/public_html/projects/newsportal/vendor/laravel/framework/src/Illuminate/Foundation/Http/Kernel.php(116): Illuminate\\Foundation\\Http\\Kernel->sendRequestThroughRouter(Object(Illuminate\\Http\\Request))
#32 /home/customs1/public_html/projects/newsportal/public/index.php(55): Illuminate\\Foundation\\Http\\Kernel->handle(Object(Illuminate\\Http\\Request))
#33 {main}
"} 
[2021-07-19 18:53:39] local.ERROR: file_put_contents(A:\laragon\www\newsportal\storage\framework\views/586248950626724bb1f966444695ee13b153f512.php): failed to open stream: No such file or directory {"exception":"[object] (ErrorException(code: 0): file_put_contents(A:\\laragon\\www\
ewsportal\\storage\\framework\\views/586248950626724bb1f966444695ee13b153f512.php): failed to open stream: No such file or directory at /home/customs1/public_html/projects/newsportal/vendor/laravel/framework/src/Illuminate/Filesystem/Filesystem.php:122)
[stacktrace]
#0 [internal function]: Illuminate\\Foundation\\Bootstrap\\HandleExceptions->handleError(2, 'file_put_conten...', '/home/customs1/...', 122, Array)
#1 /home/customs1/public_html/projects/newsportal/vendor/laravel/framework/src/Illuminate/Filesystem/Filesystem.php(122): file_put_contents('A:\\\\laragon\\\\www\\\\...', '<?php $__env->s...', 0)
#2 /home/customs1/public_html/projects/newsportal/vendor/laravel/framework/src/Illuminate/View/Compilers/BladeCompiler.php(122): Illuminate\\Filesystem\\Filesystem->put('A:\\\\laragon\\\\www\\\\...', '<?php $__env->s...')
#3 /home/customs1/public_html/projects/newsportal/vendor/laravel/framework/src/Illuminate/View/Engines/CompilerEngine.php(51): Illuminate\\View\\Compilers\\BladeCompiler->compile('/home/customs1/...')
#4 /home/customs1/public_html/projects/newsportal/vendor/laravel/framework/src/Illuminate/View/View.php(142): Illuminate\\View\\Engines\\CompilerEngine->get('/home/customs1/...', Array)
#5 /home/customs1/public_html/projects/newsportal/vendor/laravel/framework/src/Illuminate/View/View.php(125): Illuminate\\View\\View->getContents()
#6 /home/customs1/public_html/projects/newsportal/vendor/laravel/framework/src/Illuminate/View/View.php(90): Illuminate\\View\\View->renderContents()
#7 /home/customs1/public_html/projects/newsportal/vendor/laravel/framework/src/Illuminate/Http/Response.php(42): Illuminate\\View\\View->render()
#8 /home/customs1/public_html/projects/newsportal/vendor/symfony/http-foundation/Response.php(205): Illuminate\\Http\\Response->setContent(Object(Illuminate\\View\\View))
#9 /home/customs1/public_html/projects/newsportal/vendor/laravel/framework/src/Illuminate/Routing/ResponseFactory.php(55): Symfony\\Component\\HttpFoundation\\Response->__construct(Object(Illuminate\\View\\View), 500, Array)
#10 /home/customs1/public_html/projects/newsportal/vendor/laravel/framework/src/Illuminate/Routing/ResponseFactory.php(81): Illuminate\\Routing\\ResponseFactory->make(Object(Illuminate\\View\\View), 500, Array)
#11 /home/customs1/public_html/projects/newsportal/vendor/laravel/framework/src/Illuminate/Foundation/Exceptions/Handler.php(380): Illuminate\\Routing\\ResponseFactory->view('errors::500', Array, 500, Array)
#12 /home/customs1/public_html/projects/newsportal/vendor/laravel/framework/src/Illuminate/Foundation/Exceptions/Handler.php(289): Illuminate\\Foundation\\Exceptions\\Handler->renderHttpException(Object(Symfony\\Component\\HttpKernel\\Exception\\HttpException))
#13 /home/customs1/public_html/projects/newsportal/vendor/laravel/framework/src/Illuminate/Foundation/Exceptions/Handler.php(188): Illuminate\\Foundation\\Exceptions\\Handler->prepareResponse(Object(Illuminate\\Http\\Request), Object(Symfony\\Component\\HttpKernel\\Exception\\HttpException))
#14 /home/customs1/public_html/projects/newsportal/app/Exceptions/Handler.php(49): Illuminate\\Foundation\\Exceptions\\Handler->render(Object(Illuminate\\Http\\Request), Object(ErrorException))
#15 /home/customs1/public_html/projects/newsportal/vendor/laravel/framework/src/Illuminate/Routing/Pipeline.php(83): App\\Exceptions\\Handler->render(Object(Illuminate\\Http\\Request), Object(ErrorException))
#16 /home/customs1/public_html/projects/newsportal/vendor/laravel/framework/src/Illuminate/Routing/Pipeline.php(55): Illuminate\\Routing\\Pipeline->handleException(Object(Illuminate\\Http\\Request), Object(ErrorException))
#17 /home/customs1/public_html/projects/newsportal/vendor/laravel/framework/src/Illuminate/Foundation/Http/Middleware/TransformsRequest.php(31): Illuminate\\Routing\\Pipeline->Illuminate\\Routing\\{closure}(Object(Illuminate\\Http\\Request))
#18 /home/customs1/public_html/projects/newsportal/vendor/laravel/framework/src/Illuminate/Pipeline/Pipeline.php(163): Illuminate\\Foundation\\Http\\Middleware\\TransformsRequest->handle(Object(Illuminate\\Http\\Request), Object(Closure))
#19 /home/customs1/public_html/projects/newsportal/vendor/laravel/framework/src/Illuminate/Routing/Pipeline.php(53): Illuminate\\Pipeline\\Pipeline->Illuminate\\Pipeline\\{closure}(Object(Illuminate\\Http\\Request))
#20 /home/customs1/public_html/projects/newsportal/vendor/laravel/framework/src/Illuminate/Foundation/Http/Middleware/ValidatePostSize.php(27): Illuminate\\Routing\\Pipeline->Illuminate\\Routing\\{closure}(Object(Illuminate\\Http\\Request))
#21 /home/customs1/public_html/projects/newsportal/vendor/laravel/framework/src/Illuminate/Pipeline/Pipeline.php(163): Illuminate\\Foundation\\Http\\Middleware\\ValidatePostSize->handle(Object(Illuminate\\Http\\Request), Object(Closure))
#22 /home/customs1/public_html/projects/newsportal/vendor/laravel/framework/src/Illuminate/Routing/Pipeline.php(53): Illuminate\\Pipeline\\Pipeline->Illuminate\\Pipeline\\{closure}(Object(Illuminate\\Http\\Request))
#23 /home/customs1/public_html/projects/newsportal/vendor/laravel/framework/src/Illuminate/Foundation/Http/Middleware/CheckForMaintenanceMode.php(62): Illuminate\\Routing\\Pipeline->Illuminate\\Routing\\{closure}(Object(Illuminate\\Http\\Request))
#24 /home/customs1/public_html/projects/newsportal/vendor/laravel/framework/src/Illuminate/Pipeline/Pipeline.php(163): Illuminate\\Foundation\\Http\\Middleware\\CheckForMaintenanceMode->handle(Object(Illuminate\\Http\\Request), Object(Closure))
#25 /home/customs1/public_html/projects/newsportal/vendor/laravel/framework/src/Illuminate/Routing/Pipeline.php(53): Illuminate\\Pipeline\\Pipeline->Illuminate\\Pipeline\\{closure}(Object(Illuminate\\Http\\Request))
#26 /home/customs1/public_html/projects/newsportal/vendor/laravel/framework/src/Illuminate/Pipeline/Pipeline.php(104): Illuminate\\Routing\\Pipeline->Illuminate\\Routing\\{closure}(Object(Illuminate\\Http\\Request))
#27 /home/customs1/public_html/projects/newsportal/vendor/laravel/framework/src/Illuminate/Foundation/Http/Kernel.php(151): Illuminate\\Pipeline\\Pipeline->then(Object(Closure))
#28 /home/customs1/public_html/projects/newsportal/vendor/laravel/framework/src/Illuminate/Foundation/Http/Kernel.php(116): Illuminate\\Foundation\\Http\\Kernel->sendRequestThroughRouter(Object(Illuminate\\Http\\Request))
#29 /home/customs1/public_html/projects/newsportal/public/index.php(55): Illuminate\\Foundation\\Http\\Kernel->handle(Object(Illuminate\\Http\\Request))
#30 {main}
"} 
[2021-07-19 18:53:39] local.ERROR: file_put_contents(A:\laragon\www\newsportal\storage\framework\views/586248950626724bb1f966444695ee13b153f512.php): failed to open stream: No such file or directory {"exception":"[object] (ErrorException(code: 0): file_put_contents(A:\\laragon\\www\
ewsportal\\storage\\framework\\views/586248950626724bb1f966444695ee13b153f512.php): failed to open stream: No such file or directory at /home/customs1/public_html/projects/newsportal/vendor/laravel/framework/src/Illuminate/Filesystem/Filesystem.php:122)
[stacktrace]
#0 [internal function]: Illuminate\\Foundation\\Bootstrap\\HandleExceptions->handleError(2, 'file_put_conten...', '/home/customs1/...', 122, Array)
#1 /home/customs1/public_html/projects/newsportal/vendor/laravel/framework/src/Illuminate/Filesystem/Filesystem.php(122): file_put_contents('A:\\\\laragon\\\\www\\\\...', '<?php $__env->s...', 0)
#2 /home/customs1/public_html/projects/newsportal/vendor/laravel/framework/src/Illuminate/View/Compilers/BladeCompiler.php(122): Illuminate\\Filesystem\\Filesystem->put('A:\\\\laragon\\\\www\\\\...', '<?php $__env->s...')
#3 /home/customs1/public_html/projects/newsportal/vendor/laravel/framework/src/Illuminate/View/Engines/CompilerEngine.php(51): Illuminate\\View\\Compilers\\BladeCompiler->compile('/home/customs1/...')
#4 /home/customs1/public_html/projects/newsportal/vendor/laravel/framework/src/Illuminate/View/View.php(142): Illuminate\\View\\Engines\\CompilerEngine->get('/home/customs1/...', Array)
#5 /home/customs1/public_html/projects/newsportal/vendor/laravel/framework/src/Illuminate/View/View.php(125): Illuminate\\View\\View->getContents()
#6 /home/customs1/public_html/projects/newsportal/vendor/laravel/framework/src/Illuminate/View/View.php(90): Illuminate\\View\\View->renderContents()
#7 /home/customs1/public_html/projects/newsportal/vendor/laravel/framework/src/Illuminate/Http/Response.php(42): Illuminate\\View\\View->render()
#8 /home/customs1/public_html/projects/newsportal/vendor/symfony/http-foundation/Response.php(205): Illuminate\\Http\\Response->setContent(Object(Illuminate\\View\\View))
#9 /home/customs1/public_html/projects/newsportal/vendor/laravel/framework/src/Illuminate/Routing/ResponseFactory.php(55): Symfony\\Component\\HttpFoundation\\Response->__construct(Object(Illuminate\\View\\View), 500, Array)
#10 /home/customs1/public_html/projects/newsportal/vendor/laravel/framework/src/Illuminate/Routing/ResponseFactory.php(81): Illuminate\\Routing\\ResponseFactory->make(Object(Illuminate\\View\\View), 500, Array)
#11 /home/customs1/public_html/projects/newsportal/vendor/laravel/framework/src/Illuminate/Foundation/Exceptions/Handler.php(380): Illuminate\\Routing\\ResponseFactory->view('errors::500', Array, 500, Array)
#12 /home/customs1/public_html/projects/newsportal/vendor/laravel/framework/src/Illuminate/Foundation/Exceptions/Handler.php(289): Illuminate\\Foundation\\Exceptions\\Handler->renderHttpException(Object(Symfony\\Component\\HttpKernel\\Exception\\HttpException))
#13 /home/customs1/public_html/projects/newsportal/vendor/laravel/framework/src/Illuminate/Foundation/Exceptions/Handler.php(188): Illuminate\\Foundation\\Exceptions\\Handler->prepareResponse(Object(Illuminate\\Http\\Request), Object(Symfony\\Component\\HttpKernel\\Exception\\HttpException))
#14 /home/customs1/public_html/projects/newsportal/app/Exceptions/Handler.php(49): Illuminate\\Foundation\\Exceptions\\Handler->render(Object(Illuminate\\Http\\Request), Object(ErrorException))
#15 /home/customs1/public_html/projects/newsportal/vendor/laravel/framework/src/Illuminate/Routing/Pipeline.php(83): App\\Exceptions\\Handler->render(Object(Illuminate\\Http\\Request), Object(ErrorException))
#16 /home/customs1/public_html/projects/newsportal/vendor/laravel/framework/src/Illuminate/Routing/Pipeline.php(55): Illuminate\\Routing\\Pipeline->handleException(Object(Illuminate\\Http\\Request), Object(ErrorException))
#17 /home/customs1/public_html/projects/newsportal/vendor/laravel/framework/src/Illuminate/Foundation/Http/Middleware/ValidatePostSize.php(27): Illuminate\\Routing\\Pipeline->Illuminate\\Routing\\{closure}(Object(Illuminate\\Http\\Request))
#18 /home/customs1/public_html/projects/newsportal/vendor/laravel/framework/src/Illuminate/Pipeline/Pipeline.php(163): Illuminate\\Foundation\\Http\\Middleware\\ValidatePostSize->handle(Object(Illuminate\\Http\\Request), Object(Closure))
#19 /home/customs1/public_html/projects/newsportal/vendor/laravel/framework/src/Illuminate/Routing/Pipeline.php(53): Illuminate\\Pipeline\\Pipeline->Illuminate\\Pipeline\\{closure}(Object(Illuminate\\Http\\Request))
#20 /home/customs1/public_html/projects/newsportal/vendor/laravel/framework/src/Illuminate/Foundation/Http/Middleware/CheckForMaintenanceMode.php(62): Illuminate\\Routing\\Pipeline->Illuminate\\Routing\\{closure}(Object(Illuminate\\Http\\Request))
#21 /home/customs1/public_html/projects/newsportal/vendor/laravel/framework/src/Illuminate/Pipeline/Pipeline.php(163): Illuminate\\Foundation\\Http\\Middleware\\CheckForMaintenanceMode->handle(Object(Illuminate\\Http\\Request), Object(Closure))
#22 /home/customs1/public_html/projects/newsportal/vendor/laravel/framework/src/Illuminate/Routing/Pipeline.php(53): Illuminate\\Pipeline\\Pipeline->Illuminate\\Pipeline\\{closure}(Object(Illuminate\\Http\\Request))
#23 /home/customs1/public_html/projects/newsportal/vendor/laravel/framework/src/Illuminate/Pipeline/Pipeline.php(104): Illuminate\\Routing\\Pipeline->Illuminate\\Routing\\{closure}(Object(Illuminate\\Http\\Request))
#24 /home/customs1/public_html/projects/newsportal/vendor/laravel/framework/src/Illuminate/Foundation/Http/Kernel.php(151): Illuminate\\Pipeline\\Pipeline->then(Object(Closure))
#25 /home/customs1/public_html/projects/newsportal/vendor/laravel/framework/src/Illuminate/Foundation/Http/Kernel.php(116): Illuminate\\Foundation\\Http\\Kernel->sendRequestThroughRouter(Object(Illuminate\\Http\\Request))
#26 /home/customs1/public_html/projects/newsportal/public/index.php(55): Illuminate\\Foundation\\Http\\Kernel->handle(Object(Illuminate\\Http\\Request))
#27 {main}
"} 
[2021-07-19 18:53:39] local.ERROR: file_put_contents(A:\laragon\www\newsportal\storage\framework\views/586248950626724bb1f966444695ee13b153f512.php): failed to open stream: No such file or directory {"exception":"[object] (ErrorException(code: 0): file_put_contents(A:\\laragon\\www\
ewsportal\\storage\\framework\\views/586248950626724bb1f966444695ee13b153f512.php): failed to open stream: No such file or directory at /home/customs1/public_html/projects/newsportal/vendor/laravel/framework/src/Illuminate/Filesystem/Filesystem.php:122)
[stacktrace]
#0 [internal function]: Illuminate\\Foundation\\Bootstrap\\HandleExceptions->handleError(2, 'file_put_conten...', '/home/customs1/...', 122, Array)
#1 /home/customs1/public_html/projects/newsportal/vendor/laravel/framework/src/Illuminate/Filesystem/Filesystem.php(122): file_put_contents('A:\\\\laragon\\\\www\\\\...', '<?php $__env->s...', 0)
#2 /home/customs1/public_html/projects/newsportal/vendor/laravel/framework/src/Illuminate/View/Compilers/BladeCompiler.php(122): Illuminate\\Filesystem\\Filesystem->put('A:\\\\laragon\\\\www\\\\...', '<?php $__env->s...')
#3 /home/customs1/public_html/projects/newsportal/vendor/laravel/framework/src/Illuminate/View/Engines/CompilerEngine.php(51): Illuminate\\View\\Compilers\\BladeCompiler->compile('/home/customs1/...')
#4 /home/customs1/public_html/projects/newsportal/vendor/laravel/framework/src/Illuminate/View/View.php(142): Illuminate\\View\\Engines\\CompilerEngine->get('/home/customs1/...', Array)
#5 /home/customs1/public_html/projects/newsportal/vendor/laravel/framework/src/Illuminate/View/View.php(125): Illuminate\\View\\View->getContents()
#6 /home/customs1/public_html/projects/newsportal/vendor/laravel/framework/src/Illuminate/View/View.php(90): Illuminate\\View\\View->renderContents()
#7 /home/customs1/public_html/projects/newsportal/vendor/laravel/framework/src/Illuminate/Http/Response.php(42): Illuminate\\View\\View->render()
#8 /home/customs1/public_html/projects/newsportal/vendor/symfony/http-foundation/Response.php(205): Illuminate\\Http\\Response->setContent(Object(Illuminate\\View\\View))
#9 /home/customs1/public_html/projects/newsportal/vendor/laravel/framework/src/Illuminate/Routing/ResponseFactory.php(55): Symfony\\Component\\HttpFoundation\\Response->__construct(Object(Illuminate\\View\\View), 500, Array)
#10 /home/customs1/public_html/projects/newsportal/vendor/laravel/framework/src/Illuminate/Routing/ResponseFactory.php(81): Illuminate\\Routing\\ResponseFactory->make(Object(Illuminate\\View\\View), 500, Array)
#11 /home/customs1/public_html/projects/newsportal/vendor/laravel/framework/src/Illuminate/Foundation/Exceptions/Handler.php(380): Illuminate\\Routing\\ResponseFactory->view('errors::500', Array, 500, Array)
#12 /home/customs1/public_html/projects/newsportal/vendor/laravel/framework/src/Illuminate/Foundation/Exceptions/Handler.php(289): Illuminate\\Foundation\\Exceptions\\Handler->renderHttpException(Object(Symfony\\Component\\HttpKernel\\Exception\\HttpException))
#13 /home/customs1/public_html/projects/newsportal/vendor/laravel/framework/src/Illuminate/Foundation/Exceptions/Handler.php(188): Illuminate\\Foundation\\Exceptions\\Handler->prepareResponse(Object(Illuminate\\Http\\Request), Object(Symfony\\Component\\HttpKernel\\Exception\\HttpException))
#14 /home/customs1/public_html/projects/newsportal/app/Exceptions/Handler.php(49): Illuminate\\Foundation\\Exceptions\\Handler->render(Object(Illuminate\\Http\\Request), Object(ErrorException))
#15 /home/customs1/public_html/projects/newsportal/vendor/laravel/framework/src/Illuminate/Routing/Pipeline.php(83): App\\Exceptions\\Handler->render(Object(Illuminate\\Http\\Request), Object(ErrorException))
#16 /home/customs1/public_html/projects/newsportal/vendor/laravel/framework/src/Illuminate/Routing/Pipeline.php(55): Illuminate\\Routing\\Pipeline->handleException(Object(Illuminate\\Http\\Request), Object(ErrorException))
#17 /home/customs1/public_html/projects/newsportal/vendor/laravel/framework/src/Illuminate/Foundation/Http/Middleware/CheckForMaintenanceMode.php(62): Illuminate\\Routing\\Pipeline->Illuminate\\Routing\\{closure}(Object(Illuminate\\Http\\Request))
#18 /home/customs1/public_html/projects/newsportal/vendor/laravel/framework/src/Illuminate/Pipeline/Pipeline.php(163): Illuminate\\Foundation\\Http\\Middleware\\CheckForMaintenanceMode->handle(Object(Illuminate\\Http\\Request), Object(Closure))
#19 /home/customs1/public_html/projects/newsportal/vendor/laravel/framework/src/Illuminate/Routing/Pipeline.php(53): Illuminate\\Pipeline\\Pipeline->Illuminate\\Pipeline\\{closure}(Object(Illuminate\\Http\\Request))
#20 /home/customs1/public_html/projects/newsportal/vendor/laravel/framework/src/Illuminate/Pipeline/Pipeline.php(104): Illuminate\\Routing\\Pipeline->Illuminate\\Routing\\{closure}(Object(Illuminate\\Http\\Request))
#21 /home/customs1/public_html/projects/newsportal/vendor/laravel/framework/src/Illuminate/Foundation/Http/Kernel.php(151): Illuminate\\Pipeline\\Pipeline->then(Object(Closure))
#22 /home/customs1/public_html/projects/newsportal/vendor/laravel/framework/src/Illuminate/Foundation/Http/Kernel.php(116): Illuminate\\Foundation\\Http\\Kernel->sendRequestThroughRouter(Object(Illuminate\\Http\\Request))
#23 /home/customs1/public_html/projects/newsportal/public/index.php(55): Illuminate\\Foundation\\Http\\Kernel->handle(Object(Illuminate\\Http\\Request))
#24 {main}
"} 
[2021-07-19 18:53:39] local.ERROR: file_put_contents(A:\laragon\www\newsportal\storage\framework\views/586248950626724bb1f966444695ee13b153f512.php): failed to open stream: No such file or directory {"exception":"[object] (ErrorException(code: 0): file_put_contents(A:\\laragon\\www\
ewsportal\\storage\\framework\\views/586248950626724bb1f966444695ee13b153f512.php): failed to open stream: No such file or directory at /home/customs1/public_html/projects/newsportal/vendor/laravel/framework/src/Illuminate/Filesystem/Filesystem.php:122)
[stacktrace]
#0 [internal function]: Illuminate\\Foundation\\Bootstrap\\HandleExceptions->handleError(2, 'file_put_conten...', '/home/customs1/...', 122, Array)
#1 /home/customs1/public_html/projects/newsportal/vendor/laravel/framework/src/Illuminate/Filesystem/Filesystem.php(122): file_put_contents('A:\\\\laragon\\\\www\\\\...', '<?php $__env->s...', 0)
#2 /home/customs1/public_html/projects/newsportal/vendor/laravel/framework/src/Illuminate/View/Compilers/BladeCompiler.php(122): Illuminate\\Filesystem\\Filesystem->put('A:\\\\laragon\\\\www\\\\...', '<?php $__env->s...')
#3 /home/customs1/public_html/projects/newsportal/vendor/laravel/framework/src/Illuminate/View/Engines/CompilerEngine.php(51): Illuminate\\View\\Compilers\\BladeCompiler->compile('/home/customs1/...')
#4 /home/customs1/public_html/projects/newsportal/vendor/laravel/framework/src/Illuminate/View/View.php(142): Illuminate\\View\\Engines\\CompilerEngine->get('/home/customs1/...', Array)
#5 /home/customs1/public_html/projects/newsportal/vendor/laravel/framework/src/Illuminate/View/View.php(125): Illuminate\\View\\View->getContents()
#6 /home/customs1/public_html/projects/newsportal/vendor/laravel/framework/src/Illuminate/View/View.php(90): Illuminate\\View\\View->renderContents()
#7 /home/customs1/public_html/projects/newsportal/vendor/laravel/framework/src/Illuminate/Http/Response.php(42): Illuminate\\View\\View->render()
#8 /home/customs1/public_html/projects/newsportal/vendor/symfony/http-foundation/Response.php(205): Illuminate\\Http\\Response->setContent(Object(Illuminate\\View\\View))
#9 /home/customs1/public_html/projects/newsportal/vendor/laravel/framework/src/Illuminate/Routing/ResponseFactory.php(55): Symfony\\Component\\HttpFoundation\\Response->__construct(Object(Illuminate\\View\\View), 500, Array)
#10 /home/customs1/public_html/projects/newsportal/vendor/laravel/framework/src/Illuminate/Routing/ResponseFactory.php(81): Illuminate\\Routing\\ResponseFactory->make(Object(Illuminate\\View\\View), 500, Array)
#11 /home/customs1/public_html/projects/newsportal/vendor/laravel/framework/src/Illuminate/Foundation/Exceptions/Handler.php(380): Illuminate\\Routing\\ResponseFactory->view('errors::500', Array, 500, Array)
#12 /home/customs1/public_html/projects/newsportal/vendor/laravel/framework/src/Illuminate/Foundation/Exceptions/Handler.php(289): Illuminate\\Foundation\\Exceptions\\Handler->renderHttpException(Object(Symfony\\Component\\HttpKernel\\Exception\\HttpException))
#13 /home/customs1/public_html/projects/newsportal/vendor/laravel/framework/src/Illuminate/Foundation/Exceptions/Handler.php(188): Illuminate\\Foundation\\Exceptions\\Handler->prepareResponse(Object(Illuminate\\Http\\Request), Object(Symfony\\Component\\HttpKernel\\Exception\\HttpException))
#14 /home/customs1/public_html/projects/newsportal/app/Exceptions/Handler.php(49): Illuminate\\Foundation\\Exceptions\\Handler->render(Object(Illuminate\\Http\\Request), Object(ErrorException))
#15 /home/customs1/public_html/projects/newsportal/vendor/laravel/framework/src/Illuminate/Routing/Pipeline.php(83): App\\Exceptions\\Handler->render(Object(Illuminate\\Http\\Request), Object(ErrorException))
#16 /home/customs1/public_html/projects/newsportal/vendor/laravel/framework/src/Illuminate/Routing/Pipeline.php(55): Illuminate\\Routing\\Pipeline->handleException(Object(Illuminate\\Http\\Request), Object(ErrorException))
#17 /home/customs1/public_html/projects/newsportal/vendor/laravel/framework/src/Illuminate/Pipeline/Pipeline.php(104): Illuminate\\Routing\\Pipeline->Illuminate\\Routing\\{closure}(Object(Illuminate\\Http\\Request))
#18 /home/customs1/public_html/projects/newsportal/vendor/laravel/framework/src/Illuminate/Foundation/Http/Kernel.php(151): Illuminate\\Pipeline\\Pipeline->then(Object(Closure))
#19 /home/customs1/public_html/projects/newsportal/vendor/laravel/framework/src/Illuminate/Foundation/Http/Kernel.php(116): Illuminate\\Foundation\\Http\\Kernel->sendRequestThroughRouter(Object(Illuminate\\Http\\Request))
#20 /home/customs1/public_html/projects/newsportal/public/index.php(55): Illuminate\\Foundation\\Http\\Kernel->handle(Object(Illuminate\\Http\\Request))
#21 {main}
"} 
[2021-07-19 18:53:39] local.ERROR: file_put_contents(A:\laragon\www\newsportal\storage\framework\views/586248950626724bb1f966444695ee13b153f512.php): failed to open stream: No such file or directory {"exception":"[object] (ErrorException(code: 0): file_put_contents(A:\\laragon\\www\
ewsportal\\storage\\framework\\views/586248950626724bb1f966444695ee13b153f512.php): failed to open stream: No such file or directory at /home/customs1/public_html/projects/newsportal/vendor/laravel/framework/src/Illuminate/Filesystem/Filesystem.php:122)
[stacktrace]
#0 [internal function]: Illuminate\\Foundation\\Bootstrap\\HandleExceptions->handleError(2, 'file_put_conten...', '/home/customs1/...', 122, Array)
#1 /home/customs1/public_html/projects/newsportal/vendor/laravel/framework/src/Illuminate/Filesystem/Filesystem.php(122): file_put_contents('A:\\\\laragon\\\\www\\\\...', '<?php $__env->s...', 0)
#2 /home/customs1/public_html/projects/newsportal/vendor/laravel/framework/src/Illuminate/View/Compilers/BladeCompiler.php(122): Illuminate\\Filesystem\\Filesystem->put('A:\\\\laragon\\\\www\\\\...', '<?php $__env->s...')
#3 /home/customs1/public_html/projects/newsportal/vendor/laravel/framework/src/Illuminate/View/Engines/CompilerEngine.php(51): Illuminate\\View\\Compilers\\BladeCompiler->compile('/home/customs1/...')
#4 /home/customs1/public_html/projects/newsportal/vendor/laravel/framework/src/Illuminate/View/View.php(142): Illuminate\\View\\Engines\\CompilerEngine->get('/home/customs1/...', Array)
#5 /home/customs1/public_html/projects/newsportal/vendor/laravel/framework/src/Illuminate/View/View.php(125): Illuminate\\View\\View->getContents()
#6 /home/customs1/public_html/projects/newsportal/vendor/laravel/framework/src/Illuminate/View/View.php(90): Illuminate\\View\\View->renderContents()
#7 /home/customs1/public_html/projects/newsportal/vendor/laravel/framework/src/Illuminate/Http/Response.php(42): Illuminate\\View\\View->render()
#8 /home/customs1/public_html/projects/newsportal/vendor/symfony/http-foundation/Response.php(205): Illuminate\\Http\\Response->setContent(Object(Illuminate\\View\\View))
#9 /home/customs1/public_html/projects/newsportal/vendor/laravel/framework/src/Illuminate/Routing/ResponseFactory.php(55): Symfony\\Component\\HttpFoundation\\Response->__construct(Object(Illuminate\\View\\View), 500, Array)
#10 /home/customs1/public_html/projects/newsportal/vendor/laravel/framework/src/Illuminate/Routing/ResponseFactory.php(81): Illuminate\\Routing\\ResponseFactory->make(Object(Illuminate\\View\\View), 500, Array)
#11 /home/customs1/public_html/projects/newsportal/vendor/laravel/framework/src/Illuminate/Foundation/Exceptions/Handler.php(380): Illuminate\\Routing\\ResponseFactory->view('errors::500', Array, 500, Array)
#12 /home/customs1/public_html/projects/newsportal/vendor/laravel/framework/src/Illuminate/Foundation/Exceptions/Handler.php(289): Illuminate\\Foundation\\Exceptions\\Handler->renderHttpException(Object(Symfony\\Component\\HttpKernel\\Exception\\HttpException))
#13 /home/customs1/public_html/projects/newsportal/vendor/laravel/framework/src/Illuminate/Foundation/Exceptions/Handler.php(188): Illuminate\\Foundation\\Exceptions\\Handler->prepareResponse(Object(Illuminate\\Http\\Request), Object(Symfony\\Component\\HttpKernel\\Exception\\HttpException))
#14 /home/customs1/public_html/projects/newsportal/app/Exceptions/Handler.php(49): Illuminate\\Foundation\\Exceptions\\Handler->render(Object(Illuminate\\Http\\Request), Object(ErrorException))
#15 /home/customs1/public_html/projects/newsportal/vendor/laravel/framework/src/Illuminate/Foundation/Http/Kernel.php(326): App\\Exceptions\\Handler->render(Object(Illuminate\\Http\\Request), Object(ErrorException))
#16 /home/customs1/public_html/projects/newsportal/vendor/laravel/framework/src/Illuminate/Foundation/Http/Kernel.php(120): Illuminate\\Foundation\\Http\\Kernel->renderException(Object(Illuminate\\Http\\Request), Object(ErrorException))
#17 /home/customs1/public_html/projects/newsportal/public/index.php(55): Illuminate\\Foundation\\Http\\Kernel->handle(Object(Illuminate\\Http\\Request))
#18 {main}
"} 
[2021-07-19 18:53:39] local.ERROR: Uncaught ErrorException: file_put_contents(A:\laragon\www\newsportal\storage\framework\views/586248950626724bb1f966444695ee13b153f512.php): failed to open stream: No such file or directory in /home/customs1/public_html/projects/newsportal/vendor/laravel/framework/src/Illuminate/Filesystem/Filesystem.php:122
Stack trace:
#0 [internal function]: Illuminate\Foundation\Bootstrap\HandleExceptions->handleError(2, 'file_put_conten...', '/home/customs1/...', 122, Array)
#1 /home/customs1/public_html/projects/newsportal/vendor/laravel/framework/src/Illuminate/Filesystem/Filesystem.php(122): file_put_contents('A:\\laragon\\www\\...', '<?php $__env->s...', 0)
#2 /home/customs1/public_html/projects/newsportal/vendor/laravel/framework/src/Illuminate/View/Compilers/BladeCompiler.php(122): Illuminate\Filesystem\Filesystem->put('A:\\laragon\\www\\...', '<?php $__env->s...')
#3 /home/customs1/public_html/projects/newsportal/vendor/laravel/framework/src/Illuminate/View/Engines/CompilerEngine.php(51): Illuminate\View\Compilers\ {"exception":"[object] (Symfony\\Component\\Debug\\Exception\\FatalErrorException(code: 1): Uncaught ErrorException: file_put_contents(A:\\laragon\\www\
ewsportal\\storage\\framework\\views/586248950626724bb1f966444695ee13b153f512.php): failed to open stream: No such file or directory in /home/customs1/public_html/projects/newsportal/vendor/laravel/framework/src/Illuminate/Filesystem/Filesystem.php:122
Stack trace:
#0 [internal function]: Illuminate\\Foundation\\Bootstrap\\HandleExceptions->handleError(2, 'file_put_conten...', '/home/customs1/...', 122, Array)
#1 /home/customs1/public_html/projects/newsportal/vendor/laravel/framework/src/Illuminate/Filesystem/Filesystem.php(122): file_put_contents('A:\\\\laragon\\\\www\\\\...', '<?php $__env->s...', 0)
#2 /home/customs1/public_html/projects/newsportal/vendor/laravel/framework/src/Illuminate/View/Compilers/BladeCompiler.php(122): Illuminate\\Filesystem\\Filesystem->put('A:\\\\laragon\\\\www\\\\...', '<?php $__env->s...')
#3 /home/customs1/public_html/projects/newsportal/vendor/laravel/framework/src/Illuminate/View/Engines/CompilerEngine.php(51): Illuminate\\View\\Compilers\\ at /home/customs1/public_html/projects/newsportal/vendor/laravel/framework/src/Illuminate/Filesystem/Filesystem.php:122)
[stacktrace]
#0 {main}
"} 
[2021-07-19 18:53:47] local.ERROR: SQLSTATE[HY000] [1045] Access denied for user 'root'@'localhost' (using password: NO) (SQL: select * from `set_as` where `set_as` in (lead_news_1, lead_news_2, lead_news_3) order by `set_as` asc) {"exception":"[object] (Illuminate\\Database\\QueryException(code: 1045): SQLSTATE[HY000] [1045] Access denied for user 'root'@'localhost' (using password: NO) (SQL: select * from `set_as` where `set_as` in (lead_news_1, lead_news_2, lead_news_3) order by `set_as` asc) at /home/customs1/public_html/projects/newsportal/vendor/laravel/framework/src/Illuminate/Database/Connection.php:664, PDOException(code: 1045): SQLSTATE[HY000] [1045] Access denied for user 'root'@'localhost' (using password: NO) at /home/customs1/public_html/projects/newsportal/vendor/laravel/framework/src/Illuminate/Database/Connectors/Connector.php:70)
[stacktrace]
#0 /home/customs1/public_html/projects/newsportal/vendor/laravel/framework/src/Illuminate/Database/Connection.php(624): Illuminate\\Database\\Connection->runQueryCallback('select * from `...', Array, Object(Closure))
#1 /home/customs1/public_html/projects/newsportal/vendor/laravel/framework/src/Illuminate/Database/Connection.php(333): Illuminate\\Database\\Connection->run('select * from `...', Array, Object(Closure))
#2 /home/customs1/public_html/projects/newsportal/vendor/laravel/framework/src/Illuminate/Database/Query/Builder.php(2095): Illuminate\\Database\\Connection->select('select * from `...', Array, true)
#3 /home/customs1/public_html/projects/newsportal/vendor/laravel/framework/src/Illuminate/Database/Query/Builder.php(2083): Illuminate\\Database\\Query\\Builder->runSelect()
#4 /home/customs1/public_html/projects/newsportal/vendor/laravel/framework/src/Illuminate/Database/Query/Builder.php(2569): Illuminate\\Database\\Query\\Builder->Illuminate\\Database\\Query\\{closure}()
#5 /home/customs1/public_html/projects/newsportal/vendor/laravel/framework/src/Illuminate/Database/Query/Builder.php(2084): Illuminate\\Database\\Query\\Builder->onceWithColumns(Array, Object(Closure))
#6 /home/customs1/public_html/projects/newsportal/vendor/laravel/framework/src/Illuminate/Database/Eloquent/Builder.php(519): Illuminate\\Database\\Query\\Builder->get(Array)
#7 /home/customs1/public_html/projects/newsportal/vendor/laravel/framework/src/Illuminate/Database/Eloquent/Builder.php(503): Illuminate\\Database\\Eloquent\\Builder->getModels(Array)
#8 /home/customs1/public_html/projects/newsportal/app/Http/Controllers/sksController.php(23): Illuminate\\Database\\Eloquent\\Builder->get()
#9 [internal function]: App\\Http\\Controllers\\sksController->index()
#10 /home/customs1/public_html/projects/newsportal/vendor/laravel/framework/src/Illuminate/Routing/Controller.php(54): call_user_func_array(Array, Array)
#11 /home/customs1/public_html/projects/newsportal/vendor/laravel/framework/src/Illuminate/Routing/ControllerDispatcher.php(45): Illuminate\\Routing\\Controller->callAction('index', Array)
#12 /home/customs1/public_html/projects/newsportal/vendor/laravel/framework/src/Illuminate/Routing/Route.php(219): Illuminate\\Routing\\ControllerDispatcher->dispatch(Object(Illuminate\\Routing\\Route), Object(App\\Http\\Controllers\\sksController), 'index')
#13 /home/customs1/public_html/projects/newsportal/vendor/laravel/framework/src/Illuminate/Routing/Route.php(176): Illuminate\\Routing\\Route->runController()
#14 /home/customs1/public_html/projects/newsportal/vendor/laravel/framework/src/Illuminate/Routing/Router.php(682): Illuminate\\Routing\\Route->run()
#15 /home/customs1/public_html/projects/newsportal/vendor/laravel/framework/src/Illuminate/Routing/Pipeline.php(30): Illuminate\\Routing\\Router->Illuminate\\Routing\\{closure}(Object(Illuminate\\Http\\Request))
#16 /home/customs1/public_html/projects/newsportal/vendor/laravel/framework/src/Illuminate/Routing/Middleware/SubstituteBindings.php(41): Illuminate\\Routing\\Pipeline->Illuminate\\Routing\\{closure}(Object(Illuminate\\Http\\Request))
#17 /home/customs1/public_html/projects/newsportal/vendor/laravel/framework/src/Illuminate/Pipeline/Pipeline.php(163): Illuminate\\Routing\\Middleware\\SubstituteBindings->handle(Object(Illuminate\\Http\\Request), Object(Closure))
#18 /home/customs1/public_html/projects/newsportal/vendor/laravel/framework/src/Illuminate/Routing/Pipeline.php(53): Illuminate\\Pipeline\\Pipeline->Illuminate\\Pipeline\\{closure}(Object(Illuminate\\Http\\Request))
#19 /home/customs1/public_html/projects/newsportal/vendor/laravel/framework/src/Illuminate/Foundation/Http/Middleware/VerifyCsrfToken.php(75): Illuminate\\Routing\\Pipeline->Illuminate\\Routing\\{closure}(Object(Illuminate\\Http\\Request))
#20 /home/customs1/public_html/projects/newsportal/vendor/laravel/framework/src/Illuminate/Pipeline/Pipeline.php(163): Illuminate\\Foundation\\Http\\Middleware\\VerifyCsrfToken->handle(Object(Illuminate\\Http\\Request), Object(Closure))
#21 /home/customs1/public_html/projects/newsportal/vendor/laravel/framework/src/Illuminate/Routing/Pipeline.php(53): Illuminate\\Pipeline\\Pipeline->Illuminate\\Pipeline\\{closure}(Object(Illuminate\\Http\\Request))
#22 /home/customs1/public_html/projects/newsportal/vendor/laravel/framework/src/Illuminate/View/Middleware/ShareErrorsFromSession.php(49): Illuminate\\Routing\\Pipeline->Illuminate\\Routing\\{closure}(Object(Illuminate\\Http\\Request))
#23 /home/customs1/public_html/projects/newsportal/vendor/laravel/framework/src/Illuminate/Pipeline/Pipeline.php(163): Illuminate\\View\\Middleware\\ShareErrorsFromSession->handle(Object(Illuminate\\Http\\Request), Object(Closure))
#24 /home/customs1/public_html/projects/newsportal/vendor/laravel/framework/src/Illuminate/Routing/Pipeline.php(53): Illuminate\\Pipeline\\Pipeline->Illuminate\\Pipeline\\{closure}(Object(Illuminate\\Http\\Request))
#25 /home/customs1/public_html/projects/newsportal/vendor/laravel/framework/src/Illuminate/Session/Middleware/StartSession.php(63): Illuminate\\Routing\\Pipeline->Illuminate\\Routing\\{closure}(Object(Illuminate\\Http\\Request))
#26 /home/customs1/public_html/projects/newsportal/vendor/laravel/framework/src/Illuminate/Pipeline/Pipeline.php(163): Illuminate\\Session\\Middleware\\StartSession->handle(Object(Illuminate\\Http\\Request), Object(Closure))
#27 /home/customs1/public_html/projects/newsportal/vendor/laravel/framework/src/Illuminate/Routing/Pipeline.php(53): Illuminate\\Pipeline\\Pipeline->Illuminate\\Pipeline\\{closure}(Object(Illuminate\\Http\\Request))
#28 /home/customs1/public_html/projects/newsportal/vendor/laravel/framework/src/Illuminate/Cookie/Middleware/AddQueuedCookiesToResponse.php(37): Illuminate\\Routing\\Pipeline->Illuminate\\Routing\\{closure}(Object(Illuminate\\Http\\Request))
#29 /home/customs1/public_html/projects/newsportal/vendor/laravel/framework/src/Illuminate/Pipeline/Pipeline.php(163): Illuminate\\Cookie\\Middleware\\AddQueuedCookiesToResponse->handle(Object(Illuminate\\Http\\Request), Object(Closure))
#30 /home/customs1/public_html/projects/newsportal/vendor/laravel/framework/src/Illuminate/Routing/Pipeline.php(53): Illuminate\\Pipeline\\Pipeline->Illuminate\\Pipeline\\{closure}(Object(Illuminate\\Http\\Request))
#31 /home/customs1/public_html/projects/newsportal/vendor/laravel/framework/src/Illuminate/Cookie/Middleware/EncryptCookies.php(66): Illuminate\\Routing\\Pipeline->Illuminate\\Routing\\{closure}(Object(Illuminate\\Http\\Request))
#32 /home/customs1/public_html/projects/newsportal/vendor/laravel/framework/src/Illuminate/Pipeline/Pipeline.php(163): Illuminate\\Cookie\\Middleware\\EncryptCookies->handle(Object(Illuminate\\Http\\Request), Object(Closure))
#33 /home/customs1/public_html/projects/newsportal/vendor/laravel/framework/src/Illuminate/Routing/Pipeline.php(53): Illuminate\\Pipeline\\Pipeline->Illuminate\\Pipeline\\{closure}(Object(Illuminate\\Http\\Request))
#34 /home/customs1/public_html/projects/newsportal/vendor/laravel/framework/src/Illuminate/Pipeline/Pipeline.php(104): Illuminate\\Routing\\Pipeline->Illuminate\\Routing\\{closure}(Object(Illuminate\\Http\\Request))
#35 /home/customs1/public_html/projects/newsportal/vendor/laravel/framework/src/Illuminate/Routing/Router.php(684): Illuminate\\Pipeline\\Pipeline->then(Object(Closure))
#36 /home/customs1/public_html/projects/newsportal/vendor/laravel/framework/src/Illuminate/Routing/Router.php(659): Illuminate\\Routing\\Router->runRouteWithinStack(Object(Illuminate\\Routing\\Route), Object(Illuminate\\Http\\Request))
#37 /home/customs1/public_html/projects/newsportal/vendor/laravel/framework/src/Illuminate/Routing/Router.php(625): Illuminate\\Routing\\Router->runRoute(Object(Illuminate\\Http\\Request), Object(Illuminate\\Routing\\Route))
#38 /home/customs1/public_html/projects/newsportal/vendor/laravel/framework/src/Illuminate/Routing/Router.php(614): Illuminate\\Routing\\Router->dispatchToRoute(Object(Illuminate\\Http\\Request))
#39 /home/customs1/public_html/projects/newsportal/vendor/laravel/framework/src/Illuminate/Foundation/Http/Kernel.php(176): Illuminate\\Routing\\Router->dispatch(Object(Illuminate\\Http\\Request))
#40 /home/customs1/public_html/projects/newsportal/vendor/laravel/framework/src/Illuminate/Routing/Pipeline.php(30): Illuminate\\Foundation\\Http\\Kernel->Illuminate\\Foundation\\Http\\{closure}(Object(Illuminate\\Http\\Request))
#41 /home/customs1/public_html/projects/newsportal/vendor/barryvdh/laravel-debugbar/src/Middleware/InjectDebugbar.php(58): Illuminate\\Routing\\Pipeline->Illuminate\\Routing\\{closure}(Object(Illuminate\\Http\\Request))
#42 /home/customs1/public_html/projects/newsportal/vendor/laravel/framework/src/Illuminate/Pipeline/Pipeline.php(163): Barryvdh\\Debugbar\\Middleware\\InjectDebugbar->handle(Object(Illuminate\\Http\\Request), Object(Closure))
#43 /home/customs1/public_html/projects/newsportal/vendor/laravel/framework/src/Illuminate/Routing/Pipeline.php(53): Illuminate\\Pipeline\\Pipeline->Illuminate\\Pipeline\\{closure}(Object(Illuminate\\Http\\Request))
#44 /home/customs1/public_html/projects/newsportal/vendor/fideloper/proxy/src/TrustProxies.php(57): Illuminate\\Routing\\Pipeline->Illuminate\\Routing\\{closure}(Object(Illuminate\\Http\\Request))
#45 /home/customs1/public_html/projects/newsportal/vendor/laravel/framework/src/Illuminate/Pipeline/Pipeline.php(163): Fideloper\\Proxy\\TrustProxies->handle(Object(Illuminate\\Http\\Request), Object(Closure))
#46 /home/customs1/public_html/projects/newsportal/vendor/laravel/framework/src/Illuminate/Routing/Pipeline.php(53): Illuminate\\Pipeline\\Pipeline->Illuminate\\Pipeline\\{closure}(Object(Illuminate\\Http\\Request))
#47 /home/customs1/public_html/projects/newsportal/vendor/laravel/framework/src/Illuminate/Foundation/Http/Middleware/TransformsRequest.php(31): Illuminate\\Routing\\Pipeline->Illuminate\\Routing\\{closure}(Object(Illuminate\\Http\\Request))
#48 /home/customs1/public_html/projects/newsportal/vendor/laravel/framework/src/Illuminate/Pipeline/Pipeline.php(163): Illuminate\\Foundation\\Http\\Middleware\\TransformsRequest->handle(Object(Illuminate\\Http\\Request), Object(Closure))
#49 /home/customs1/public_html/projects/newsportal/vendor/laravel/framework/src/Illuminate/Routing/Pipeline.php(53): Illuminate\\Pipeline\\Pipeline->Illuminate\\Pipeline\\{closure}(Object(Illuminate\\Http\\Request))
#50 /home/customs1/public_html/projects/newsportal/vendor/laravel/framework/src/Illuminate/Foundation/Http/Middleware/TransformsRequest.php(31): Illuminate\\Routing\\Pipeline->Illuminate\\Routing\\{closure}(Object(Illuminate\\Http\\Request))
#51 /home/customs1/public_html/projects/newsportal/vendor/laravel/framework/src/Illuminate/Pipeline/Pipeline.php(163): Illuminate\\Foundation\\Http\\Middleware\\TransformsRequest->handle(Object(Illuminate\\Http\\Request), Object(Closure))
#52 /home/customs1/public_html/projects/newsportal/vendor/laravel/framework/src/Illuminate/Routing/Pipeline.php(53): Illuminate\\Pipeline\\Pipeline->Illuminate\\Pipeline\\{closure}(Object(Illuminate\\Http\\Request))
#53 /home/customs1/public_html/projects/newsportal/vendor/laravel/framework/src/Illuminate/Foundation/Http/Middleware/ValidatePostSize.php(27): Illuminate\\Routing\\Pipeline->Illuminate\\Routing\\{closure}(Object(Illuminate\\Http\\Request))
#54 /home/customs1/public_html/projects/newsportal/vendor/laravel/framework/src/Illuminate/Pipeline/Pipeline.php(163): Illuminate\\Foundation\\Http\\Middleware\\ValidatePostSize->handle(Object(Illuminate\\Http\\Request), Object(Closure))
#55 /home/customs1/public_html/projects/newsportal/vendor/laravel/framework/src/Illuminate/Routing/Pipeline.php(53): Illuminate\\Pipeline\\Pipeline->Illuminate\\Pipeline\\{closure}(Object(Illuminate\\Http\\Request))
#56 /home/customs1/public_html/projects/newsportal/vendor/laravel/framework/src/Illuminate/Foundation/Http/Middleware/CheckForMaintenanceMode.php(62): Illuminate\\Routing\\Pipeline->Illuminate\\Routing\\{closure}(Object(Illuminate\\Http\\Request))
#57 /home/customs1/public_html/projects/newsportal/vendor/laravel/framework/src/Illuminate/Pipeline/Pipeline.php(163): Illuminate\\Foundation\\Http\\Middleware\\CheckForMaintenanceMode->handle(Object(Illuminate\\Http\\Request), Object(Closure))
#58 /home/customs1/public_html/projects/newsportal/vendor/laravel/framework/src/Illuminate/Routing/Pipeline.php(53): Illuminate\\Pipeline\\Pipeline->Illuminate\\Pipeline\\{closure}(Object(Illuminate\\Http\\Request))
#59 /home/customs1/public_html/projects/newsportal/vendor/laravel/framework/src/Illuminate/Pipeline/Pipeline.php(104): Illuminate\\Routing\\Pipeline->Illuminate\\Routing\\{closure}(Object(Illuminate\\Http\\Request))
#60 /home/customs1/public_html/projects/newsportal/vendor/laravel/framework/src/Illuminate/Foundation/Http/Kernel.php(151): Illuminate\\Pipeline\\Pipeline->then(Object(Closure))
#61 /home/customs1/public_html/projects/newsportal/vendor/laravel/framework/src/Illuminate/Foundation/Http/Kernel.php(116): Illuminate\\Foundation\\Http\\Kernel->sendRequestThroughRouter(Object(Illuminate\\Http\\Request))
#62 /home/customs1/public_html/projects/newsportal/public/index.php(55): Illuminate\\Foundation\\Http\\Kernel->handle(Object(Illuminate\\Http\\Request))
#63 {main}
"} 
[2021-07-19 18:53:47] local.ERROR: file_put_contents(A:\laragon\www\newsportal\storage\framework\views/586248950626724bb1f966444695ee13b153f512.php): failed to open stream: No such file or directory {"exception":"[object] (ErrorException(code: 0): file_put_contents(A:\\laragon\\www\
ewsportal\\storage\\framework\\views/586248950626724bb1f966444695ee13b153f512.php): failed to open stream: No such file or directory at /home/customs1/public_html/projects/newsportal/vendor/laravel/framework/src/Illuminate/Filesystem/Filesystem.php:122)
[stacktrace]
#0 [internal function]: Illuminate\\Foundation\\Bootstrap\\HandleExceptions->handleError(2, 'file_put_conten...', '/home/customs1/...', 122, Array)
#1 /home/customs1/public_html/projects/newsportal/vendor/laravel/framework/src/Illuminate/Filesystem/Filesystem.php(122): file_put_contents('A:\\\\laragon\\\\www\\\\...', '<?php $__env->s...', 0)
#2 /home/customs1/public_html/projects/newsportal/vendor/laravel/framework/src/Illuminate/View/Compilers/BladeCompiler.php(122): Illuminate\\Filesystem\\Filesystem->put('A:\\\\laragon\\\\www\\\\...', '<?php $__env->s...')
#3 /home/customs1/public_html/projects/newsportal/vendor/laravel/framework/src/Illuminate/View/Engines/CompilerEngine.php(51): Illuminate\\View\\Compilers\\BladeCompiler->compile('/home/customs1/...')
#4 /home/customs1/public_html/projects/newsportal/vendor/laravel/framework/src/Illuminate/View/View.php(142): Illuminate\\View\\Engines\\CompilerEngine->get('/home/customs1/...', Array)
#5 /home/customs1/public_html/projects/newsportal/vendor/laravel/framework/src/Illuminate/View/View.php(125): Illuminate\\View\\View->getContents()
#6 /home/customs1/public_html/projects/newsportal/vendor/laravel/framework/src/Illuminate/View/View.php(90): Illuminate\\View\\View->renderContents()
#7 /home/customs1/public_html/projects/newsportal/vendor/laravel/framework/src/Illuminate/Http/Response.php(42): Illuminate\\View\\View->render()
#8 /home/customs1/public_html/projects/newsportal/vendor/symfony/http-foundation/Response.php(205): Illuminate\\Http\\Response->setContent(Object(Illuminate\\View\\View))
#9 /home/customs1/public_html/projects/newsportal/vendor/laravel/framework/src/Illuminate/Routing/ResponseFactory.php(55): Symfony\\Component\\HttpFoundation\\Response->__construct(Object(Illuminate\\View\\View), 500, Array)
#10 /home/customs1/public_html/projects/newsportal/vendor/laravel/framework/src/Illuminate/Routing/ResponseFactory.php(81): Illuminate\\Routing\\ResponseFactory->make(Object(Illuminate\\View\\View), 500, Array)
#11 /home/customs1/public_html/projects/newsportal/vendor/laravel/framework/src/Illuminate/Foundation/Exceptions/Handler.php(380): Illuminate\\Routing\\ResponseFactory->view('errors::500', Array, 500, Array)
#12 /home/customs1/public_html/projects/newsportal/vendor/laravel/framework/src/Illuminate/Foundation/Exceptions/Handler.php(289): Illuminate\\Foundation\\Exceptions\\Handler->renderHttpException(Object(Symfony\\Component\\HttpKernel\\Exception\\HttpException))
#13 /home/customs1/public_html/projects/newsportal/vendor/laravel/framework/src/Illuminate/Foundation/Exceptions/Handler.php(188): Illuminate\\Foundation\\Exceptions\\Handler->prepareResponse(Object(Illuminate\\Http\\Request), Object(Symfony\\Component\\HttpKernel\\Exception\\HttpException))
#14 /home/customs1/public_html/projects/newsportal/app/Exceptions/Handler.php(49): Illuminate\\Foundation\\Exceptions\\Handler->render(Object(Illuminate\\Http\\Request), Object(Illuminate\\Database\\QueryException))
#15 /home/customs1/public_html/projects/newsportal/vendor/laravel/framework/src/Illuminate/Routing/Pipeline.php(83): App\\Exceptions\\Handler->render(Object(Illuminate\\Http\\Request), Object(Illuminate\\Database\\QueryException))
#16 /home/customs1/public_html/projects/newsportal/vendor/laravel/framework/src/Illuminate/Routing/Pipeline.php(32): Illuminate\\Routing\\Pipeline->handleException(Object(Illuminate\\Http\\Request), Object(Illuminate\\Database\\QueryException))
#17 /home/customs1/public_html/projects/newsportal/vendor/laravel/framework/src/Illuminate/Routing/Middleware/SubstituteBindings.php(41): Illuminate\\Routing\\Pipeline->Illuminate\\Routing\\{closure}(Object(Illuminate\\Http\\Request))
#18 /home/customs1/public_html/projects/newsportal/vendor/laravel/framework/src/Illuminate/Pipeline/Pipeline.php(163): Illuminate\\Routing\\Middleware\\SubstituteBindings->handle(Object(Illuminate\\Http\\Request), Object(Closure))
#19 /home/customs1/public_html/projects/newsportal/vendor/laravel/framework/src/Illuminate/Routing/Pipeline.php(53): Illuminate\\Pipeline\\Pipeline->Illuminate\\Pipeline\\{closure}(Object(Illuminate\\Http\\Request))
#20 /home/customs1/public_html/projects/newsportal/vendor/laravel/framework/src/Illuminate/Foundation/Http/Middleware/VerifyCsrfToken.php(75): Illuminate\\Routing\\Pipeline->Illuminate\\Routing\\{closure}(Object(Illuminate\\Http\\Request))
#21 /home/customs1/public_html/projects/newsportal/vendor/laravel/framework/src/Illuminate/Pipeline/Pipeline.php(163): Illuminate\\Foundation\\Http\\Middleware\\VerifyCsrfToken->handle(Object(Illuminate\\Http\\Request), Object(Closure))
#22 /home/customs1/public_html/projects/newsportal/vendor/laravel/framework/src/Illuminate/Routing/Pipeline.php(53): Illuminate\\Pipeline\\Pipeline->Illuminate\\Pipeline\\{closure}(Object(Illuminate\\Http\\Request))
#23 /home/customs1/public_html/projects/newsportal/vendor/laravel/framework/src/Illuminate/View/Middleware/ShareErrorsFromSession.php(49): Illuminate\\Routing\\Pipeline->Illuminate\\Routing\\{closure}(Object(Illuminate\\Http\\Request))
#24 /home/customs1/public_html/projects/newsportal/vendor/laravel/framework/src/Illuminate/Pipeline/Pipeline.php(163): Illuminate\\View\\Middleware\\ShareErrorsFromSession->handle(Object(Illuminate\\Http\\Request), Object(Closure))
#25 /home/customs1/public_html/projects/newsportal/vendor/laravel/framework/src/Illuminate/Routing/Pipeline.php(53): Illuminate\\Pipeline\\Pipeline->Illuminate\\Pipeline\\{closure}(Object(Illuminate\\Http\\Request))
#26 /home/customs1/public_html/projects/newsportal/vendor/laravel/framework/src/Illuminate/Session/Middleware/StartSession.php(63): Illuminate\\Routing\\Pipeline->Illuminate\\Routing\\{closure}(Object(Illuminate\\Http\\Request))
#27 /home/customs1/public_html/projects/newsportal/vendor/laravel/framework/src/Illuminate/Pipeline/Pipeline.php(163): Illuminate\\Session\\Middleware\\StartSession->handle(Object(Illuminate\\Http\\Request), Object(Closure))
#28 /home/customs1/public_html/projects/newsportal/vendor/laravel/framework/src/Illuminate/Routing/Pipeline.php(53): Illuminate\\Pipeline\\Pipeline->Illuminate\\Pipeline\\{closure}(Object(Illuminate\\Http\\Request))
#29 /home/customs1/public_html/projects/newsportal/vendor/laravel/framework/src/Illuminate/Cookie/Middleware/AddQueuedCookiesToResponse.php(37): Illuminate\\Routing\\Pipeline->Illuminate\\Routing\\{closure}(Object(Illuminate\\Http\\Request))
#30 /home/customs1/public_html/projects/newsportal/vendor/laravel/framework/src/Illuminate/Pipeline/Pipeline.php(163): Illuminate\\Cookie\\Middleware\\AddQueuedCookiesToResponse->handle(Object(Illuminate\\Http\\Request), Object(Closure))
#31 /home/customs1/public_html/projects/newsportal/vendor/laravel/framework/src/Illuminate/Routing/Pipeline.php(53): Illuminate\\Pipeline\\Pipeline->Illuminate\\Pipeline\\{closure}(Object(Illuminate\\Http\\Request))
#32 /home/customs1/public_html/projects/newsportal/vendor/laravel/framework/src/Illuminate/Cookie/Middleware/EncryptCookies.php(66): Illuminate\\Routing\\Pipeline->Illuminate\\Routing\\{closure}(Object(Illuminate\\Http\\Request))
#33 /home/customs1/public_html/projects/newsportal/vendor/laravel/framework/src/Illuminate/Pipeline/Pipeline.php(163): Illuminate\\Cookie\\Middleware\\EncryptCookies->handle(Object(Illuminate\\Http\\Request), Object(Closure))
#34 /home/customs1/public_html/projects/newsportal/vendor/laravel/framework/src/Illuminate/Routing/Pipeline.php(53): Illuminate\\Pipeline\\Pipeline->Illuminate\\Pipeline\\{closure}(Object(Illuminate\\Http\\Request))
#35 /home/customs1/public_html/projects/newsportal/vendor/laravel/framework/src/Illuminate/Pipeline/Pipeline.php(104): Illuminate\\Routing\\Pipeline->Illuminate\\Routing\\{closure}(Object(Illuminate\\Http\\Request))
#36 /home/customs1/public_html/projects/newsportal/vendor/laravel/framework/src/Illuminate/Routing/Router.php(684): Illuminate\\Pipeline\\Pipeline->then(Object(Closure))
#37 /home/customs1/public_html/projects/newsportal/vendor/laravel/framework/src/Illuminate/Routing/Router.php(659): Illuminate\\Routing\\Router->runRouteWithinStack(Object(Illuminate\\Routing\\Route), Object(Illuminate\\Http\\Request))
#38 /home/customs1/public_html/projects/newsportal/vendor/laravel/framework/src/Illuminate/Routing/Router.php(625): Illuminate\\Routing\\Router->runRoute(Object(Illuminate\\Http\\Request), Object(Illuminate\\Routing\\Route))
#39 /home/customs1/public_html/projects/newsportal/vendor/laravel/framework/src/Illuminate/Routing/Router.php(614): Illuminate\\Routing\\Router->dispatchToRoute(Object(Illuminate\\Http\\Request))
#40 /home/customs1/public_html/projects/newsportal/vendor/laravel/framework/src/Illuminate/Foundation/Http/Kernel.php(176): Illuminate\\Routing\\Router->dispatch(Object(Illuminate\\Http\\Request))
#41 /home/customs1/public_html/projects/newsportal/vendor/laravel/framework/src/Illuminate/Routing/Pipeline.php(30): Illuminate\\Foundation\\Http\\Kernel->Illuminate\\Foundation\\Http\\{closure}(Object(Illuminate\\Http\\Request))
#42 /home/customs1/public_html/projects/newsportal/vendor/barryvdh/laravel-debugbar/src/Middleware/InjectDebugbar.php(58): Illuminate\\Routing\\Pipeline->Illuminate\\Routing\\{closure}(Object(Illuminate\\Http\\Request))
#43 /home/customs1/public_html/projects/newsportal/vendor/laravel/framework/src/Illuminate/Pipeline/Pipeline.php(163): Barryvdh\\Debugbar\\Middleware\\InjectDebugbar->handle(Object(Illuminate\\Http\\Request), Object(Closure))
#44 /home/customs1/public_html/projects/newsportal/vendor/laravel/framework/src/Illuminate/Routing/Pipeline.php(53): Illuminate\\Pipeline\\Pipeline->Illuminate\\Pipeline\\{closure}(Object(Illuminate\\Http\\Request))
#45 /home/customs1/public_html/projects/newsportal/vendor/fideloper/proxy/src/TrustProxies.php(57): Illuminate\\Routing\\Pipeline->Illuminate\\Routing\\{closure}(Object(Illuminate\\Http\\Request))
#46 /home/customs1/public_html/projects/newsportal/vendor/laravel/framework/src/Illuminate/Pipeline/Pipeline.php(163): Fideloper\\Proxy\\TrustProxies->handle(Object(Illuminate\\Http\\Request), Object(Closure))
#47 /home/customs1/public_html/projects/newsportal/vendor/laravel/framework/src/Illuminate/Routing/Pipeline.php(53): Illuminate\\Pipeline\\Pipeline->Illuminate\\Pipeline\\{closure}(Object(Illuminate\\Http\\Request))
#48 /home/customs1/public_html/projects/newsportal/vendor/laravel/framework/src/Illuminate/Foundation/Http/Middleware/TransformsRequest.php(31): Illuminate\\Routing\\Pipeline->Illuminate\\Routing\\{closure}(Object(Illuminate\\Http\\Request))
#49 /home/customs1/public_html/projects/newsportal/vendor/laravel/framework/src/Illuminate/Pipeline/Pipeline.php(163): Illuminate\\Foundation\\Http\\Middleware\\TransformsRequest->handle(Object(Illuminate\\Http\\Request), Object(Closure))
#50 /home/customs1/public_html/projects/newsportal/vendor/laravel/framework/src/Illuminate/Routing/Pipeline.php(53): Illuminate\\Pipeline\\Pipeline->Illuminate\\Pipeline\\{closure}(Object(Illuminate\\Http\\Request))
#51 /home/customs1/public_html/projects/newsportal/vendor/laravel/framework/src/Illuminate/Foundation/Http/Middleware/TransformsRequest.php(31): Illuminate\\Routing\\Pipeline->Illuminate\\Routing\\{closure}(Object(Illuminate\\Http\\Request))
#52 /home/customs1/public_html/projects/newsportal/vendor/laravel/framework/src/Illuminate/Pipeline/Pipeline.php(163): Illuminate\\Foundation\\Http\\Middleware\\TransformsRequest->handle(Object(Illuminate\\Http\\Request), Object(Closure))
#53 /home/customs1/public_html/projects/newsportal/vendor/laravel/framework/src/Illuminate/Routing/Pipeline.php(53): Illuminate\\Pipeline\\Pipeline->Illuminate\\Pipeline\\{closure}(Object(Illuminate\\Http\\Request))
#54 /home/customs1/public_html/projects/newsportal/vendor/laravel/framework/src/Illuminate/Foundation/Http/Middleware/ValidatePostSize.php(27): Illuminate\\Routing\\Pipeline->Illuminate\\Routing\\{closure}(Object(Illuminate\\Http\\Request))
#55 /home/customs1/public_html/projects/newsportal/vendor/laravel/framework/src/Illuminate/Pipeline/Pipeline.php(163): Illuminate\\Foundation\\Http\\Middleware\\ValidatePostSize->handle(Object(Illuminate\\Http\\Request), Object(Closure))
#56 /home/customs1/public_html/projects/newsportal/vendor/laravel/framework/src/Illuminate/Routing/Pipeline.php(53): Illuminate\\Pipeline\\Pipeline->Illuminate\\Pipeline\\{closure}(Object(Illuminate\\Http\\Request))
#57 /home/customs1/public_html/projects/newsportal/vendor/laravel/framework/src/Illuminate/Foundation/Http/Middleware/CheckForMaintenanceMode.php(62): Illuminate\\Routing\\Pipeline->Illuminate\\Routing\\{closure}(Object(Illuminate\\Http\\Request))
#58 /home/customs1/public_html/projects/newsportal/vendor/laravel/framework/src/Illuminate/Pipeline/Pipeline.php(163): Illuminate\\Foundation\\Http\\Middleware\\CheckForMaintenanceMode->handle(Object(Illuminate\\Http\\Request), Object(Closure))
#59 /home/customs1/public_html/projects/newsportal/vendor/laravel/framework/src/Illuminate/Routing/Pipeline.php(53): Illuminate\\Pipeline\\Pipeline->Illuminate\\Pipeline\\{closure}(Object(Illuminate\\Http\\Request))
#60 /home/customs1/public_html/projects/newsportal/vendor/laravel/framework/src/Illuminate/Pipeline/Pipeline.php(104): Illuminate\\Routing\\Pipeline->Illuminate\\Routing\\{closure}(Object(Illuminate\\Http\\Request))
#61 /home/customs1/public_html/projects/newsportal/vendor/laravel/framework/src/Illuminate/Foundation/Http/Kernel.php(151): Illuminate\\Pipeline\\Pipeline->then(Object(Closure))
#62 /home/customs1/public_html/projects/newsportal/vendor/laravel/framework/src/Illuminate/Foundation/Http/Kernel.php(116): Illuminate\\Foundation\\Http\\Kernel->sendRequestThroughRouter(Object(Illuminate\\Http\\Request))
#63 /home/customs1/public_html/projects/newsportal/public/index.php(55): Illuminate\\Foundation\\Http\\Kernel->handle(Object(Illuminate\\Http\\Request))
#64 {main}
"} 
[2021-07-19 18:53:47] local.ERROR: file_put_contents(A:\laragon\www\newsportal\storage\framework\views/586248950626724bb1f966444695ee13b153f512.php): failed to open stream: No such file or directory {"exception":"[object] (ErrorException(code: 0): file_put_contents(A:\\laragon\\www\
ewsportal\\storage\\framework\\views/586248950626724bb1f966444695ee13b153f512.php): failed to open stream: No such file or directory at /home/customs1/public_html/projects/newsportal/vendor/laravel/framework/src/Illuminate/Filesystem/Filesystem.php:122)
[stacktrace]
#0 [internal function]: Illuminate\\Foundation\\Bootstrap\\HandleExceptions->handleError(2, 'file_put_conten...', '/home/customs1/...', 122, Array)
#1 /home/customs1/public_html/projects/newsportal/vendor/laravel/framework/src/Illuminate/Filesystem/Filesystem.php(122): file_put_contents('A:\\\\laragon\\\\www\\\\...', '<?php $__env->s...', 0)
#2 /home/customs1/public_html/projects/newsportal/vendor/laravel/framework/src/Illuminate/View/Compilers/BladeCompiler.php(122): Illuminate\\Filesystem\\Filesystem->put('A:\\\\laragon\\\\www\\\\...', '<?php $__env->s...')
#3 /home/customs1/public_html/projects/newsportal/vendor/laravel/framework/src/Illuminate/View/Engines/CompilerEngine.php(51): Illuminate\\View\\Compilers\\BladeCompiler->compile('/home/customs1/...')
#4 /home/customs1/public_html/projects/newsportal/vendor/laravel/framework/src/Illuminate/View/View.php(142): Illuminate\\View\\Engines\\CompilerEngine->get('/home/customs1/...', Array)
#5 /home/customs1/public_html/projects/newsportal/vendor/laravel/framework/src/Illuminate/View/View.php(125): Illuminate\\View\\View->getContents()
#6 /home/customs1/public_html/projects/newsportal/vendor/laravel/framework/src/Illuminate/View/View.php(90): Illuminate\\View\\View->renderContents()
#7 /home/customs1/public_html/projects/newsportal/vendor/laravel/framework/src/Illuminate/Http/Response.php(42): Illuminate\\View\\View->render()
#8 /home/customs1/public_html/projects/newsportal/vendor/symfony/http-foundation/Response.php(205): Illuminate\\Http\\Response->setContent(Object(Illuminate\\View\\View))
#9 /home/customs1/public_html/projects/newsportal/vendor/laravel/framework/src/Illuminate/Routing/ResponseFactory.php(55): Symfony\\Component\\HttpFoundation\\Response->__construct(Object(Illuminate\\View\\View), 500, Array)
#10 /home/customs1/public_html/projects/newsportal/vendor/laravel/framework/src/Illuminate/Routing/ResponseFactory.php(81): Illuminate\\Routing\\ResponseFactory->make(Object(Illuminate\\View\\View), 500, Array)
#11 /home/customs1/public_html/projects/newsportal/vendor/laravel/framework/src/Illuminate/Foundation/Exceptions/Handler.php(380): Illuminate\\Routing\\ResponseFactory->view('errors::500', Array, 500, Array)
#12 /home/customs1/public_html/projects/newsportal/vendor/laravel/framework/src/Illuminate/Foundation/Exceptions/Handler.php(289): Illuminate\\Foundation\\Exceptions\\Handler->renderHttpException(Object(Symfony\\Component\\HttpKernel\\Exception\\HttpException))
#13 /home/customs1/public_html/projects/newsportal/vendor/laravel/framework/src/Illuminate/Foundation/Exceptions/Handler.php(188): Illuminate\\Foundation\\Exceptions\\Handler->prepareResponse(Object(Illuminate\\Http\\Request), Object(Symfony\\Component\\HttpKernel\\Exception\\HttpException))
#14 /home/customs1/public_html/projects/newsportal/app/Exceptions/Handler.php(49): Illuminate\\Foundation\\Exceptions\\Handler->render(Object(Illuminate\\Http\\Request), Object(ErrorException))
#15 /home/customs1/public_html/projects/newsportal/vendor/laravel/framework/src/Illuminate/Routing/Pipeline.php(83): App\\Exceptions\\Handler->render(Object(Illuminate\\Http\\Request), Object(ErrorException))
#16 /home/customs1/public_html/projects/newsportal/vendor/laravel/framework/src/Illuminate/Routing/Pipeline.php(55): Illuminate\\Routing\\Pipeline->handleException(Object(Illuminate\\Http\\Request), Object(ErrorException))
#17 /home/customs1/public_html/projects/newsportal/vendor/laravel/framework/src/Illuminate/Foundation/Http/Middleware/VerifyCsrfToken.php(75): Illuminate\\Routing\\Pipeline->Illuminate\\Routing\\{closure}(Object(Illuminate\\Http\\Request))
#18 /home/customs1/public_html/projects/newsportal/vendor/laravel/framework/src/Illuminate/Pipeline/Pipeline.php(163): Illuminate\\Foundation\\Http\\Middleware\\VerifyCsrfToken->handle(Object(Illuminate\\Http\\Request), Object(Closure))
#19 /home/customs1/public_html/projects/newsportal/vendor/laravel/framework/src/Illuminate/Routing/Pipeline.php(53): Illuminate\\Pipeline\\Pipeline->Illuminate\\Pipeline\\{closure}(Object(Illuminate\\Http\\Request))
#20 /home/customs1/public_html/projects/newsportal/vendor/laravel/framework/src/Illuminate/View/Middleware/ShareErrorsFromSession.php(49): Illuminate\\Routing\\Pipeline->Illuminate\\Routing\\{closure}(Object(Illuminate\\Http\\Request))
#21 /home/customs1/public_html/projects/newsportal/vendor/laravel/framework/src/Illuminate/Pipeline/Pipeline.php(163): Illuminate\\View\\Middleware\\ShareErrorsFromSession->handle(Object(Illuminate\\Http\\Request), Object(Closure))
#22 /home/customs1/public_html/projects/newsportal/vendor/laravel/framework/src/Illuminate/Routing/Pipeline.php(53): Illuminate\\Pipeline\\Pipeline->Illuminate\\Pipeline\\{closure}(Object(Illuminate\\Http\\Request))
#23 /home/customs1/public_html/projects/newsportal/vendor/laravel/framework/src/Illuminate/Session/Middleware/StartSession.php(63): Illuminate\\Routing\\Pipeline->Illuminate\\Routing\\{closure}(Object(Illuminate\\Http\\Request))
#24 /home/customs1/public_html/projects/newsportal/vendor/laravel/framework/src/Illuminate/Pipeline/Pipeline.php(163): Illuminate\\Session\\Middleware\\StartSession->handle(Object(Illuminate\\Http\\Request), Object(Closure))
#25 /home/customs1/public_html/projects/newsportal/vendor/laravel/framework/src/Illuminate/Routing/Pipeline.php(53): Illuminate\\Pipeline\\Pipeline->Illuminate\\Pipeline\\{closure}(Object(Illuminate\\Http\\Request))
#26 /home/customs1/public_html/projects/newsportal/vendor/laravel/framework/src/Illuminate/Cookie/Middleware/AddQueuedCookiesToResponse.php(37): Illuminate\\Routing\\Pipeline->Illuminate\\Routing\\{closure}(Object(Illuminate\\Http\\Request))
#27 /home/customs1/public_html/projects/newsportal/vendor/laravel/framework/src/Illuminate/Pipeline/Pipeline.php(163): Illuminate\\Cookie\\Middleware\\AddQueuedCookiesToResponse->handle(Object(Illuminate\\Http\\Request), Object(Closure))
#28 /home/customs1/public_html/projects/newsportal/vendor/laravel/framework/src/Illuminate/Routing/Pipeline.php(53): Illuminate\\Pipeline\\Pipeline->Illuminate\\Pipeline\\{closure}(Object(Illuminate\\Http\\Request))
#29 /home/customs1/public_html/projects/newsportal/vendor/laravel/framework/src/Illuminate/Cookie/Middleware/EncryptCookies.php(66): Illuminate\\Routing\\Pipeline->Illuminate\\Routing\\{closure}(Object(Illuminate\\Http\\Request))
#30 /home/customs1/public_html/projects/newsportal/vendor/laravel/framework/src/Illuminate/Pipeline/Pipeline.php(163): Illuminate\\Cookie\\Middleware\\EncryptCookies->handle(Object(Illuminate\\Http\\Request), Object(Closure))
#31 /home/customs1/public_html/projects/newsportal/vendor/laravel/framework/src/Illuminate/Routing/Pipeline.php(53): Illuminate\\Pipeline\\Pipeline->Illuminate\\Pipeline\\{closure}(Object(Illuminate\\Http\\Request))
#32 /home/customs1/public_html/projects/newsportal/vendor/laravel/framework/src/Illuminate/Pipeline/Pipeline.php(104): Illuminate\\Routing\\Pipeline->Illuminate\\Routing\\{closure}(Object(Illuminate\\Http\\Request))
#33 /home/customs1/public_html/projects/newsportal/vendor/laravel/framework/src/Illuminate/Routing/Router.php(684): Illuminate\\Pipeline\\Pipeline->then(Object(Closure))
#34 /home/customs1/public_html/projects/newsportal/vendor/laravel/framework/src/Illuminate/Routing/Router.php(659): Illuminate\\Routing\\Router->runRouteWithinStack(Object(Illuminate\\Routing\\Route), Object(Illuminate\\Http\\Request))
#35 /home/customs1/public_html/projects/newsportal/vendor/laravel/framework/src/Illuminate/Routing/Router.php(625): Illuminate\\Routing\\Router->runRoute(Object(Illuminate\\Http\\Request), Object(Illuminate\\Routing\\Route))
#36 /home/customs1/public_html/projects/newsportal/vendor/laravel/framework/src/Illuminate/Routing/Router.php(614): Illuminate\\Routing\\Router->dispatchToRoute(Object(Illuminate\\Http\\Request))
#37 /home/customs1/public_html/projects/newsportal/vendor/laravel/framework/src/Illuminate/Foundation/Http/Kernel.php(176): Illuminate\\Routing\\Router->dispatch(Object(Illuminate\\Http\\Request))
#38 /home/customs1/public_html/projects/newsportal/vendor/laravel/framework/src/Illuminate/Routing/Pipeline.php(30): Illuminate\\Foundation\\Http\\Kernel->Illuminate\\Foundation\\Http\\{closure}(Object(Illuminate\\Http\\Request))
#39 /home/customs1/public_html/projects/newsportal/vendor/barryvdh/laravel-debugbar/src/Middleware/InjectDebugbar.php(58): Illuminate\\Routing\\Pipeline->Illuminate\\Routing\\{closure}(Object(Illuminate\\Http\\Request))
#40 /home/customs1/public_html/projects/newsportal/vendor/laravel/framework/src/Illuminate/Pipeline/Pipeline.php(163): Barryvdh\\Debugbar\\Middleware\\InjectDebugbar->handle(Object(Illuminate\\Http\\Request), Object(Closure))
#41 /home/customs1/public_html/projects/newsportal/vendor/laravel/framework/src/Illuminate/Routing/Pipeline.php(53): Illuminate\\Pipeline\\Pipeline->Illuminate\\Pipeline\\{closure}(Object(Illuminate\\Http\\Request))
#42 /home/customs1/public_html/projects/newsportal/vendor/fideloper/proxy/src/TrustProxies.php(57): Illuminate\\Routing\\Pipeline->Illuminate\\Routing\\{closure}(Object(Illuminate\\Http\\Request))
#43 /home/customs1/public_html/projects/newsportal/vendor/laravel/framework/src/Illuminate/Pipeline/Pipeline.php(163): Fideloper\\Proxy\\TrustProxies->handle(Object(Illuminate\\Http\\Request), Object(Closure))
#44 /home/customs1/public_html/projects/newsportal/vendor/laravel/framework/src/Illuminate/Routing/Pipeline.php(53): Illuminate\\Pipeline\\Pipeline->Illuminate\\Pipeline\\{closure}(Object(Illuminate\\Http\\Request))
#45 /home/customs1/public_html/projects/newsportal/vendor/laravel/framework/src/Illuminate/Foundation/Http/Middleware/TransformsRequest.php(31): Illuminate\\Routing\\Pipeline->Illuminate\\Routing\\{closure}(Object(Illuminate\\Http\\Request))
#46 /home/customs1/public_html/projects/newsportal/vendor/laravel/framework/src/Illuminate/Pipeline/Pipeline.php(163): Illuminate\\Foundation\\Http\\Middleware\\TransformsRequest->handle(Object(Illuminate\\Http\\Request), Object(Closure))
#47 /home/customs1/public_html/projects/newsportal/vendor/laravel/framework/src/Illuminate/Routing/Pipeline.php(53): Illuminate\\Pipeline\\Pipeline->Illuminate\\Pipeline\\{closure}(Object(Illuminate\\Http\\Request))
#48 /home/customs1/public_html/projects/newsportal/vendor/laravel/framework/src/Illuminate/Foundation/Http/Middleware/TransformsRequest.php(31): Illuminate\\Routing\\Pipeline->Illuminate\\Routing\\{closure}(Object(Illuminate\\Http\\Request))
#49 /home/customs1/public_html/projects/newsportal/vendor/laravel/framework/src/Illuminate/Pipeline/Pipeline.php(163): Illuminate\\Foundation\\Http\\Middleware\\TransformsRequest->handle(Object(Illuminate\\Http\\Request), Object(Closure))
#50 /home/customs1/public_html/projects/newsportal/vendor/laravel/framework/src/Illuminate/Routing/Pipeline.php(53): Illuminate\\Pipeline\\Pipeline->Illuminate\\Pipeline\\{closure}(Object(Illuminate\\Http\\Request))
#51 /home/customs1/public_html/projects/newsportal/vendor/laravel/framework/src/Illuminate/Foundation/Http/Middleware/ValidatePostSize.php(27): Illuminate\\Routing\\Pipeline->Illuminate\\Routing\\{closure}(Object(Illuminate\\Http\\Request))
#52 /home/customs1/public_html/projects/newsportal/vendor/laravel/framework/src/Illuminate/Pipeline/Pipeline.php(163): Illuminate\\Foundation\\Http\\Middleware\\ValidatePostSize->handle(Object(Illuminate\\Http\\Request), Object(Closure))
#53 /home/customs1/public_html/projects/newsportal/vendor/laravel/framework/src/Illuminate/Routing/Pipeline.php(53): Illuminate\\Pipeline\\Pipeline->Illuminate\\Pipeline\\{closure}(Object(Illuminate\\Http\\Request))
#54 /home/customs1/public_html/projects/newsportal/vendor/laravel/framework/src/Illuminate/Foundation/Http/Middleware/CheckForMaintenanceMode.php(62): Illuminate\\Routing\\Pipeline->Illuminate\\Routing\\{closure}(Object(Illuminate\\Http\\Request))
#55 /home/customs1/public_html/projects/newsportal/vendor/laravel/framework/src/Illuminate/Pipeline/Pipeline.php(163): Illuminate\\Foundation\\Http\\Middleware\\CheckForMaintenanceMode->handle(Object(Illuminate\\Http\\Request), Object(Closure))
#56 /home/customs1/public_html/projects/newsportal/vendor/laravel/framework/src/Illuminate/Routing/Pipeline.php(53): Illuminate\\Pipeline\\Pipeline->Illuminate\\Pipeline\\{closure}(Object(Illuminate\\Http\\Request))
#57 /home/customs1/public_html/projects/newsportal/vendor/laravel/framework/src/Illuminate/Pipeline/Pipeline.php(104): Illuminate\\Routing\\Pipeline->Illuminate\\Routing\\{closure}(Object(Illuminate\\Http\\Request))
#58 /home/customs1/public_html/projects/newsportal/vendor/laravel/framework/src/Illuminate/Foundation/Http/Kernel.php(151): Illuminate\\Pipeline\\Pipeline->then(Object(Closure))
#59 /home/customs1/public_html/projects/newsportal/vendor/laravel/framework/src/Illuminate/Foundation/Http/Kernel.php(116): Illuminate\\Foundation\\Http\\Kernel->sendRequestThroughRouter(Object(Illuminate\\Http\\Request))
#60 /home/customs1/public_html/projects/newsportal/public/index.php(55): Illuminate\\Foundation\\Http\\Kernel->handle(Object(Illuminate\\Http\\Request))
#61 {main}
"} 
[2021-07-19 18:53:47] local.ERROR: file_put_contents(A:\laragon\www\newsportal\storage\framework\views/586248950626724bb1f966444695ee13b153f512.php): failed to open stream: No such file or directory {"exception":"[object] (ErrorException(code: 0): file_put_contents(A:\\laragon\\www\
ewsportal\\storage\\framework\\views/586248950626724bb1f966444695ee13b153f512.php): failed to open stream: No such file or directory at /home/customs1/public_html/projects/newsportal/vendor/laravel/framework/src/Illuminate/Filesystem/Filesystem.php:122)
[stacktrace]
#0 [internal function]: Illuminate\\Foundation\\Bootstrap\\HandleExceptions->handleError(2, 'file_put_conten...', '/home/customs1/...', 122, Array)
#1 /home/customs1/public_html/projects/newsportal/vendor/laravel/framework/src/Illuminate/Filesystem/Filesystem.php(122): file_put_contents('A:\\\\laragon\\\\www\\\\...', '<?php $__env->s...', 0)
#2 /home/customs1/public_html/projects/newsportal/vendor/laravel/framework/src/Illuminate/View/Compilers/BladeCompiler.php(122): Illuminate\\Filesystem\\Filesystem->put('A:\\\\laragon\\\\www\\\\...', '<?php $__env->s...')
#3 /home/customs1/public_html/projects/newsportal/vendor/laravel/framework/src/Illuminate/View/Engines/CompilerEngine.php(51): Illuminate\\View\\Compilers\\BladeCompiler->compile('/home/customs1/...')
#4 /home/customs1/public_html/projects/newsportal/vendor/laravel/framework/src/Illuminate/View/View.php(142): Illuminate\\View\\Engines\\CompilerEngine->get('/home/customs1/...', Array)
#5 /home/customs1/public_html/projects/newsportal/vendor/laravel/framework/src/Illuminate/View/View.php(125): Illuminate\\View\\View->getContents()
#6 /home/customs1/public_html/projects/newsportal/vendor/laravel/framework/src/Illuminate/View/View.php(90): Illuminate\\View\\View->renderContents()
#7 /home/customs1/public_html/projects/newsportal/vendor/laravel/framework/src/Illuminate/Http/Response.php(42): Illuminate\\View\\View->render()
#8 /home/customs1/public_html/projects/newsportal/vendor/symfony/http-foundation/Response.php(205): Illuminate\\Http\\Response->setContent(Object(Illuminate\\View\\View))
#9 /home/customs1/public_html/projects/newsportal/vendor/laravel/framework/src/Illuminate/Routing/ResponseFactory.php(55): Symfony\\Component\\HttpFoundation\\Response->__construct(Object(Illuminate\\View\\View), 500, Array)
#10 /home/customs1/public_html/projects/newsportal/vendor/laravel/framework/src/Illuminate/Routing/ResponseFactory.php(81): Illuminate\\Routing\\ResponseFactory->make(Object(Illuminate\\View\\View), 500, Array)
#11 /home/customs1/public_html/projects/newsportal/vendor/laravel/framework/src/Illuminate/Foundation/Exceptions/Handler.php(380): Illuminate\\Routing\\ResponseFactory->view('errors::500', Array, 500, Array)
#12 /home/customs1/public_html/projects/newsportal/vendor/laravel/framework/src/Illuminate/Foundation/Exceptions/Handler.php(289): Illuminate\\Foundation\\Exceptions\\Handler->renderHttpException(Object(Symfony\\Component\\HttpKernel\\Exception\\HttpException))
#13 /home/customs1/public_html/projects/newsportal/vendor/laravel/framework/src/Illuminate/Foundation/Exceptions/Handler.php(188): Illuminate\\Foundation\\Exceptions\\Handler->prepareResponse(Object(Illuminate\\Http\\Request), Object(Symfony\\Component\\HttpKernel\\Exception\\HttpException))
#14 /home/customs1/public_html/projects/newsportal/app/Exceptions/Handler.php(49): Illuminate\\Foundation\\Exceptions\\Handler->render(Object(Illuminate\\Http\\Request), Object(ErrorException))
#15 /home/customs1/public_html/projects/newsportal/vendor/laravel/framework/src/Illuminate/Routing/Pipeline.php(83): App\\Exceptions\\Handler->render(Object(Illuminate\\Http\\Request), Object(ErrorException))
#16 /home/customs1/public_html/projects/newsportal/vendor/laravel/framework/src/Illuminate/Routing/Pipeline.php(55): Illuminate\\Routing\\Pipeline->handleException(Object(Illuminate\\Http\\Request), Object(ErrorException))
#17 /home/customs1/public_html/projects/newsportal/vendor/laravel/framework/src/Illuminate/View/Middleware/ShareErrorsFromSession.php(49): Illuminate\\Routing\\Pipeline->Illuminate\\Routing\\{closure}(Object(Illuminate\\Http\\Request))
#18 /home/customs1/public_html/projects/newsportal/vendor/laravel/framework/src/Illuminate/Pipeline/Pipeline.php(163): Illuminate\\View\\Middleware\\ShareErrorsFromSession->handle(Object(Illuminate\\Http\\Request), Object(Closure))
#19 /home/customs1/public_html/projects/newsportal/vendor/laravel/framework/src/Illuminate/Routing/Pipeline.php(53): Illuminate\\Pipeline\\Pipeline->Illuminate\\Pipeline\\{closure}(Object(Illuminate\\Http\\Request))
#20 /home/customs1/public_html/projects/newsportal/vendor/laravel/framework/src/Illuminate/Session/Middleware/StartSession.php(63): Illuminate\\Routing\\Pipeline->Illuminate\\Routing\\{closure}(Object(Illuminate\\Http\\Request))
#21 /home/customs1/public_html/projects/newsportal/vendor/laravel/framework/src/Illuminate/Pipeline/Pipeline.php(163): Illuminate\\Session\\Middleware\\StartSession->handle(Object(Illuminate\\Http\\Request), Object(Closure))
#22 /home/customs1/public_html/projects/newsportal/vendor/laravel/framework/src/Illuminate/Routing/Pipeline.php(53): Illuminate\\Pipeline\\Pipeline->Illuminate\\Pipeline\\{closure}(Object(Illuminate\\Http\\Request))
#23 /home/customs1/public_html/projects/newsportal/vendor/laravel/framework/src/Illuminate/Cookie/Middleware/AddQueuedCookiesToResponse.php(37): Illuminate\\Routing\\Pipeline->Illuminate\\Routing\\{closure}(Object(Illuminate\\Http\\Request))
#24 /home/customs1/public_html/projects/newsportal/vendor/laravel/framework/src/Illuminate/Pipeline/Pipeline.php(163): Illuminate\\Cookie\\Middleware\\AddQueuedCookiesToResponse->handle(Object(Illuminate\\Http\\Request), Object(Closure))
#25 /home/customs1/public_html/projects/newsportal/vendor/laravel/framework/src/Illuminate/Routing/Pipeline.php(53): Illuminate\\Pipeline\\Pipeline->Illuminate\\Pipeline\\{closure}(Object(Illuminate\\Http\\Request))
#26 /home/customs1/public_html/projects/newsportal/vendor/laravel/framework/src/Illuminate/Cookie/Middleware/EncryptCookies.php(66): Illuminate\\Routing\\Pipeline->Illuminate\\Routing\\{closure}(Object(Illuminate\\Http\\Request))
#27 /home/customs1/public_html/projects/newsportal/vendor/laravel/framework/src/Illuminate/Pipeline/Pipeline.php(163): Illuminate\\Cookie\\Middleware\\EncryptCookies->handle(Object(Illuminate\\Http\\Request), Object(Closure))
#28 /home/customs1/public_html/projects/newsportal/vendor/laravel/framework/src/Illuminate/Routing/Pipeline.php(53): Illuminate\\Pipeline\\Pipeline->Illuminate\\Pipeline\\{closure}(Object(Illuminate\\Http\\Request))
#29 /home/customs1/public_html/projects/newsportal/vendor/laravel/framework/src/Illuminate/Pipeline/Pipeline.php(104): Illuminate\\Routing\\Pipeline->Illuminate\\Routing\\{closure}(Object(Illuminate\\Http\\Request))
#30 /home/customs1/public_html/projects/newsportal/vendor/laravel/framework/src/Illuminate/Routing/Router.php(684): Illuminate\\Pipeline\\Pipeline->then(Object(Closure))
#31 /home/customs1/public_html/projects/newsportal/vendor/laravel/framework/src/Illuminate/Routing/Router.php(659): Illuminate\\Routing\\Router->runRouteWithinStack(Object(Illuminate\\Routing\\Route), Object(Illuminate\\Http\\Request))
#32 /home/customs1/public_html/projects/newsportal/vendor/laravel/framework/src/Illuminate/Routing/Router.php(625): Illuminate\\Routing\\Router->runRoute(Object(Illuminate\\Http\\Request), Object(Illuminate\\Routing\\Route))
#33 /home/customs1/public_html/projects/newsportal/vendor/laravel/framework/src/Illuminate/Routing/Router.php(614): Illuminate\\Routing\\Router->dispatchToRoute(Object(Illuminate\\Http\\Request))
#34 /home/customs1/public_html/projects/newsportal/vendor/laravel/framework/src/Illuminate/Foundation/Http/Kernel.php(176): Illuminate\\Routing\\Router->dispatch(Object(Illuminate\\Http\\Request))
#35 /home/customs1/public_html/projects/newsportal/vendor/laravel/framework/src/Illuminate/Routing/Pipeline.php(30): Illuminate\\Foundation\\Http\\Kernel->Illuminate\\Foundation\\Http\\{closure}(Object(Illuminate\\Http\\Request))
#36 /home/customs1/public_html/projects/newsportal/vendor/barryvdh/laravel-debugbar/src/Middleware/InjectDebugbar.php(58): Illuminate\\Routing\\Pipeline->Illuminate\\Routing\\{closure}(Object(Illuminate\\Http\\Request))
#37 /home/customs1/public_html/projects/newsportal/vendor/laravel/framework/src/Illuminate/Pipeline/Pipeline.php(163): Barryvdh\\Debugbar\\Middleware\\InjectDebugbar->handle(Object(Illuminate\\Http\\Request), Object(Closure))
#38 /home/customs1/public_html/projects/newsportal/vendor/laravel/framework/src/Illuminate/Routing/Pipeline.php(53): Illuminate\\Pipeline\\Pipeline->Illuminate\\Pipeline\\{closure}(Object(Illuminate\\Http\\Request))
#39 /home/customs1/public_html/projects/newsportal/vendor/fideloper/proxy/src/TrustProxies.php(57): Illuminate\\Routing\\Pipeline->Illuminate\\Routing\\{closure}(Object(Illuminate\\Http\\Request))
#40 /home/customs1/public_html/projects/newsportal/vendor/laravel/framework/src/Illuminate/Pipeline/Pipeline.php(163): Fideloper\\Proxy\\TrustProxies->handle(Object(Illuminate\\Http\\Request), Object(Closure))
#41 /home/customs1/public_html/projects/newsportal/vendor/laravel/framework/src/Illuminate/Routing/Pipeline.php(53): Illuminate\\Pipeline\\Pipeline->Illuminate\\Pipeline\\{closure}(Object(Illuminate\\Http\\Request))
#42 /home/customs1/public_html/projects/newsportal/vendor/laravel/framework/src/Illuminate/Foundation/Http/Middleware/TransformsRequest.php(31): Illuminate\\Routing\\Pipeline->Illuminate\\Routing\\{closure}(Object(Illuminate\\Http\\Request))
#43 /home/customs1/public_html/projects/newsportal/vendor/laravel/framework/src/Illuminate/Pipeline/Pipeline.php(163): Illuminate\\Foundation\\Http\\Middleware\\TransformsRequest->handle(Object(Illuminate\\Http\\Request), Object(Closure))
#44 /home/customs1/public_html/projects/newsportal/vendor/laravel/framework/src/Illuminate/Routing/Pipeline.php(53): Illuminate\\Pipeline\\Pipeline->Illuminate\\Pipeline\\{closure}(Object(Illuminate\\Http\\Request))
#45 /home/customs1/public_html/projects/newsportal/vendor/laravel/framework/src/Illuminate/Foundation/Http/Middleware/TransformsRequest.php(31): Illuminate\\Routing\\Pipeline->Illuminate\\Routing\\{closure}(Object(Illuminate\\Http\\Request))
#46 /home/customs1/public_html/projects/newsportal/vendor/laravel/framework/src/Illuminate/Pipeline/Pipeline.php(163): Illuminate\\Foundation\\Http\\Middleware\\TransformsRequest->handle(Object(Illuminate\\Http\\Request), Object(Closure))
#47 /home/customs1/public_html/projects/newsportal/vendor/laravel/framework/src/Illuminate/Routing/Pipeline.php(53): Illuminate\\Pipeline\\Pipeline->Illuminate\\Pipeline\\{closure}(Object(Illuminate\\Http\\Request))
#48 /home/customs1/public_html/projects/newsportal/vendor/laravel/framework/src/Illuminate/Foundation/Http/Middleware/ValidatePostSize.php(27): Illuminate\\Routing\\Pipeline->Illuminate\\Routing\\{closure}(Object(Illuminate\\Http\\Request))
#49 /home/customs1/public_html/projects/newsportal/vendor/laravel/framework/src/Illuminate/Pipeline/Pipeline.php(163): Illuminate\\Foundation\\Http\\Middleware\\ValidatePostSize->handle(Object(Illuminate\\Http\\Request), Object(Closure))
#50 /home/customs1/public_html/projects/newsportal/vendor/laravel/framework/src/Illuminate/Routing/Pipeline.php(53): Illuminate\\Pipeline\\Pipeline->Illuminate\\Pipeline\\{closure}(Object(Illuminate\\Http\\Request))
#51 /home/customs1/public_html/projects/newsportal/vendor/laravel/framework/src/Illuminate/Foundation/Http/Middleware/CheckForMaintenanceMode.php(62): Illuminate\\Routing\\Pipeline->Illuminate\\Routing\\{closure}(Object(Illuminate\\Http\\Request))
#52 /home/customs1/public_html/projects/newsportal/vendor/laravel/framework/src/Illuminate/Pipeline/Pipeline.php(163): Illuminate\\Foundation\\Http\\Middleware\\CheckForMaintenanceMode->handle(Object(Illuminate\\Http\\Request), Object(Closure))
#53 /home/customs1/public_html/projects/newsportal/vendor/laravel/framework/src/Illuminate/Routing/Pipeline.php(53): Illuminate\\Pipeline\\Pipeline->Illuminate\\Pipeline\\{closure}(Object(Illuminate\\Http\\Request))
#54 /home/customs1/public_html/projects/newsportal/vendor/laravel/framework/src/Illuminate/Pipeline/Pipeline.php(104): Illuminate\\Routing\\Pipeline->Illuminate\\Routing\\{closure}(Object(Illuminate\\Http\\Request))
#55 /home/customs1/public_html/projects/newsportal/vendor/laravel/framework/src/Illuminate/Foundation/Http/Kernel.php(151): Illuminate\\Pipeline\\Pipeline->then(Object(Closure))
#56 /home/customs1/public_html/projects/newsportal/vendor/laravel/framework/src/Illuminate/Foundation/Http/Kernel.php(116): Illuminate\\Foundation\\Http\\Kernel->sendRequestThroughRouter(Object(Illuminate\\Http\\Request))
#57 /home/customs1/public_html/projects/newsportal/public/index.php(55): Illuminate\\Foundation\\Http\\Kernel->handle(Object(Illuminate\\Http\\Request))
#58 {main}
"} 
[2021-07-19 18:53:47] local.ERROR: file_put_contents(A:\laragon\www\newsportal\storage\framework\views/586248950626724bb1f966444695ee13b153f512.php): failed to open stream: No such file or directory {"exception":"[object] (ErrorException(code: 0): file_put_contents(A:\\laragon\\www\
ewsportal\\storage\\framework\\views/586248950626724bb1f966444695ee13b153f512.php): failed to open stream: No such file or directory at /home/customs1/public_html/projects/newsportal/vendor/laravel/framework/src/Illuminate/Filesystem/Filesystem.php:122)
[stacktrace]
#0 [internal function]: Illuminate\\Foundation\\Bootstrap\\HandleExceptions->handleError(2, 'file_put_conten...', '/home/customs1/...', 122, Array)
#1 /home/customs1/public_html/projects/newsportal/vendor/laravel/framework/src/Illuminate/Filesystem/Filesystem.php(122): file_put_contents('A:\\\\laragon\\\\www\\\\...', '<?php $__env->s...', 0)
#2 /home/customs1/public_html/projects/newsportal/vendor/laravel/framework/src/Illuminate/View/Compilers/BladeCompiler.php(122): Illuminate\\Filesystem\\Filesystem->put('A:\\\\laragon\\\\www\\\\...', '<?php $__env->s...')
#3 /home/customs1/public_html/projects/newsportal/vendor/laravel/framework/src/Illuminate/View/Engines/CompilerEngine.php(51): Illuminate\\View\\Compilers\\BladeCompiler->compile('/home/customs1/...')
#4 /home/customs1/public_html/projects/newsportal/vendor/laravel/framework/src/Illuminate/View/View.php(142): Illuminate\\View\\Engines\\CompilerEngine->get('/home/customs1/...', Array)
#5 /home/customs1/public_html/projects/newsportal/vendor/laravel/framework/src/Illuminate/View/View.php(125): Illuminate\\View\\View->getContents()
#6 /home/customs1/public_html/projects/newsportal/vendor/laravel/framework/src/Illuminate/View/View.php(90): Illuminate\\View\\View->renderContents()
#7 /home/customs1/public_html/projects/newsportal/vendor/laravel/framework/src/Illuminate/Http/Response.php(42): Illuminate\\View\\View->render()
#8 /home/customs1/public_html/projects/newsportal/vendor/symfony/http-foundation/Response.php(205): Illuminate\\Http\\Response->setContent(Object(Illuminate\\View\\View))
#9 /home/customs1/public_html/projects/newsportal/vendor/laravel/framework/src/Illuminate/Routing/ResponseFactory.php(55): Symfony\\Component\\HttpFoundation\\Response->__construct(Object(Illuminate\\View\\View), 500, Array)
#10 /home/customs1/public_html/projects/newsportal/vendor/laravel/framework/src/Illuminate/Routing/ResponseFactory.php(81): Illuminate\\Routing\\ResponseFactory->make(Object(Illuminate\\View\\View), 500, Array)
#11 /home/customs1/public_html/projects/newsportal/vendor/laravel/framework/src/Illuminate/Foundation/Exceptions/Handler.php(380): Illuminate\\Routing\\ResponseFactory->view('errors::500', Array, 500, Array)
#12 /home/customs1/public_html/projects/newsportal/vendor/laravel/framework/src/Illuminate/Foundation/Exceptions/Handler.php(289): Illuminate\\Foundation\\Exceptions\\Handler->renderHttpException(Object(Symfony\\Component\\HttpKernel\\Exception\\HttpException))
#13 /home/customs1/public_html/projects/newsportal/vendor/laravel/framework/src/Illuminate/Foundation/Exceptions/Handler.php(188): Illuminate\\Foundation\\Exceptions\\Handler->prepareResponse(Object(Illuminate\\Http\\Request), Object(Symfony\\Component\\HttpKernel\\Exception\\HttpException))
#14 /home/customs1/public_html/projects/newsportal/app/Exceptions/Handler.php(49): Illuminate\\Foundation\\Exceptions\\Handler->render(Object(Illuminate\\Http\\Request), Object(ErrorException))
#15 /home/customs1/public_html/projects/newsportal/vendor/laravel/framework/src/Illuminate/Routing/Pipeline.php(83): App\\Exceptions\\Handler->render(Object(Illuminate\\Http\\Request), Object(ErrorException))
#16 /home/customs1/public_html/projects/newsportal/vendor/laravel/framework/src/Illuminate/Routing/Pipeline.php(55): Illuminate\\Routing\\Pipeline->handleException(Object(Illuminate\\Http\\Request), Object(ErrorException))
#17 /home/customs1/public_html/projects/newsportal/vendor/laravel/framework/src/Illuminate/Session/Middleware/StartSession.php(63): Illuminate\\Routing\\Pipeline->Illuminate\\Routing\\{closure}(Object(Illuminate\\Http\\Request))
#18 /home/customs1/public_html/projects/newsportal/vendor/laravel/framework/src/Illuminate/Pipeline/Pipeline.php(163): Illuminate\\Session\\Middleware\\StartSession->handle(Object(Illuminate\\Http\\Request), Object(Closure))
#19 /home/customs1/public_html/projects/newsportal/vendor/laravel/framework/src/Illuminate/Routing/Pipeline.php(53): Illuminate\\Pipeline\\Pipeline->Illuminate\\Pipeline\\{closure}(Object(Illuminate\\Http\\Request))
#20 /home/customs1/public_html/projects/newsportal/vendor/laravel/framework/src/Illuminate/Cookie/Middleware/AddQueuedCookiesToResponse.php(37): Illuminate\\Routing\\Pipeline->Illuminate\\Routing\\{closure}(Object(Illuminate\\Http\\Request))
#21 /home/customs1/public_html/projects/newsportal/vendor/laravel/framework/src/Illuminate/Pipeline/Pipeline.php(163): Illuminate\\Cookie\\Middleware\\AddQueuedCookiesToResponse->handle(Object(Illuminate\\Http\\Request), Object(Closure))
#22 /home/customs1/public_html/projects/newsportal/vendor/laravel/framework/src/Illuminate/Routing/Pipeline.php(53): Illuminate\\Pipeline\\Pipeline->Illuminate\\Pipeline\\{closure}(Object(Illuminate\\Http\\Request))
#23 /home/customs1/public_html/projects/newsportal/vendor/laravel/framework/src/Illuminate/Cookie/Middleware/EncryptCookies.php(66): Illuminate\\Routing\\Pipeline->Illuminate\\Routing\\{closure}(Object(Illuminate\\Http\\Request))
#24 /home/customs1/public_html/projects/newsportal/vendor/laravel/framework/src/Illuminate/Pipeline/Pipeline.php(163): Illuminate\\Cookie\\Middleware\\EncryptCookies->handle(Object(Illuminate\\Http\\Request), Object(Closure))
#25 /home/customs1/public_html/projects/newsportal/vendor/laravel/framework/src/Illuminate/Routing/Pipeline.php(53): Illuminate\\Pipeline\\Pipeline->Illuminate\\Pipeline\\{closure}(Object(Illuminate\\Http\\Request))
#26 /home/customs1/public_html/projects/newsportal/vendor/laravel/framework/src/Illuminate/Pipeline/Pipeline.php(104): Illuminate\\Routing\\Pipeline->Illuminate\\Routing\\{closure}(Object(Illuminate\\Http\\Request))
#27 /home/customs1/public_html/projects/newsportal/vendor/laravel/framework/src/Illuminate/Routing/Router.php(684): Illuminate\\Pipeline\\Pipeline->then(Object(Closure))
#28 /home/customs1/public_html/projects/newsportal/vendor/laravel/framework/src/Illuminate/Routing/Router.php(659): Illuminate\\Routing\\Router->runRouteWithinStack(Object(Illuminate\\Routing\\Route), Object(Illuminate\\Http\\Request))
#29 /home/customs1/public_html/projects/newsportal/vendor/laravel/framework/src/Illuminate/Routing/Router.php(625): Illuminate\\Routing\\Router->runRoute(Object(Illuminate\\Http\\Request), Object(Illuminate\\Routing\\Route))
#30 /home/customs1/public_html/projects/newsportal/vendor/laravel/framework/src/Illuminate/Routing/Router.php(614): Illuminate\\Routing\\Router->dispatchToRoute(Object(Illuminate\\Http\\Request))
#31 /home/customs1/public_html/projects/newsportal/vendor/laravel/framework/src/Illuminate/Foundation/Http/Kernel.php(176): Illuminate\\Routing\\Router->dispatch(Object(Illuminate\\Http\\Request))
#32 /home/customs1/public_html/projects/newsportal/vendor/laravel/framework/src/Illuminate/Routing/Pipeline.php(30): Illuminate\\Foundation\\Http\\Kernel->Illuminate\\Foundation\\Http\\{closure}(Object(Illuminate\\Http\\Request))
#33 /home/customs1/public_html/projects/newsportal/vendor/barryvdh/laravel-debugbar/src/Middleware/InjectDebugbar.php(58): Illuminate\\Routing\\Pipeline->Illuminate\\Routing\\{closure}(Object(Illuminate\\Http\\Request))
#34 /home/customs1/public_html/projects/newsportal/vendor/laravel/framework/src/Illuminate/Pipeline/Pipeline.php(163): Barryvdh\\Debugbar\\Middleware\\InjectDebugbar->handle(Object(Illuminate\\Http\\Request), Object(Closure))
#35 /home/customs1/public_html/projects/newsportal/vendor/laravel/framework/src/Illuminate/Routing/Pipeline.php(53): Illuminate\\Pipeline\\Pipeline->Illuminate\\Pipeline\\{closure}(Object(Illuminate\\Http\\Request))
#36 /home/customs1/public_html/projects/newsportal/vendor/fideloper/proxy/src/TrustProxies.php(57): Illuminate\\Routing\\Pipeline->Illuminate\\Routing\\{closure}(Object(Illuminate\\Http\\Request))
#37 /home/customs1/public_html/projects/newsportal/vendor/laravel/framework/src/Illuminate/Pipeline/Pipeline.php(163): Fideloper\\Proxy\\TrustProxies->handle(Object(Illuminate\\Http\\Request), Object(Closure))
#38 /home/customs1/public_html/projects/newsportal/vendor/laravel/framework/src/Illuminate/Routing/Pipeline.php(53): Illuminate\\Pipeline\\Pipeline->Illuminate\\Pipeline\\{closure}(Object(Illuminate\\Http\\Request))
#39 /home/customs1/public_html/projects/newsportal/vendor/laravel/framework/src/Illuminate/Foundation/Http/Middleware/TransformsRequest.php(31): Illuminate\\Routing\\Pipeline->Illuminate\\Routing\\{closure}(Object(Illuminate\\Http\\Request))
#40 /home/customs1/public_html/projects/newsportal/vendor/laravel/framework/src/Illuminate/Pipeline/Pipeline.php(163): Illuminate\\Foundation\\Http\\Middleware\\TransformsRequest->handle(Object(Illuminate\\Http\\Request), Object(Closure))
#41 /home/customs1/public_html/projects/newsportal/vendor/laravel/framework/src/Illuminate/Routing/Pipeline.php(53): Illuminate\\Pipeline\\Pipeline->Illuminate\\Pipeline\\{closure}(Object(Illuminate\\Http\\Request))
#42 /home/customs1/public_html/projects/newsportal/vendor/laravel/framework/src/Illuminate/Foundation/Http/Middleware/TransformsRequest.php(31): Illuminate\\Routing\\Pipeline->Illuminate\\Routing\\{closure}(Object(Illuminate\\Http\\Request))
#43 /home/customs1/public_html/projects/newsportal/vendor/laravel/framework/src/Illuminate/Pipeline/Pipeline.php(163): Illuminate\\Foundation\\Http\\Middleware\\TransformsRequest->handle(Object(Illuminate\\Http\\Request), Object(Closure))
#44 /home/customs1/public_html/projects/newsportal/vendor/laravel/framework/src/Illuminate/Routing/Pipeline.php(53): Illuminate\\Pipeline\\Pipeline->Illuminate\\Pipeline\\{closure}(Object(Illuminate\\Http\\Request))
#45 /home/customs1/public_html/projects/newsportal/vendor/laravel/framework/src/Illuminate/Foundation/Http/Middleware/ValidatePostSize.php(27): Illuminate\\Routing\\Pipeline->Illuminate\\Routing\\{closure}(Object(Illuminate\\Http\\Request))
#46 /home/customs1/public_html/projects/newsportal/vendor/laravel/framework/src/Illuminate/Pipeline/Pipeline.php(163): Illuminate\\Foundation\\Http\\Middleware\\ValidatePostSize->handle(Object(Illuminate\\Http\\Request), Object(Closure))
#47 /home/customs1/public_html/projects/newsportal/vendor/laravel/framework/src/Illuminate/Routing/Pipeline.php(53): Illuminate\\Pipeline\\Pipeline->Illuminate\\Pipeline\\{closure}(Object(Illuminate\\Http\\Request))
#48 /home/customs1/public_html/projects/newsportal/vendor/laravel/framework/src/Illuminate/Foundation/Http/Middleware/CheckForMaintenanceMode.php(62): Illuminate\\Routing\\Pipeline->Illuminate\\Routing\\{closure}(Object(Illuminate\\Http\\Request))
#49 /home/customs1/public_html/projects/newsportal/vendor/laravel/framework/src/Illuminate/Pipeline/Pipeline.php(163): Illuminate\\Foundation\\Http\\Middleware\\CheckForMaintenanceMode->handle(Object(Illuminate\\Http\\Request), Object(Closure))
#50 /home/customs1/public_html/projects/newsportal/vendor/laravel/framework/src/Illuminate/Routing/Pipeline.php(53): Illuminate\\Pipeline\\Pipeline->Illuminate\\Pipeline\\{closure}(Object(Illuminate\\Http\\Request))
#51 /home/customs1/public_html/projects/newsportal/vendor/laravel/framework/src/Illuminate/Pipeline/Pipeline.php(104): Illuminate\\Routing\\Pipeline->Illuminate\\Routing\\{closure}(Object(Illuminate\\Http\\Request))
#52 /home/customs1/public_html/projects/newsportal/vendor/laravel/framework/src/Illuminate/Foundation/Http/Kernel.php(151): Illuminate\\Pipeline\\Pipeline->then(Object(Closure))
#53 /home/customs1/public_html/projects/newsportal/vendor/laravel/framework/src/Illuminate/Foundation/Http/Kernel.php(116): Illuminate\\Foundation\\Http\\Kernel->sendRequestThroughRouter(Object(Illuminate\\Http\\Request))
#54 /home/customs1/public_html/projects/newsportal/public/index.php(55): Illuminate\\Foundation\\Http\\Kernel->handle(Object(Illuminate\\Http\\Request))
#55 {main}
"} 
[2021-07-19 18:53:47] local.ERROR: file_put_contents(A:\laragon\www\newsportal\storage\framework\views/586248950626724bb1f966444695ee13b153f512.php): failed to open stream: No such file or directory {"exception":"[object] (ErrorException(code: 0): file_put_contents(A:\\laragon\\www\
ewsportal\\storage\\framework\\views/586248950626724bb1f966444695ee13b153f512.php): failed to open stream: No such file or directory at /home/customs1/public_html/projects/newsportal/vendor/laravel/framework/src/Illuminate/Filesystem/Filesystem.php:122)
[stacktrace]
#0 [internal function]: Illuminate\\Foundation\\Bootstrap\\HandleExceptions->handleError(2, 'file_put_conten...', '/home/customs1/...', 122, Array)
#1 /home/customs1/public_html/projects/newsportal/vendor/laravel/framework/src/Illuminate/Filesystem/Filesystem.php(122): file_put_contents('A:\\\\laragon\\\\www\\\\...', '<?php $__env->s...', 0)
#2 /home/customs1/public_html/projects/newsportal/vendor/laravel/framework/src/Illuminate/View/Compilers/BladeCompiler.php(122): Illuminate\\Filesystem\\Filesystem->put('A:\\\\laragon\\\\www\\\\...', '<?php $__env->s...')
#3 /home/customs1/public_html/projects/newsportal/vendor/laravel/framework/src/Illuminate/View/Engines/CompilerEngine.php(51): Illuminate\\View\\Compilers\\BladeCompiler->compile('/home/customs1/...')
#4 /home/customs1/public_html/projects/newsportal/vendor/laravel/framework/src/Illuminate/View/View.php(142): Illuminate\\View\\Engines\\CompilerEngine->get('/home/customs1/...', Array)
#5 /home/customs1/public_html/projects/newsportal/vendor/laravel/framework/src/Illuminate/View/View.php(125): Illuminate\\View\\View->getContents()
#6 /home/customs1/public_html/projects/newsportal/vendor/laravel/framework/src/Illuminate/View/View.php(90): Illuminate\\View\\View->renderContents()
#7 /home/customs1/public_html/projects/newsportal/vendor/laravel/framework/src/Illuminate/Http/Response.php(42): Illuminate\\View\\View->render()
#8 /home/customs1/public_html/projects/newsportal/vendor/symfony/http-foundation/Response.php(205): Illuminate\\Http\\Response->setContent(Object(Illuminate\\View\\View))
#9 /home/customs1/public_html/projects/newsportal/vendor/laravel/framework/src/Illuminate/Routing/ResponseFactory.php(55): Symfony\\Component\\HttpFoundation\\Response->__construct(Object(Illuminate\\View\\View), 500, Array)
#10 /home/customs1/public_html/projects/newsportal/vendor/laravel/framework/src/Illuminate/Routing/ResponseFactory.php(81): Illuminate\\Routing\\ResponseFactory->make(Object(Illuminate\\View\\View), 500, Array)
#11 /home/customs1/public_html/projects/newsportal/vendor/laravel/framework/src/Illuminate/Foundation/Exceptions/Handler.php(380): Illuminate\\Routing\\ResponseFactory->view('errors::500', Array, 500, Array)
#12 /home/customs1/public_html/projects/newsportal/vendor/laravel/framework/src/Illuminate/Foundation/Exceptions/Handler.php(289): Illuminate\\Foundation\\Exceptions\\Handler->renderHttpException(Object(Symfony\\Component\\HttpKernel\\Exception\\HttpException))
#13 /home/customs1/public_html/projects/newsportal/vendor/laravel/framework/src/Illuminate/Foundation/Exceptions/Handler.php(188): Illuminate\\Foundation\\Exceptions\\Handler->prepareResponse(Object(Illuminate\\Http\\Request), Object(Symfony\\Component\\HttpKernel\\Exception\\HttpException))
#14 /home/customs1/public_html/projects/newsportal/app/Exceptions/Handler.php(49): Illuminate\\Foundation\\Exceptions\\Handler->render(Object(Illuminate\\Http\\Request), Object(ErrorException))
#15 /home/customs1/public_html/projects/newsportal/vendor/laravel/framework/src/Illuminate/Routing/Pipeline.php(83): App\\Exceptions\\Handler->render(Object(Illuminate\\Http\\Request), Object(ErrorException))
#16 /home/customs1/public_html/projects/newsportal/vendor/laravel/framework/src/Illuminate/Routing/Pipeline.php(55): Illuminate\\Routing\\Pipeline->handleException(Object(Illuminate\\Http\\Request), Object(ErrorException))
#17 /home/customs1/public_html/projects/newsportal/vendor/laravel/framework/src/Illuminate/Cookie/Middleware/AddQueuedCookiesToResponse.php(37): Illuminate\\Routing\\Pipeline->Illuminate\\Routing\\{closure}(Object(Illuminate\\Http\\Request))
#18 /home/customs1/public_html/projects/newsportal/vendor/laravel/framework/src/Illuminate/Pipeline/Pipeline.php(163): Illuminate\\Cookie\\Middleware\\AddQueuedCookiesToResponse->handle(Object(Illuminate\\Http\\Request), Object(Closure))
#19 /home/customs1/public_html/projects/newsportal/vendor/laravel/framework/src/Illuminate/Routing/Pipeline.php(53): Illuminate\\Pipeline\\Pipeline->Illuminate\\Pipeline\\{closure}(Object(Illuminate\\Http\\Request))
#20 /home/customs1/public_html/projects/newsportal/vendor/laravel/framework/src/Illuminate/Cookie/Middleware/EncryptCookies.php(66): Illuminate\\Routing\\Pipeline->Illuminate\\Routing\\{closure}(Object(Illuminate\\Http\\Request))
#21 /home/customs1/public_html/projects/newsportal/vendor/laravel/framework/src/Illuminate/Pipeline/Pipeline.php(163): Illuminate\\Cookie\\Middleware\\EncryptCookies->handle(Object(Illuminate\\Http\\Request), Object(Closure))
#22 /home/customs1/public_html/projects/newsportal/vendor/laravel/framework/src/Illuminate/Routing/Pipeline.php(53): Illuminate\\Pipeline\\Pipeline->Illuminate\\Pipeline\\{closure}(Object(Illuminate\\Http\\Request))
#23 /home/customs1/public_html/projects/newsportal/vendor/laravel/framework/src/Illuminate/Pipeline/Pipeline.php(104): Illuminate\\Routing\\Pipeline->Illuminate\\Routing\\{closure}(Object(Illuminate\\Http\\Request))
#24 /home/customs1/public_html/projects/newsportal/vendor/laravel/framework/src/Illuminate/Routing/Router.php(684): Illuminate\\Pipeline\\Pipeline->then(Object(Closure))
#25 /home/customs1/public_html/projects/newsportal/vendor/laravel/framework/src/Illuminate/Routing/Router.php(659): Illuminate\\Routing\\Router->runRouteWithinStack(Object(Illuminate\\Routing\\Route), Object(Illuminate\\Http\\Request))
#26 /home/customs1/public_html/projects/newsportal/vendor/laravel/framework/src/Illuminate/Routing/Router.php(625): Illuminate\\Routing\\Router->runRoute(Object(Illuminate\\Http\\Request), Object(Illuminate\\Routing\\Route))
#27 /home/customs1/public_html/projects/newsportal/vendor/laravel/framework/src/Illuminate/Routing/Router.php(614): Illuminate\\Routing\\Router->dispatchToRoute(Object(Illuminate\\Http\\Request))
#28 /home/customs1/public_html/projects/newsportal/vendor/laravel/framework/src/Illuminate/Foundation/Http/Kernel.php(176): Illuminate\\Routing\\Router->dispatch(Object(Illuminate\\Http\\Request))
#29 /home/customs1/public_html/projects/newsportal/vendor/laravel/framework/src/Illuminate/Routing/Pipeline.php(30): Illuminate\\Foundation\\Http\\Kernel->Illuminate\\Foundation\\Http\\{closure}(Object(Illuminate\\Http\\Request))
#30 /home/customs1/public_html/projects/newsportal/vendor/barryvdh/laravel-debugbar/src/Middleware/InjectDebugbar.php(58): Illuminate\\Routing\\Pipeline->Illuminate\\Routing\\{closure}(Object(Illuminate\\Http\\Request))
#31 /home/customs1/public_html/projects/newsportal/vendor/laravel/framework/src/Illuminate/Pipeline/Pipeline.php(163): Barryvdh\\Debugbar\\Middleware\\InjectDebugbar->handle(Object(Illuminate\\Http\\Request), Object(Closure))
#32 /home/customs1/public_html/projects/newsportal/vendor/laravel/framework/src/Illuminate/Routing/Pipeline.php(53): Illuminate\\Pipeline\\Pipeline->Illuminate\\Pipeline\\{closure}(Object(Illuminate\\Http\\Request))
#33 /home/customs1/public_html/projects/newsportal/vendor/fideloper/proxy/src/TrustProxies.php(57): Illuminate\\Routing\\Pipeline->Illuminate\\Routing\\{closure}(Object(Illuminate\\Http\\Request))
#34 /home/customs1/public_html/projects/newsportal/vendor/laravel/framework/src/Illuminate/Pipeline/Pipeline.php(163): Fideloper\\Proxy\\TrustProxies->handle(Object(Illuminate\\Http\\Request), Object(Closure))
#35 /home/customs1/public_html/projects/newsportal/vendor/laravel/framework/src/Illuminate/Routing/Pipeline.php(53): Illuminate\\Pipeline\\Pipeline->Illuminate\\Pipeline\\{closure}(Object(Illuminate\\Http\\Request))
#36 /home/customs1/public_html/projects/newsportal/vendor/laravel/framework/src/Illuminate/Foundation/Http/Middleware/TransformsRequest.php(31): Illuminate\\Routing\\Pipeline->Illuminate\\Routing\\{closure}(Object(Illuminate\\Http\\Request))
#37 /home/customs1/public_html/projects/newsportal/vendor/laravel/framework/src/Illuminate/Pipeline/Pipeline.php(163): Illuminate\\Foundation\\Http\\Middleware\\TransformsRequest->handle(Object(Illuminate\\Http\\Request), Object(Closure))
#38 /home/customs1/public_html/projects/newsportal/vendor/laravel/framework/src/Illuminate/Routing/Pipeline.php(53): Illuminate\\Pipeline\\Pipeline->Illuminate\\Pipeline\\{closure}(Object(Illuminate\\Http\\Request))
#39 /home/customs1/public_html/projects/newsportal/vendor/laravel/framework/src/Illuminate/Foundation/Http/Middleware/TransformsRequest.php(31): Illuminate\\Routing\\Pipeline->Illuminate\\Routing\\{closure}(Object(Illuminate\\Http\\Request))
#40 /home/customs1/public_html/projects/newsportal/vendor/laravel/framework/src/Illuminate/Pipeline/Pipeline.php(163): Illuminate\\Foundation\\Http\\Middleware\\TransformsRequest->handle(Object(Illuminate\\Http\\Request), Object(Closure))
#41 /home/customs1/public_html/projects/newsportal/vendor/laravel/framework/src/Illuminate/Routing/Pipeline.php(53): Illuminate\\Pipeline\\Pipeline->Illuminate\\Pipeline\\{closure}(Object(Illuminate\\Http\\Request))
#42 /home/customs1/public_html/projects/newsportal/vendor/laravel/framework/src/Illuminate/Foundation/Http/Middleware/ValidatePostSize.php(27): Illuminate\\Routing\\Pipeline->Illuminate\\Routing\\{closure}(Object(Illuminate\\Http\\Request))
#43 /home/customs1/public_html/projects/newsportal/vendor/laravel/framework/src/Illuminate/Pipeline/Pipeline.php(163): Illuminate\\Foundation\\Http\\Middleware\\ValidatePostSize->handle(Object(Illuminate\\Http\\Request), Object(Closure))
#44 /home/customs1/public_html/projects/newsportal/vendor/laravel/framework/src/Illuminate/Routing/Pipeline.php(53): Illuminate\\Pipeline\\Pipeline->Illuminate\\Pipeline\\{closure}(Object(Illuminate\\Http\\Request))
#45 /home/customs1/public_html/projects/newsportal/vendor/laravel/framework/src/Illuminate/Foundation/Http/Middleware/CheckForMaintenanceMode.php(62): Illuminate\\Routing\\Pipeline->Illuminate\\Routing\\{closure}(Object(Illuminate\\Http\\Request))
#46 /home/customs1/public_html/projects/newsportal/vendor/laravel/framework/src/Illuminate/Pipeline/Pipeline.php(163): Illuminate\\Foundation\\Http\\Middleware\\CheckForMaintenanceMode->handle(Object(Illuminate\\Http\\Request), Object(Closure))
#47 /home/customs1/public_html/projects/newsportal/vendor/laravel/framework/src/Illuminate/Routing/Pipeline.php(53): Illuminate\\Pipeline\\Pipeline->Illuminate\\Pipeline\\{closure}(Object(Illuminate\\Http\\Request))
#48 /home/customs1/public_html/projects/newsportal/vendor/laravel/framework/src/Illuminate/Pipeline/Pipeline.php(104): Illuminate\\Routing\\Pipeline->Illuminate\\Routing\\{closure}(Object(Illuminate\\Http\\Request))
#49 /home/customs1/public_html/projects/newsportal/vendor/laravel/framework/src/Illuminate/Foundation/Http/Kernel.php(151): Illuminate\\Pipeline\\Pipeline->then(Object(Closure))
#50 /home/customs1/public_html/projects/newsportal/vendor/laravel/framework/src/Illuminate/Foundation/Http/Kernel.php(116): Illuminate\\Foundation\\Http\\Kernel->sendRequestThroughRouter(Object(Illuminate\\Http\\Request))
#51 /home/customs1/public_html/projects/newsportal/public/index.php(55): Illuminate\\Foundation\\Http\\Kernel->handle(Object(Illuminate\\Http\\Request))
#52 {main}
"} 
[2021-07-19 18:53:47] local.ERROR: file_put_contents(A:\laragon\www\newsportal\storage\framework\views/586248950626724bb1f966444695ee13b153f512.php): failed to open stream: No such file or directory {"exception":"[object] (ErrorException(code: 0): file_put_contents(A:\\laragon\\www\
ewsportal\\storage\\framework\\views/586248950626724bb1f966444695ee13b153f512.php): failed to open stream: No such file or directory at /home/customs1/public_html/projects/newsportal/vendor/laravel/framework/src/Illuminate/Filesystem/Filesystem.php:122)
[stacktrace]
#0 [internal function]: Illuminate\\Foundation\\Bootstrap\\HandleExceptions->handleError(2, 'file_put_conten...', '/home/customs1/...', 122, Array)
#1 /home/customs1/public_html/projects/newsportal/vendor/laravel/framework/src/Illuminate/Filesystem/Filesystem.php(122): file_put_contents('A:\\\\laragon\\\\www\\\\...', '<?php $__env->s...', 0)
#2 /home/customs1/public_html/projects/newsportal/vendor/laravel/framework/src/Illuminate/View/Compilers/BladeCompiler.php(122): Illuminate\\Filesystem\\Filesystem->put('A:\\\\laragon\\\\www\\\\...', '<?php $__env->s...')
#3 /home/customs1/public_html/projects/newsportal/vendor/laravel/framework/src/Illuminate/View/Engines/CompilerEngine.php(51): Illuminate\\View\\Compilers\\BladeCompiler->compile('/home/customs1/...')
#4 /home/customs1/public_html/projects/newsportal/vendor/laravel/framework/src/Illuminate/View/View.php(142): Illuminate\\View\\Engines\\CompilerEngine->get('/home/customs1/...', Array)
#5 /home/customs1/public_html/projects/newsportal/vendor/laravel/framework/src/Illuminate/View/View.php(125): Illuminate\\View\\View->getContents()
#6 /home/customs1/public_html/projects/newsportal/vendor/laravel/framework/src/Illuminate/View/View.php(90): Illuminate\\View\\View->renderContents()
#7 /home/customs1/public_html/projects/newsportal/vendor/laravel/framework/src/Illuminate/Http/Response.php(42): Illuminate\\View\\View->render()
#8 /home/customs1/public_html/projects/newsportal/vendor/symfony/http-foundation/Response.php(205): Illuminate\\Http\\Response->setContent(Object(Illuminate\\View\\View))
#9 /home/customs1/public_html/projects/newsportal/vendor/laravel/framework/src/Illuminate/Routing/ResponseFactory.php(55): Symfony\\Component\\HttpFoundation\\Response->__construct(Object(Illuminate\\View\\View), 500, Array)
#10 /home/customs1/public_html/projects/newsportal/vendor/laravel/framework/src/Illuminate/Routing/ResponseFactory.php(81): Illuminate\\Routing\\ResponseFactory->make(Object(Illuminate\\View\\View), 500, Array)
#11 /home/customs1/public_html/projects/newsportal/vendor/laravel/framework/src/Illuminate/Foundation/Exceptions/Handler.php(380): Illuminate\\Routing\\ResponseFactory->view('errors::500', Array, 500, Array)
#12 /home/customs1/public_html/projects/newsportal/vendor/laravel/framework/src/Illuminate/Foundation/Exceptions/Handler.php(289): Illuminate\\Foundation\\Exceptions\\Handler->renderHttpException(Object(Symfony\\Component\\HttpKernel\\Exception\\HttpException))
#13 /home/customs1/public_html/projects/newsportal/vendor/laravel/framework/src/Illuminate/Foundation/Exceptions/Handler.php(188): Illuminate\\Foundation\\Exceptions\\Handler->prepareResponse(Object(Illuminate\\Http\\Request), Object(Symfony\\Component\\HttpKernel\\Exception\\HttpException))
#14 /home/customs1/public_html/projects/newsportal/app/Exceptions/Handler.php(49): Illuminate\\Foundation\\Exceptions\\Handler->render(Object(Illuminate\\Http\\Request), Object(ErrorException))
#15 /home/customs1/public_html/projects/newsportal/vendor/laravel/framework/src/Illuminate/Routing/Pipeline.php(83): App\\Exceptions\\Handler->render(Object(Illuminate\\Http\\Request), Object(ErrorException))
#16 /home/customs1/public_html/projects/newsportal/vendor/laravel/framework/src/Illuminate/Routing/Pipeline.php(55): Illuminate\\Routing\\Pipeline->handleException(Object(Illuminate\\Http\\Request), Object(ErrorException))
#17 /home/customs1/public_html/projects/newsportal/vendor/laravel/framework/src/Illuminate/Cookie/Middleware/EncryptCookies.php(66): Illuminate\\Routing\\Pipeline->Illuminate\\Routing\\{closure}(Object(Illuminate\\Http\\Request))
#18 /home/customs1/public_html/projects/newsportal/vendor/laravel/framework/src/Illuminate/Pipeline/Pipeline.php(163): Illuminate\\Cookie\\Middleware\\EncryptCookies->handle(Object(Illuminate\\Http\\Request), Object(Closure))
#19 /home/customs1/public_html/projects/newsportal/vendor/laravel/framework/src/Illuminate/Routing/Pipeline.php(53): Illuminate\\Pipeline\\Pipeline->Illuminate\\Pipeline\\{closure}(Object(Illuminate\\Http\\Request))
#20 /home/customs1/public_html/projects/newsportal/vendor/laravel/framework/src/Illuminate/Pipeline/Pipeline.php(104): Illuminate\\Routing\\Pipeline->Illuminate\\Routing\\{closure}(Object(Illuminate\\Http\\Request))
#21 /home/customs1/public_html/projects/newsportal/vendor/laravel/framework/src/Illuminate/Routing/Router.php(684): Illuminate\\Pipeline\\Pipeline->then(Object(Closure))
#22 /home/customs1/public_html/projects/newsportal/vendor/laravel/framework/src/Illuminate/Routing/Router.php(659): Illuminate\\Routing\\Router->runRouteWithinStack(Object(Illuminate\\Routing\\Route), Object(Illuminate\\Http\\Request))
#23 /home/customs1/public_html/projects/newsportal/vendor/laravel/framework/src/Illuminate/Routing/Router.php(625): Illuminate\\Routing\\Router->runRoute(Object(Illuminate\\Http\\Request), Object(Illuminate\\Routing\\Route))
#24 /home/customs1/public_html/projects/newsportal/vendor/laravel/framework/src/Illuminate/Routing/Router.php(614): Illuminate\\Routing\\Router->dispatchToRoute(Object(Illuminate\\Http\\Request))
#25 /home/customs1/public_html/projects/newsportal/vendor/laravel/framework/src/Illuminate/Foundation/Http/Kernel.php(176): Illuminate\\Routing\\Router->dispatch(Object(Illuminate\\Http\\Request))
#26 /home/customs1/public_html/projects/newsportal/vendor/laravel/framework/src/Illuminate/Routing/Pipeline.php(30): Illuminate\\Foundation\\Http\\Kernel->Illuminate\\Foundation\\Http\\{closure}(Object(Illuminate\\Http\\Request))
#27 /home/customs1/public_html/projects/newsportal/vendor/barryvdh/laravel-debugbar/src/Middleware/InjectDebugbar.php(58): Illuminate\\Routing\\Pipeline->Illuminate\\Routing\\{closure}(Object(Illuminate\\Http\\Request))
#28 /home/customs1/public_html/projects/newsportal/vendor/laravel/framework/src/Illuminate/Pipeline/Pipeline.php(163): Barryvdh\\Debugbar\\Middleware\\InjectDebugbar->handle(Object(Illuminate\\Http\\Request), Object(Closure))
#29 /home/customs1/public_html/projects/newsportal/vendor/laravel/framework/src/Illuminate/Routing/Pipeline.php(53): Illuminate\\Pipeline\\Pipeline->Illuminate\\Pipeline\\{closure}(Object(Illuminate\\Http\\Request))
#30 /home/customs1/public_html/projects/newsportal/vendor/fideloper/proxy/src/TrustProxies.php(57): Illuminate\\Routing\\Pipeline->Illuminate\\Routing\\{closure}(Object(Illuminate\\Http\\Request))
#31 /home/customs1/public_html/projects/newsportal/vendor/laravel/framework/src/Illuminate/Pipeline/Pipeline.php(163): Fideloper\\Proxy\\TrustProxies->handle(Object(Illuminate\\Http\\Request), Object(Closure))
#32 /home/customs1/public_html/projects/newsportal/vendor/laravel/framework/src/Illuminate/Routing/Pipeline.php(53): Illuminate\\Pipeline\\Pipeline->Illuminate\\Pipeline\\{closure}(Object(Illuminate\\Http\\Request))
#33 /home/customs1/public_html/projects/newsportal/vendor/laravel/framework/src/Illuminate/Foundation/Http/Middleware/TransformsRequest.php(31): Illuminate\\Routing\\Pipeline->Illuminate\\Routing\\{closure}(Object(Illuminate\\Http\\Request))
#34 /home/customs1/public_html/projects/newsportal/vendor/laravel/framework/src/Illuminate/Pipeline/Pipeline.php(163): Illuminate\\Foundation\\Http\\Middleware\\TransformsRequest->handle(Object(Illuminate\\Http\\Request), Object(Closure))
#35 /home/customs1/public_html/projects/newsportal/vendor/laravel/framework/src/Illuminate/Routing/Pipeline.php(53): Illuminate\\Pipeline\\Pipeline->Illuminate\\Pipeline\\{closure}(Object(Illuminate\\Http\\Request))
#36 /home/customs1/public_html/projects/newsportal/vendor/laravel/framework/src/Illuminate/Foundation/Http/Middleware/TransformsRequest.php(31): Illuminate\\Routing\\Pipeline->Illuminate\\Routing\\{closure}(Object(Illuminate\\Http\\Request))
#37 /home/customs1/public_html/projects/newsportal/vendor/laravel/framework/src/Illuminate/Pipeline/Pipeline.php(163): Illuminate\\Foundation\\Http\\Middleware\\TransformsRequest->handle(Object(Illuminate\\Http\\Request), Object(Closure))
#38 /home/customs1/public_html/projects/newsportal/vendor/laravel/framework/src/Illuminate/Routing/Pipeline.php(53): Illuminate\\Pipeline\\Pipeline->Illuminate\\Pipeline\\{closure}(Object(Illuminate\\Http\\Request))
#39 /home/customs1/public_html/projects/newsportal/vendor/laravel/framework/src/Illuminate/Foundation/Http/Middleware/ValidatePostSize.php(27): Illuminate\\Routing\\Pipeline->Illuminate\\Routing\\{closure}(Object(Illuminate\\Http\\Request))
#40 /home/customs1/public_html/projects/newsportal/vendor/laravel/framework/src/Illuminate/Pipeline/Pipeline.php(163): Illuminate\\Foundation\\Http\\Middleware\\ValidatePostSize->handle(Object(Illuminate\\Http\\Request), Object(Closure))
#41 /home/customs1/public_html/projects/newsportal/vendor/laravel/framework/src/Illuminate/Routing/Pipeline.php(53): Illuminate\\Pipeline\\Pipeline->Illuminate\\Pipeline\\{closure}(Object(Illuminate\\Http\\Request))
#42 /home/customs1/public_html/projects/newsportal/vendor/laravel/framework/src/Illuminate/Foundation/Http/Middleware/CheckForMaintenanceMode.php(62): Illuminate\\Routing\\Pipeline->Illuminate\\Routing\\{closure}(Object(Illuminate\\Http\\Request))
#43 /home/customs1/public_html/projects/newsportal/vendor/laravel/framework/src/Illuminate/Pipeline/Pipeline.php(163): Illuminate\\Foundation\\Http\\Middleware\\CheckForMaintenanceMode->handle(Object(Illuminate\\Http\\Request), Object(Closure))
#44 /home/customs1/public_html/projects/newsportal/vendor/laravel/framework/src/Illuminate/Routing/Pipeline.php(53): Illuminate\\Pipeline\\Pipeline->Illuminate\\Pipeline\\{closure}(Object(Illuminate\\Http\\Request))
#45 /home/customs1/public_html/projects/newsportal/vendor/laravel/framework/src/Illuminate/Pipeline/Pipeline.php(104): Illuminate\\Routing\\Pipeline->Illuminate\\Routing\\{closure}(Object(Illuminate\\Http\\Request))
#46 /home/customs1/public_html/projects/newsportal/vendor/laravel/framework/src/Illuminate/Foundation/Http/Kernel.php(151): Illuminate\\Pipeline\\Pipeline->then(Object(Closure))
#47 /home/customs1/public_html/projects/newsportal/vendor/laravel/framework/src/Illuminate/Foundation/Http/Kernel.php(116): Illuminate\\Foundation\\Http\\Kernel->sendRequestThroughRouter(Object(Illuminate\\Http\\Request))
#48 /home/customs1/public_html/projects/newsportal/public/index.php(55): Illuminate\\Foundation\\Http\\Kernel->handle(Object(Illuminate\\Http\\Request))
#49 {main}
"} 
[2021-07-19 18:53:47] local.ERROR: file_put_contents(A:\laragon\www\newsportal\storage\framework\views/586248950626724bb1f966444695ee13b153f512.php): failed to open stream: No such file or directory {"exception":"[object] (ErrorException(code: 0): file_put_contents(A:\\laragon\\www\
ewsportal\\storage\\framework\\views/586248950626724bb1f966444695ee13b153f512.php): failed to open stream: No such file or directory at /home/customs1/public_html/projects/newsportal/vendor/laravel/framework/src/Illuminate/Filesystem/Filesystem.php:122)
[stacktrace]
#0 [internal function]: Illuminate\\Foundation\\Bootstrap\\HandleExceptions->handleError(2, 'file_put_conten...', '/home/customs1/...', 122, Array)
#1 /home/customs1/public_html/projects/newsportal/vendor/laravel/framework/src/Illuminate/Filesystem/Filesystem.php(122): file_put_contents('A:\\\\laragon\\\\www\\\\...', '<?php $__env->s...', 0)
#2 /home/customs1/public_html/projects/newsportal/vendor/laravel/framework/src/Illuminate/View/Compilers/BladeCompiler.php(122): Illuminate\\Filesystem\\Filesystem->put('A:\\\\laragon\\\\www\\\\...', '<?php $__env->s...')
#3 /home/customs1/public_html/projects/newsportal/vendor/laravel/framework/src/Illuminate/View/Engines/CompilerEngine.php(51): Illuminate\\View\\Compilers\\BladeCompiler->compile('/home/customs1/...')
#4 /home/customs1/public_html/projects/newsportal/vendor/laravel/framework/src/Illuminate/View/View.php(142): Illuminate\\View\\Engines\\CompilerEngine->get('/home/customs1/...', Array)
#5 /home/customs1/public_html/projects/newsportal/vendor/laravel/framework/src/Illuminate/View/View.php(125): Illuminate\\View\\View->getContents()
#6 /home/customs1/public_html/projects/newsportal/vendor/laravel/framework/src/Illuminate/View/View.php(90): Illuminate\\View\\View->renderContents()
#7 /home/customs1/public_html/projects/newsportal/vendor/laravel/framework/src/Illuminate/Http/Response.php(42): Illuminate\\View\\View->render()
#8 /home/customs1/public_html/projects/newsportal/vendor/symfony/http-foundation/Response.php(205): Illuminate\\Http\\Response->setContent(Object(Illuminate\\View\\View))
#9 /home/customs1/public_html/projects/newsportal/vendor/laravel/framework/src/Illuminate/Routing/ResponseFactory.php(55): Symfony\\Component\\HttpFoundation\\Response->__construct(Object(Illuminate\\View\\View), 500, Array)
#10 /home/customs1/public_html/projects/newsportal/vendor/laravel/framework/src/Illuminate/Routing/ResponseFactory.php(81): Illuminate\\Routing\\ResponseFactory->make(Object(Illuminate\\View\\View), 500, Array)
#11 /home/customs1/public_html/projects/newsportal/vendor/laravel/framework/src/Illuminate/Foundation/Exceptions/Handler.php(380): Illuminate\\Routing\\ResponseFactory->view('errors::500', Array, 500, Array)
#12 /home/customs1/public_html/projects/newsportal/vendor/laravel/framework/src/Illuminate/Foundation/Exceptions/Handler.php(289): Illuminate\\Foundation\\Exceptions\\Handler->renderHttpException(Object(Symfony\\Component\\HttpKernel\\Exception\\HttpException))
#13 /home/customs1/public_html/projects/newsportal/vendor/laravel/framework/src/Illuminate/Foundation/Exceptions/Handler.php(188): Illuminate\\Foundation\\Exceptions\\Handler->prepareResponse(Object(Illuminate\\Http\\Request), Object(Symfony\\Component\\HttpKernel\\Exception\\HttpException))
#14 /home/customs1/public_html/projects/newsportal/app/Exceptions/Handler.php(49): Illuminate\\Foundation\\Exceptions\\Handler->render(Object(Illuminate\\Http\\Request), Object(ErrorException))
#15 /home/customs1/public_html/projects/newsportal/vendor/laravel/framework/src/Illuminate/Routing/Pipeline.php(83): App\\Exceptions\\Handler->render(Object(Illuminate\\Http\\Request), Object(ErrorException))
#16 /home/customs1/public_html/projects/newsportal/vendor/laravel/framework/src/Illuminate/Routing/Pipeline.php(55): Illuminate\\Routing\\Pipeline->handleException(Object(Illuminate\\Http\\Request), Object(ErrorException))
#17 /home/customs1/public_html/projects/newsportal/vendor/laravel/framework/src/Illuminate/Pipeline/Pipeline.php(104): Illuminate\\Routing\\Pipeline->Illuminate\\Routing\\{closure}(Object(Illuminate\\Http\\Request))
#18 /home/customs1/public_html/projects/newsportal/vendor/laravel/framework/src/Illuminate/Routing/Router.php(684): Illuminate\\Pipeline\\Pipeline->then(Object(Closure))
#19 /home/customs1/public_html/projects/newsportal/vendor/laravel/framework/src/Illuminate/Routing/Router.php(659): Illuminate\\Routing\\Router->runRouteWithinStack(Object(Illuminate\\Routing\\Route), Object(Illuminate\\Http\\Request))
#20 /home/customs1/public_html/projects/newsportal/vendor/laravel/framework/src/Illuminate/Routing/Router.php(625): Illuminate\\Routing\\Router->runRoute(Object(Illuminate\\Http\\Request), Object(Illuminate\\Routing\\Route))
#21 /home/customs1/public_html/projects/newsportal/vendor/laravel/framework/src/Illuminate/Routing/Router.php(614): Illuminate\\Routing\\Router->dispatchToRoute(Object(Illuminate\\Http\\Request))
#22 /home/customs1/public_html/projects/newsportal/vendor/laravel/framework/src/Illuminate/Foundation/Http/Kernel.php(176): Illuminate\\Routing\\Router->dispatch(Object(Illuminate\\Http\\Request))
#23 /home/customs1/public_html/projects/newsportal/vendor/laravel/framework/src/Illuminate/Routing/Pipeline.php(30): Illuminate\\Foundation\\Http\\Kernel->Illuminate\\Foundation\\Http\\{closure}(Object(Illuminate\\Http\\Request))
#24 /home/customs1/public_html/projects/newsportal/vendor/barryvdh/laravel-debugbar/src/Middleware/InjectDebugbar.php(58): Illuminate\\Routing\\Pipeline->Illuminate\\Routing\\{closure}(Object(Illuminate\\Http\\Request))
#25 /home/customs1/public_html/projects/newsportal/vendor/laravel/framework/src/Illuminate/Pipeline/Pipeline.php(163): Barryvdh\\Debugbar\\Middleware\\InjectDebugbar->handle(Object(Illuminate\\Http\\Request), Object(Closure))
#26 /home/customs1/public_html/projects/newsportal/vendor/laravel/framework/src/Illuminate/Routing/Pipeline.php(53): Illuminate\\Pipeline\\Pipeline->Illuminate\\Pipeline\\{closure}(Object(Illuminate\\Http\\Request))
#27 /home/customs1/public_html/projects/newsportal/vendor/fideloper/proxy/src/TrustProxies.php(57): Illuminate\\Routing\\Pipeline->Illuminate\\Routing\\{closure}(Object(Illuminate\\Http\\Request))
#28 /home/customs1/public_html/projects/newsportal/vendor/laravel/framework/src/Illuminate/Pipeline/Pipeline.php(163): Fideloper\\Proxy\\TrustProxies->handle(Object(Illuminate\\Http\\Request), Object(Closure))
#29 /home/customs1/public_html/projects/newsportal/vendor/laravel/framework/src/Illuminate/Routing/Pipeline.php(53): Illuminate\\Pipeline\\Pipeline->Illuminate\\Pipeline\\{closure}(Object(Illuminate\\Http\\Request))
#30 /home/customs1/public_html/projects/newsportal/vendor/laravel/framework/src/Illuminate/Foundation/Http/Middleware/TransformsRequest.php(31): Illuminate\\Routing\\Pipeline->Illuminate\\Routing\\{closure}(Object(Illuminate\\Http\\Request))
#31 /home/customs1/public_html/projects/newsportal/vendor/laravel/framework/src/Illuminate/Pipeline/Pipeline.php(163): Illuminate\\Foundation\\Http\\Middleware\\TransformsRequest->handle(Object(Illuminate\\Http\\Request), Object(Closure))
#32 /home/customs1/public_html/projects/newsportal/vendor/laravel/framework/src/Illuminate/Routing/Pipeline.php(53): Illuminate\\Pipeline\\Pipeline->Illuminate\\Pipeline\\{closure}(Object(Illuminate\\Http\\Request))
#33 /home/customs1/public_html/projects/newsportal/vendor/laravel/framework/src/Illuminate/Foundation/Http/Middleware/TransformsRequest.php(31): Illuminate\\Routing\\Pipeline->Illuminate\\Routing\\{closure}(Object(Illuminate\\Http\\Request))
#34 /home/customs1/public_html/projects/newsportal/vendor/laravel/framework/src/Illuminate/Pipeline/Pipeline.php(163): Illuminate\\Foundation\\Http\\Middleware\\TransformsRequest->handle(Object(Illuminate\\Http\\Request), Object(Closure))
#35 /home/customs1/public_html/projects/newsportal/vendor/laravel/framework/src/Illuminate/Routing/Pipeline.php(53): Illuminate\\Pipeline\\Pipeline->Illuminate\\Pipeline\\{closure}(Object(Illuminate\\Http\\Request))
#36 /home/customs1/public_html/projects/newsportal/vendor/laravel/framework/src/Illuminate/Foundation/Http/Middleware/ValidatePostSize.php(27): Illuminate\\Routing\\Pipeline->Illuminate\\Routing\\{closure}(Object(Illuminate\\Http\\Request))
#37 /home/customs1/public_html/projects/newsportal/vendor/laravel/framework/src/Illuminate/Pipeline/Pipeline.php(163): Illuminate\\Foundation\\Http\\Middleware\\ValidatePostSize->handle(Object(Illuminate\\Http\\Request), Object(Closure))
#38 /home/customs1/public_html/projects/newsportal/vendor/laravel/framework/src/Illuminate/Routing/Pipeline.php(53): Illuminate\\Pipeline\\Pipeline->Illuminate\\Pipeline\\{closure}(Object(Illuminate\\Http\\Request))
#39 /home/customs1/public_html/projects/newsportal/vendor/laravel/framework/src/Illuminate/Foundation/Http/Middleware/CheckForMaintenanceMode.php(62): Illuminate\\Routing\\Pipeline->Illuminate\\Routing\\{closure}(Object(Illuminate\\Http\\Request))
#40 /home/customs1/public_html/projects/newsportal/vendor/laravel/framework/src/Illuminate/Pipeline/Pipeline.php(163): Illuminate\\Foundation\\Http\\Middleware\\CheckForMaintenanceMode->handle(Object(Illuminate\\Http\\Request), Object(Closure))
#41 /home/customs1/public_html/projects/newsportal/vendor/laravel/framework/src/Illuminate/Routing/Pipeline.php(53): Illuminate\\Pipeline\\Pipeline->Illuminate\\Pipeline\\{closure}(Object(Illuminate\\Http\\Request))
#42 /home/customs1/public_html/projects/newsportal/vendor/laravel/framework/src/Illuminate/Pipeline/Pipeline.php(104): Illuminate\\Routing\\Pipeline->Illuminate\\Routing\\{closure}(Object(Illuminate\\Http\\Request))
#43 /home/customs1/public_html/projects/newsportal/vendor/laravel/framework/src/Illuminate/Foundation/Http/Kernel.php(151): Illuminate\\Pipeline\\Pipeline->then(Object(Closure))
#44 /home/customs1/public_html/projects/newsportal/vendor/laravel/framework/src/Illuminate/Foundation/Http/Kernel.php(116): Illuminate\\Foundation\\Http\\Kernel->sendRequestThroughRouter(Object(Illuminate\\Http\\Request))
#45 /home/customs1/public_html/projects/newsportal/public/index.php(55): Illuminate\\Foundation\\Http\\Kernel->handle(Object(Illuminate\\Http\\Request))
#46 {main}
"} 
[2021-07-19 18:53:47] local.ERROR: file_put_contents(A:\laragon\www\newsportal\storage\framework\views/586248950626724bb1f966444695ee13b153f512.php): failed to open stream: No such file or directory {"exception":"[object] (ErrorException(code: 0): file_put_contents(A:\\laragon\\www\
ewsportal\\storage\\framework\\views/586248950626724bb1f966444695ee13b153f512.php): failed to open stream: No such file or directory at /home/customs1/public_html/projects/newsportal/vendor/laravel/framework/src/Illuminate/Filesystem/Filesystem.php:122)
[stacktrace]
#0 [internal function]: Illuminate\\Foundation\\Bootstrap\\HandleExceptions->handleError(2, 'file_put_conten...', '/home/customs1/...', 122, Array)
#1 /home/customs1/public_html/projects/newsportal/vendor/laravel/framework/src/Illuminate/Filesystem/Filesystem.php(122): file_put_contents('A:\\\\laragon\\\\www\\\\...', '<?php $__env->s...', 0)
#2 /home/customs1/public_html/projects/newsportal/vendor/laravel/framework/src/Illuminate/View/Compilers/BladeCompiler.php(122): Illuminate\\Filesystem\\Filesystem->put('A:\\\\laragon\\\\www\\\\...', '<?php $__env->s...')
#3 /home/customs1/public_html/projects/newsportal/vendor/laravel/framework/src/Illuminate/View/Engines/CompilerEngine.php(51): Illuminate\\View\\Compilers\\BladeCompiler->compile('/home/customs1/...')
#4 /home/customs1/public_html/projects/newsportal/vendor/laravel/framework/src/Illuminate/View/View.php(142): Illuminate\\View\\Engines\\CompilerEngine->get('/home/customs1/...', Array)
#5 /home/customs1/public_html/projects/newsportal/vendor/laravel/framework/src/Illuminate/View/View.php(125): Illuminate\\View\\View->getContents()
#6 /home/customs1/public_html/projects/newsportal/vendor/laravel/framework/src/Illuminate/View/View.php(90): Illuminate\\View\\View->renderContents()
#7 /home/customs1/public_html/projects/newsportal/vendor/laravel/framework/src/Illuminate/Http/Response.php(42): Illuminate\\View\\View->render()
#8 /home/customs1/public_html/projects/newsportal/vendor/symfony/http-foundation/Response.php(205): Illuminate\\Http\\Response->setContent(Object(Illuminate\\View\\View))
#9 /home/customs1/public_html/projects/newsportal/vendor/laravel/framework/src/Illuminate/Routing/ResponseFactory.php(55): Symfony\\Component\\HttpFoundation\\Response->__construct(Object(Illuminate\\View\\View), 500, Array)
#10 /home/customs1/public_html/projects/newsportal/vendor/laravel/framework/src/Illuminate/Routing/ResponseFactory.php(81): Illuminate\\Routing\\ResponseFactory->make(Object(Illuminate\\View\\View), 500, Array)
#11 /home/customs1/public_html/projects/newsportal/vendor/laravel/framework/src/Illuminate/Foundation/Exceptions/Handler.php(380): Illuminate\\Routing\\ResponseFactory->view('errors::500', Array, 500, Array)
#12 /home/customs1/public_html/projects/newsportal/vendor/laravel/framework/src/Illuminate/Foundation/Exceptions/Handler.php(289): Illuminate\\Foundation\\Exceptions\\Handler->renderHttpException(Object(Symfony\\Component\\HttpKernel\\Exception\\HttpException))
#13 /home/customs1/public_html/projects/newsportal/vendor/laravel/framework/src/Illuminate/Foundation/Exceptions/Handler.php(188): Illuminate\\Foundation\\Exceptions\\Handler->prepareResponse(Object(Illuminate\\Http\\Request), Object(Symfony\\Component\\HttpKernel\\Exception\\HttpException))
#14 /home/customs1/public_html/projects/newsportal/app/Exceptions/Handler.php(49): Illuminate\\Foundation\\Exceptions\\Handler->render(Object(Illuminate\\Http\\Request), Object(ErrorException))
#15 /home/customs1/public_html/projects/newsportal/vendor/laravel/framework/src/Illuminate/Routing/Pipeline.php(83): App\\Exceptions\\Handler->render(Object(Illuminate\\Http\\Request), Object(ErrorException))
#16 /home/customs1/public_html/projects/newsportal/vendor/laravel/framework/src/Illuminate/Routing/Pipeline.php(32): Illuminate\\Routing\\Pipeline->handleException(Object(Illuminate\\Http\\Request), Object(ErrorException))
#17 /home/customs1/public_html/projects/newsportal/vendor/barryvdh/laravel-debugbar/src/Middleware/InjectDebugbar.php(58): Illuminate\\Routing\\Pipeline->Illuminate\\Routing\\{closure}(Object(Illuminate\\Http\\Request))
#18 /home/customs1/public_html/projects/newsportal/vendor/laravel/framework/src/Illuminate/Pipeline/Pipeline.php(163): Barryvdh\\Debugbar\\Middleware\\InjectDebugbar->handle(Object(Illuminate\\Http\\Request), Object(Closure))
#19 /home/customs1/public_html/projects/newsportal/vendor/laravel/framework/src/Illuminate/Routing/Pipeline.php(53): Illuminate\\Pipeline\\Pipeline->Illuminate\\Pipeline\\{closure}(Object(Illuminate\\Http\\Request))
#20 /home/customs1/public_html/projects/newsportal/vendor/fideloper/proxy/src/TrustProxies.php(57): Illuminate\\Routing\\Pipeline->Illuminate\\Routing\\{closure}(Object(Illuminate\\Http\\Request))
#21 /home/customs1/public_html/projects/newsportal/vendor/laravel/framework/src/Illuminate/Pipeline/Pipeline.php(163): Fideloper\\Proxy\\TrustProxies->handle(Object(Illuminate\\Http\\Request), Object(Closure))
#22 /home/customs1/public_html/projects/newsportal/vendor/laravel/framework/src/Illuminate/Routing/Pipeline.php(53): Illuminate\\Pipeline\\Pipeline->Illuminate\\Pipeline\\{closure}(Object(Illuminate\\Http\\Request))
#23 /home/customs1/public_html/projects/newsportal/vendor/laravel/framework/src/Illuminate/Foundation/Http/Middleware/TransformsRequest.php(31): Illuminate\\Routing\\Pipeline->Illuminate\\Routing\\{closure}(Object(Illuminate\\Http\\Request))
#24 /home/customs1/public_html/projects/newsportal/vendor/laravel/framework/src/Illuminate/Pipeline/Pipeline.php(163): Illuminate\\Foundation\\Http\\Middleware\\TransformsRequest->handle(Object(Illuminate\\Http\\Request), Object(Closure))
#25 /home/customs1/public_html/projects/newsportal/vendor/laravel/framework/src/Illuminate/Routing/Pipeline.php(53): Illuminate\\Pipeline\\Pipeline->Illuminate\\Pipeline\\{closure}(Object(Illuminate\\Http\\Request))
#26 /home/customs1/public_html/projects/newsportal/vendor/laravel/framework/src/Illuminate/Foundation/Http/Middleware/TransformsRequest.php(31): Illuminate\\Routing\\Pipeline->Illuminate\\Routing\\{closure}(Object(Illuminate\\Http\\Request))
#27 /home/customs1/public_html/projects/newsportal/vendor/laravel/framework/src/Illuminate/Pipeline/Pipeline.php(163): Illuminate\\Foundation\\Http\\Middleware\\TransformsRequest->handle(Object(Illuminate\\Http\\Request), Object(Closure))
#28 /home/customs1/public_html/projects/newsportal/vendor/laravel/framework/src/Illuminate/Routing/Pipeline.php(53): Illuminate\\Pipeline\\Pipeline->Illuminate\\Pipeline\\{closure}(Object(Illuminate\\Http\\Request))
#29 /home/customs1/public_html/projects/newsportal/vendor/laravel/framework/src/Illuminate/Foundation/Http/Middleware/ValidatePostSize.php(27): Illuminate\\Routing\\Pipeline->Illuminate\\Routing\\{closure}(Object(Illuminate\\Http\\Request))
#30 /home/customs1/public_html/projects/newsportal/vendor/laravel/framework/src/Illuminate/Pipeline/Pipeline.php(163): Illuminate\\Foundation\\Http\\Middleware\\ValidatePostSize->handle(Object(Illuminate\\Http\\Request), Object(Closure))
#31 /home/customs1/public_html/projects/newsportal/vendor/laravel/framework/src/Illuminate/Routing/Pipeline.php(53): Illuminate\\Pipeline\\Pipeline->Illuminate\\Pipeline\\{closure}(Object(Illuminate\\Http\\Request))
#32 /home/customs1/public_html/projects/newsportal/vendor/laravel/framework/src/Illuminate/Foundation/Http/Middleware/CheckForMaintenanceMode.php(62): Illuminate\\Routing\\Pipeline->Illuminate\\Routing\\{closure}(Object(Illuminate\\Http\\Request))
#33 /home/customs1/public_html/projects/newsportal/vendor/laravel/framework/src/Illuminate/Pipeline/Pipeline.php(163): Illuminate\\Foundation\\Http\\Middleware\\CheckForMaintenanceMode->handle(Object(Illuminate\\Http\\Request), Object(Closure))
#34 /home/customs1/public_html/projects/newsportal/vendor/laravel/framework/src/Illuminate/Routing/Pipeline.php(53): Illuminate\\Pipeline\\Pipeline->Illuminate\\Pipeline\\{closure}(Object(Illuminate\\Http\\Request))
#35 /home/customs1/public_html/projects/newsportal/vendor/laravel/framework/src/Illuminate/Pipeline/Pipeline.php(104): Illuminate\\Routing\\Pipeline->Illuminate\\Routing\\{closure}(Object(Illuminate\\Http\\Request))
#36 /home/customs1/public_html/projects/newsportal/vendor/laravel/framework/src/Illuminate/Foundation/Http/Kernel.php(151): Illuminate\\Pipeline\\Pipeline->then(Object(Closure))
#37 /home/customs1/public_html/projects/newsportal/vendor/laravel/framework/src/Illuminate/Foundation/Http/Kernel.php(116): Illuminate\\Foundation\\Http\\Kernel->sendRequestThroughRouter(Object(Illuminate\\Http\\Request))
#38 /home/customs1/public_html/projects/newsportal/public/index.php(55): Illuminate\\Foundation\\Http\\Kernel->handle(Object(Illuminate\\Http\\Request))
#39 {main}
"} 
[2021-07-19 18:53:47] local.ERROR: file_put_contents(A:\laragon\www\newsportal\storage\framework\views/586248950626724bb1f966444695ee13b153f512.php): failed to open stream: No such file or directory {"exception":"[object] (ErrorException(code: 0): file_put_contents(A:\\laragon\\www\
ewsportal\\storage\\framework\\views/586248950626724bb1f966444695ee13b153f512.php): failed to open stream: No such file or directory at /home/customs1/public_html/projects/newsportal/vendor/laravel/framework/src/Illuminate/Filesystem/Filesystem.php:122)
[stacktrace]
#0 [internal function]: Illuminate\\Foundation\\Bootstrap\\HandleExceptions->handleError(2, 'file_put_conten...', '/home/customs1/...', 122, Array)
#1 /home/customs1/public_html/projects/newsportal/vendor/laravel/framework/src/Illuminate/Filesystem/Filesystem.php(122): file_put_contents('A:\\\\laragon\\\\www\\\\...', '<?php $__env->s...', 0)
#2 /home/customs1/public_html/projects/newsportal/vendor/laravel/framework/src/Illuminate/View/Compilers/BladeCompiler.php(122): Illuminate\\Filesystem\\Filesystem->put('A:\\\\laragon\\\\www\\\\...', '<?php $__env->s...')
#3 /home/customs1/public_html/projects/newsportal/vendor/laravel/framework/src/Illuminate/View/Engines/CompilerEngine.php(51): Illuminate\\View\\Compilers\\BladeCompiler->compile('/home/customs1/...')
#4 /home/customs1/public_html/projects/newsportal/vendor/laravel/framework/src/Illuminate/View/View.php(142): Illuminate\\View\\Engines\\CompilerEngine->get('/home/customs1/...', Array)
#5 /home/customs1/public_html/projects/newsportal/vendor/laravel/framework/src/Illuminate/View/View.php(125): Illuminate\\View\\View->getContents()
#6 /home/customs1/public_html/projects/newsportal/vendor/laravel/framework/src/Illuminate/View/View.php(90): Illuminate\\View\\View->renderContents()
#7 /home/customs1/public_html/projects/newsportal/vendor/laravel/framework/src/Illuminate/Http/Response.php(42): Illuminate\\View\\View->render()
#8 /home/customs1/public_html/projects/newsportal/vendor/symfony/http-foundation/Response.php(205): Illuminate\\Http\\Response->setContent(Object(Illuminate\\View\\View))
#9 /home/customs1/public_html/projects/newsportal/vendor/laravel/framework/src/Illuminate/Routing/ResponseFactory.php(55): Symfony\\Component\\HttpFoundation\\Response->__construct(Object(Illuminate\\View\\View), 500, Array)
#10 /home/customs1/public_html/projects/newsportal/vendor/laravel/framework/src/Illuminate/Routing/ResponseFactory.php(81): Illuminate\\Routing\\ResponseFactory->make(Object(Illuminate\\View\\View), 500, Array)
#11 /home/customs1/public_html/projects/newsportal/vendor/laravel/framework/src/Illuminate/Foundation/Exceptions/Handler.php(380): Illuminate\\Routing\\ResponseFactory->view('errors::500', Array, 500, Array)
#12 /home/customs1/public_html/projects/newsportal/vendor/laravel/framework/src/Illuminate/Foundation/Exceptions/Handler.php(289): Illuminate\\Foundation\\Exceptions\\Handler->renderHttpException(Object(Symfony\\Component\\HttpKernel\\Exception\\HttpException))
#13 /home/customs1/public_html/projects/newsportal/vendor/laravel/framework/src/Illuminate/Foundation/Exceptions/Handler.php(188): Illuminate\\Foundation\\Exceptions\\Handler->prepareResponse(Object(Illuminate\\Http\\Request), Object(Symfony\\Component\\HttpKernel\\Exception\\HttpException))
#14 /home/customs1/public_html/projects/newsportal/app/Exceptions/Handler.php(49): Illuminate\\Foundation\\Exceptions\\Handler->render(Object(Illuminate\\Http\\Request), Object(ErrorException))
#15 /home/customs1/public_html/projects/newsportal/vendor/laravel/framework/src/Illuminate/Routing/Pipeline.php(83): App\\Exceptions\\Handler->render(Object(Illuminate\\Http\\Request), Object(ErrorException))
#16 /home/customs1/public_html/projects/newsportal/vendor/laravel/framework/src/Illuminate/Routing/Pipeline.php(55): Illuminate\\Routing\\Pipeline->handleException(Object(Illuminate\\Http\\Request), Object(ErrorException))
#17 /home/customs1/public_html/projects/newsportal/vendor/fideloper/proxy/src/TrustProxies.php(57): Illuminate\\Routing\\Pipeline->Illuminate\\Routing\\{closure}(Object(Illuminate\\Http\\Request))
#18 /home/customs1/public_html/projects/newsportal/vendor/laravel/framework/src/Illuminate/Pipeline/Pipeline.php(163): Fideloper\\Proxy\\TrustProxies->handle(Object(Illuminate\\Http\\Request), Object(Closure))
#19 /home/customs1/public_html/projects/newsportal/vendor/laravel/framework/src/Illuminate/Routing/Pipeline.php(53): Illuminate\\Pipeline\\Pipeline->Illuminate\\Pipeline\\{closure}(Object(Illuminate\\Http\\Request))
#20 /home/customs1/public_html/projects/newsportal/vendor/laravel/framework/src/Illuminate/Foundation/Http/Middleware/TransformsRequest.php(31): Illuminate\\Routing\\Pipeline->Illuminate\\Routing\\{closure}(Object(Illuminate\\Http\\Request))
#21 /home/customs1/public_html/projects/newsportal/vendor/laravel/framework/src/Illuminate/Pipeline/Pipeline.php(163): Illuminate\\Foundation\\Http\\Middleware\\TransformsRequest->handle(Object(Illuminate\\Http\\Request), Object(Closure))
#22 /home/customs1/public_html/projects/newsportal/vendor/laravel/framework/src/Illuminate/Routing/Pipeline.php(53): Illuminate\\Pipeline\\Pipeline->Illuminate\\Pipeline\\{closure}(Object(Illuminate\\Http\\Request))
#23 /home/customs1/public_html/projects/newsportal/vendor/laravel/framework/src/Illuminate/Foundation/Http/Middleware/TransformsRequest.php(31): Illuminate\\Routing\\Pipeline->Illuminate\\Routing\\{closure}(Object(Illuminate\\Http\\Request))
#24 /home/customs1/public_html/projects/newsportal/vendor/laravel/framework/src/Illuminate/Pipeline/Pipeline.php(163): Illuminate\\Foundation\\Http\\Middleware\\TransformsRequest->handle(Object(Illuminate\\Http\\Request), Object(Closure))
#25 /home/customs1/public_html/projects/newsportal/vendor/laravel/framework/src/Illuminate/Routing/Pipeline.php(53): Illuminate\\Pipeline\\Pipeline->Illuminate\\Pipeline\\{closure}(Object(Illuminate\\Http\\Request))
#26 /home/customs1/public_html/projects/newsportal/vendor/laravel/framework/src/Illuminate/Foundation/Http/Middleware/ValidatePostSize.php(27): Illuminate\\Routing\\Pipeline->Illuminate\\Routing\\{closure}(Object(Illuminate\\Http\\Request))
#27 /home/customs1/public_html/projects/newsportal/vendor/laravel/framework/src/Illuminate/Pipeline/Pipeline.php(163): Illuminate\\Foundation\\Http\\Middleware\\ValidatePostSize->handle(Object(Illuminate\\Http\\Request), Object(Closure))
#28 /home/customs1/public_html/projects/newsportal/vendor/laravel/framework/src/Illuminate/Routing/Pipeline.php(53): Illuminate\\Pipeline\\Pipeline->Illuminate\\Pipeline\\{closure}(Object(Illuminate\\Http\\Request))
#29 /home/customs1/public_html/projects/newsportal/vendor/laravel/framework/src/Illuminate/Foundation/Http/Middleware/CheckForMaintenanceMode.php(62): Illuminate\\Routing\\Pipeline->Illuminate\\Routing\\{closure}(Object(Illuminate\\Http\\Request))
#30 /home/customs1/public_html/projects/newsportal/vendor/laravel/framework/src/Illuminate/Pipeline/Pipeline.php(163): Illuminate\\Foundation\\Http\\Middleware\\CheckForMaintenanceMode->handle(Object(Illuminate\\Http\\Request), Object(Closure))
#31 /home/customs1/public_html/projects/newsportal/vendor/laravel/framework/src/Illuminate/Routing/Pipeline.php(53): Illuminate\\Pipeline\\Pipeline->Illuminate\\Pipeline\\{closure}(Object(Illuminate\\Http\\Request))
#32 /home/customs1/public_html/projects/newsportal/vendor/laravel/framework/src/Illuminate/Pipeline/Pipeline.php(104): Illuminate\\Routing\\Pipeline->Illuminate\\Routing\\{closure}(Object(Illuminate\\Http\\Request))
#33 /home/customs1/public_html/projects/newsportal/vendor/laravel/framework/src/Illuminate/Foundation/Http/Kernel.php(151): Illuminate\\Pipeline\\Pipeline->then(Object(Closure))
#34 /home/customs1/public_html/projects/newsportal/vendor/laravel/framework/src/Illuminate/Foundation/Http/Kernel.php(116): Illuminate\\Foundation\\Http\\Kernel->sendRequestThroughRouter(Object(Illuminate\\Http\\Request))
#35 /home/customs1/public_html/projects/newsportal/public/index.php(55): Illuminate\\Foundation\\Http\\Kernel->handle(Object(Illuminate\\Http\\Request))
#36 {main}
"} 
[2021-07-19 18:53:47] local.ERROR: file_put_contents(A:\laragon\www\newsportal\storage\framework\views/586248950626724bb1f966444695ee13b153f512.php): failed to open stream: No such file or directory {"exception":"[object] (ErrorException(code: 0): file_put_contents(A:\\laragon\\www\
ewsportal\\storage\\framework\\views/586248950626724bb1f966444695ee13b153f512.php): failed to open stream: No such file or directory at /home/customs1/public_html/projects/newsportal/vendor/laravel/framework/src/Illuminate/Filesystem/Filesystem.php:122)
[stacktrace]
#0 [internal function]: Illuminate\\Foundation\\Bootstrap\\HandleExceptions->handleError(2, 'file_put_conten...', '/home/customs1/...', 122, Array)
#1 /home/customs1/public_html/projects/newsportal/vendor/laravel/framework/src/Illuminate/Filesystem/Filesystem.php(122): file_put_contents('A:\\\\laragon\\\\www\\\\...', '<?php $__env->s...', 0)
#2 /home/customs1/public_html/projects/newsportal/vendor/laravel/framework/src/Illuminate/View/Compilers/BladeCompiler.php(122): Illuminate\\Filesystem\\Filesystem->put('A:\\\\laragon\\\\www\\\\...', '<?php $__env->s...')
#3 /home/customs1/public_html/projects/newsportal/vendor/laravel/framework/src/Illuminate/View/Engines/CompilerEngine.php(51): Illuminate\\View\\Compilers\\BladeCompiler->compile('/home/customs1/...')
#4 /home/customs1/public_html/projects/newsportal/vendor/laravel/framework/src/Illuminate/View/View.php(142): Illuminate\\View\\Engines\\CompilerEngine->get('/home/customs1/...', Array)
#5 /home/customs1/public_html/projects/newsportal/vendor/laravel/framework/src/Illuminate/View/View.php(125): Illuminate\\View\\View->getContents()
#6 /home/customs1/public_html/projects/newsportal/vendor/laravel/framework/src/Illuminate/View/View.php(90): Illuminate\\View\\View->renderContents()
#7 /home/customs1/public_html/projects/newsportal/vendor/laravel/framework/src/Illuminate/Http/Response.php(42): Illuminate\\View\\View->render()
#8 /home/customs1/public_html/projects/newsportal/vendor/symfony/http-foundation/Response.php(205): Illuminate\\Http\\Response->setContent(Object(Illuminate\\View\\View))
#9 /home/customs1/public_html/projects/newsportal/vendor/laravel/framework/src/Illuminate/Routing/ResponseFactory.php(55): Symfony\\Component\\HttpFoundation\\Response->__construct(Object(Illuminate\\View\\View), 500, Array)
#10 /home/customs1/public_html/projects/newsportal/vendor/laravel/framework/src/Illuminate/Routing/ResponseFactory.php(81): Illuminate\\Routing\\ResponseFactory->make(Object(Illuminate\\View\\View), 500, Array)
#11 /home/customs1/public_html/projects/newsportal/vendor/laravel/framework/src/Illuminate/Foundation/Exceptions/Handler.php(380): Illuminate\\Routing\\ResponseFactory->view('errors::500', Array, 500, Array)
#12 /home/customs1/public_html/projects/newsportal/vendor/laravel/framework/src/Illuminate/Foundation/Exceptions/Handler.php(289): Illuminate\\Foundation\\Exceptions\\Handler->renderHttpException(Object(Symfony\\Component\\HttpKernel\\Exception\\HttpException))
#13 /home/customs1/public_html/projects/newsportal/vendor/laravel/framework/src/Illuminate/Foundation/Exceptions/Handler.php(188): Illuminate\\Foundation\\Exceptions\\Handler->prepareResponse(Object(Illuminate\\Http\\Request), Object(Symfony\\Component\\HttpKernel\\Exception\\HttpException))
#14 /home/customs1/public_html/projects/newsportal/app/Exceptions/Handler.php(49): Illuminate\\Foundation\\Exceptions\\Handler->render(Object(Illuminate\\Http\\Request), Object(ErrorException))
#15 /home/customs1/public_html/projects/newsportal/vendor/laravel/framework/src/Illuminate/Routing/Pipeline.php(83): App\\Exceptions\\Handler->render(Object(Illuminate\\Http\\Request), Object(ErrorException))
#16 /home/customs1/public_html/projects/newsportal/vendor/laravel/framework/src/Illuminate/Routing/Pipeline.php(55): Illuminate\\Routing\\Pipeline->handleException(Object(Illuminate\\Http\\Request), Object(ErrorException))
#17 /home/customs1/public_html/projects/newsportal/vendor/laravel/framework/src/Illuminate/Foundation/Http/Middleware/TransformsRequest.php(31): Illuminate\\Routing\\Pipeline->Illuminate\\Routing\\{closure}(Object(Illuminate\\Http\\Request))
#18 /home/customs1/public_html/projects/newsportal/vendor/laravel/framework/src/Illuminate/Pipeline/Pipeline.php(163): Illuminate\\Foundation\\Http\\Middleware\\TransformsRequest->handle(Object(Illuminate\\Http\\Request), Object(Closure))
#19 /home/customs1/public_html/projects/newsportal/vendor/laravel/framework/src/Illuminate/Routing/Pipeline.php(53): Illuminate\\Pipeline\\Pipeline->Illuminate\\Pipeline\\{closure}(Object(Illuminate\\Http\\Request))
#20 /home/customs1/public_html/projects/newsportal/vendor/laravel/framework/src/Illuminate/Foundation/Http/Middleware/TransformsRequest.php(31): Illuminate\\Routing\\Pipeline->Illuminate\\Routing\\{closure}(Object(Illuminate\\Http\\Request))
#21 /home/customs1/public_html/projects/newsportal/vendor/laravel/framework/src/Illuminate/Pipeline/Pipeline.php(163): Illuminate\\Foundation\\Http\\Middleware\\TransformsRequest->handle(Object(Illuminate\\Http\\Request), Object(Closure))
#22 /home/customs1/public_html/projects/newsportal/vendor/laravel/framework/src/Illuminate/Routing/Pipeline.php(53): Illuminate\\Pipeline\\Pipeline->Illuminate\\Pipeline\\{closure}(Object(Illuminate\\Http\\Request))
#23 /home/customs1/public_html/projects/newsportal/vendor/laravel/framework/src/Illuminate/Foundation/Http/Middleware/ValidatePostSize.php(27): Illuminate\\Routing\\Pipeline->Illuminate\\Routing\\{closure}(Object(Illuminate\\Http\\Request))
#24 /home/customs1/public_html/projects/newsportal/vendor/laravel/framework/src/Illuminate/Pipeline/Pipeline.php(163): Illuminate\\Foundation\\Http\\Middleware\\ValidatePostSize->handle(Object(Illuminate\\Http\\Request), Object(Closure))
#25 /home/customs1/public_html/projects/newsportal/vendor/laravel/framework/src/Illuminate/Routing/Pipeline.php(53): Illuminate\\Pipeline\\Pipeline->Illuminate\\Pipeline\\{closure}(Object(Illuminate\\Http\\Request))
#26 /home/customs1/public_html/projects/newsportal/vendor/laravel/framework/src/Illuminate/Foundation/Http/Middleware/CheckForMaintenanceMode.php(62): Illuminate\\Routing\\Pipeline->Illuminate\\Routing\\{closure}(Object(Illuminate\\Http\\Request))
#27 /home/customs1/public_html/projects/newsportal/vendor/laravel/framework/src/Illuminate/Pipeline/Pipeline.php(163): Illuminate\\Foundation\\Http\\Middleware\\CheckForMaintenanceMode->handle(Object(Illuminate\\Http\\Request), Object(Closure))
#28 /home/customs1/public_html/projects/newsportal/vendor/laravel/framework/src/Illuminate/Routing/Pipeline.php(53): Illuminate\\Pipeline\\Pipeline->Illuminate\\Pipeline\\{closure}(Object(Illuminate\\Http\\Request))
#29 /home/customs1/public_html/projects/newsportal/vendor/laravel/framework/src/Illuminate/Pipeline/Pipeline.php(104): Illuminate\\Routing\\Pipeline->Illuminate\\Routing\\{closure}(Object(Illuminate\\Http\\Request))
#30 /home/customs1/public_html/projects/newsportal/vendor/laravel/framework/src/Illuminate/Foundation/Http/Kernel.php(151): Illuminate\\Pipeline\\Pipeline->then(Object(Closure))
#31 /home/customs1/public_html/projects/newsportal/vendor/laravel/framework/src/Illuminate/Foundation/Http/Kernel.php(116): Illuminate\\Foundation\\Http\\Kernel->sendRequestThroughRouter(Object(Illuminate\\Http\\Request))
#32 /home/customs1/public_html/projects/newsportal/public/index.php(55): Illuminate\\Foundation\\Http\\Kernel->handle(Object(Illuminate\\Http\\Request))
#33 {main}
"} 
[2021-07-19 18:53:47] local.ERROR: file_put_contents(A:\laragon\www\newsportal\storage\framework\views/586248950626724bb1f966444695ee13b153f512.php): failed to open stream: No such file or directory {"exception":"[object] (ErrorException(code: 0): file_put_contents(A:\\laragon\\www\
ewsportal\\storage\\framework\\views/586248950626724bb1f966444695ee13b153f512.php): failed to open stream: No such file or directory at /home/customs1/public_html/projects/newsportal/vendor/laravel/framework/src/Illuminate/Filesystem/Filesystem.php:122)
[stacktrace]
#0 [internal function]: Illuminate\\Foundation\\Bootstrap\\HandleExceptions->handleError(2, 'file_put_conten...', '/home/customs1/...', 122, Array)
#1 /home/customs1/public_html/projects/newsportal/vendor/laravel/framework/src/Illuminate/Filesystem/Filesystem.php(122): file_put_contents('A:\\\\laragon\\\\www\\\\...', '<?php $__env->s...', 0)
#2 /home/customs1/public_html/projects/newsportal/vendor/laravel/framework/src/Illuminate/View/Compilers/BladeCompiler.php(122): Illuminate\\Filesystem\\Filesystem->put('A:\\\\laragon\\\\www\\\\...', '<?php $__env->s...')
#3 /home/customs1/public_html/projects/newsportal/vendor/laravel/framework/src/Illuminate/View/Engines/CompilerEngine.php(51): Illuminate\\View\\Compilers\\BladeCompiler->compile('/home/customs1/...')
#4 /home/customs1/public_html/projects/newsportal/vendor/laravel/framework/src/Illuminate/View/View.php(142): Illuminate\\View\\Engines\\CompilerEngine->get('/home/customs1/...', Array)
#5 /home/customs1/public_html/projects/newsportal/vendor/laravel/framework/src/Illuminate/View/View.php(125): Illuminate\\View\\View->getContents()
#6 /home/customs1/public_html/projects/newsportal/vendor/laravel/framework/src/Illuminate/View/View.php(90): Illuminate\\View\\View->renderContents()
#7 /home/customs1/public_html/projects/newsportal/vendor/laravel/framework/src/Illuminate/Http/Response.php(42): Illuminate\\View\\View->render()
#8 /home/customs1/public_html/projects/newsportal/vendor/symfony/http-foundation/Response.php(205): Illuminate\\Http\\Response->setContent(Object(Illuminate\\View\\View))
#9 /home/customs1/public_html/projects/newsportal/vendor/laravel/framework/src/Illuminate/Routing/ResponseFactory.php(55): Symfony\\Component\\HttpFoundation\\Response->__construct(Object(Illuminate\\View\\View), 500, Array)
#10 /home/customs1/public_html/projects/newsportal/vendor/laravel/framework/src/Illuminate/Routing/ResponseFactory.php(81): Illuminate\\Routing\\ResponseFactory->make(Object(Illuminate\\View\\View), 500, Array)
#11 /home/customs1/public_html/projects/newsportal/vendor/laravel/framework/src/Illuminate/Foundation/Exceptions/Handler.php(380): Illuminate\\Routing\\ResponseFactory->view('errors::500', Array, 500, Array)
#12 /home/customs1/public_html/projects/newsportal/vendor/laravel/framework/src/Illuminate/Foundation/Exceptions/Handler.php(289): Illuminate\\Foundation\\Exceptions\\Handler->renderHttpException(Object(Symfony\\Component\\HttpKernel\\Exception\\HttpException))
#13 /home/customs1/public_html/projects/newsportal/vendor/laravel/framework/src/Illuminate/Foundation/Exceptions/Handler.php(188): Illuminate\\Foundation\\Exceptions\\Handler->prepareResponse(Object(Illuminate\\Http\\Request), Object(Symfony\\Component\\HttpKernel\\Exception\\HttpException))
#14 /home/customs1/public_html/projects/newsportal/app/Exceptions/Handler.php(49): Illuminate\\Foundation\\Exceptions\\Handler->render(Object(Illuminate\\Http\\Request), Object(ErrorException))
#15 /home/customs1/public_html/projects/newsportal/vendor/laravel/framework/src/Illuminate/Routing/Pipeline.php(83): App\\Exceptions\\Handler->render(Object(Illuminate\\Http\\Request), Object(ErrorException))
#16 /home/customs1/public_html/projects/newsportal/vendor/laravel/framework/src/Illuminate/Routing/Pipeline.php(55): Illuminate\\Routing\\Pipeline->handleException(Object(Illuminate\\Http\\Request), Object(ErrorException))
#17 /home/customs1/public_html/projects/newsportal/vendor/laravel/framework/src/Illuminate/Foundation/Http/Middleware/TransformsRequest.php(31): Illuminate\\Routing\\Pipeline->Illuminate\\Routing\\{closure}(Object(Illuminate\\Http\\Request))
#18 /home/customs1/public_html/projects/newsportal/vendor/laravel/framework/src/Illuminate/Pipeline/Pipeline.php(163): Illuminate\\Foundation\\Http\\Middleware\\TransformsRequest->handle(Object(Illuminate\\Http\\Request), Object(Closure))
#19 /home/customs1/public_html/projects/newsportal/vendor/laravel/framework/src/Illuminate/Routing/Pipeline.php(53): Illuminate\\Pipeline\\Pipeline->Illuminate\\Pipeline\\{closure}(Object(Illuminate\\Http\\Request))
#20 /home/customs1/public_html/projects/newsportal/vendor/laravel/framework/src/Illuminate/Foundation/Http/Middleware/ValidatePostSize.php(27): Illuminate\\Routing\\Pipeline->Illuminate\\Routing\\{closure}(Object(Illuminate\\Http\\Request))
#21 /home/customs1/public_html/projects/newsportal/vendor/laravel/framework/src/Illuminate/Pipeline/Pipeline.php(163): Illuminate\\Foundation\\Http\\Middleware\\ValidatePostSize->handle(Object(Illuminate\\Http\\Request), Object(Closure))
#22 /home/customs1/public_html/projects/newsportal/vendor/laravel/framework/src/Illuminate/Routing/Pipeline.php(53): Illuminate\\Pipeline\\Pipeline->Illuminate\\Pipeline\\{closure}(Object(Illuminate\\Http\\Request))
#23 /home/customs1/public_html/projects/newsportal/vendor/laravel/framework/src/Illuminate/Foundation/Http/Middleware/CheckForMaintenanceMode.php(62): Illuminate\\Routing\\Pipeline->Illuminate\\Routing\\{closure}(Object(Illuminate\\Http\\Request))
#24 /home/customs1/public_html/projects/newsportal/vendor/laravel/framework/src/Illuminate/Pipeline/Pipeline.php(163): Illuminate\\Foundation\\Http\\Middleware\\CheckForMaintenanceMode->handle(Object(Illuminate\\Http\\Request), Object(Closure))
#25 /home/customs1/public_html/projects/newsportal/vendor/laravel/framework/src/Illuminate/Routing/Pipeline.php(53): Illuminate\\Pipeline\\Pipeline->Illuminate\\Pipeline\\{closure}(Object(Illuminate\\Http\\Request))
#26 /home/customs1/public_html/projects/newsportal/vendor/laravel/framework/src/Illuminate/Pipeline/Pipeline.php(104): Illuminate\\Routing\\Pipeline->Illuminate\\Routing\\{closure}(Object(Illuminate\\Http\\Request))
#27 /home/customs1/public_html/projects/newsportal/vendor/laravel/framework/src/Illuminate/Foundation/Http/Kernel.php(151): Illuminate\\Pipeline\\Pipeline->then(Object(Closure))
#28 /home/customs1/public_html/projects/newsportal/vendor/laravel/framework/src/Illuminate/Foundation/Http/Kernel.php(116): Illuminate\\Foundation\\Http\\Kernel->sendRequestThroughRouter(Object(Illuminate\\Http\\Request))
#29 /home/customs1/public_html/projects/newsportal/public/index.php(55): Illuminate\\Foundation\\Http\\Kernel->handle(Object(Illuminate\\Http\\Request))
#30 {main}
"} 
[2021-07-19 18:53:47] local.ERROR: file_put_contents(A:\laragon\www\newsportal\storage\framework\views/586248950626724bb1f966444695ee13b153f512.php): failed to open stream: No such file or directory {"exception":"[object] (ErrorException(code: 0): file_put_contents(A:\\laragon\\www\
ewsportal\\storage\\framework\\views/586248950626724bb1f966444695ee13b153f512.php): failed to open stream: No such file or directory at /home/customs1/public_html/projects/newsportal/vendor/laravel/framework/src/Illuminate/Filesystem/Filesystem.php:122)
[stacktrace]
#0 [internal function]: Illuminate\\Foundation\\Bootstrap\\HandleExceptions->handleError(2, 'file_put_conten...', '/home/customs1/...', 122, Array)
#1 /home/customs1/public_html/projects/newsportal/vendor/laravel/framework/src/Illuminate/Filesystem/Filesystem.php(122): file_put_contents('A:\\\\laragon\\\\www\\\\...', '<?php $__env->s...', 0)
#2 /home/customs1/public_html/projects/newsportal/vendor/laravel/framework/src/Illuminate/View/Compilers/BladeCompiler.php(122): Illuminate\\Filesystem\\Filesystem->put('A:\\\\laragon\\\\www\\\\...', '<?php $__env->s...')
#3 /home/customs1/public_html/projects/newsportal/vendor/laravel/framework/src/Illuminate/View/Engines/CompilerEngine.php(51): Illuminate\\View\\Compilers\\BladeCompiler->compile('/home/customs1/...')
#4 /home/customs1/public_html/projects/newsportal/vendor/laravel/framework/src/Illuminate/View/View.php(142): Illuminate\\View\\Engines\\CompilerEngine->get('/home/customs1/...', Array)
#5 /home/customs1/public_html/projects/newsportal/vendor/laravel/framework/src/Illuminate/View/View.php(125): Illuminate\\View\\View->getContents()
#6 /home/customs1/public_html/projects/newsportal/vendor/laravel/framework/src/Illuminate/View/View.php(90): Illuminate\\View\\View->renderContents()
#7 /home/customs1/public_html/projects/newsportal/vendor/laravel/framework/src/Illuminate/Http/Response.php(42): Illuminate\\View\\View->render()
#8 /home/customs1/public_html/projects/newsportal/vendor/symfony/http-foundation/Response.php(205): Illuminate\\Http\\Response->setContent(Object(Illuminate\\View\\View))
#9 /home/customs1/public_html/projects/newsportal/vendor/laravel/framework/src/Illuminate/Routing/ResponseFactory.php(55): Symfony\\Component\\HttpFoundation\\Response->__construct(Object(Illuminate\\View\\View), 500, Array)
#10 /home/customs1/public_html/projects/newsportal/vendor/laravel/framework/src/Illuminate/Routing/ResponseFactory.php(81): Illuminate\\Routing\\ResponseFactory->make(Object(Illuminate\\View\\View), 500, Array)
#11 /home/customs1/public_html/projects/newsportal/vendor/laravel/framework/src/Illuminate/Foundation/Exceptions/Handler.php(380): Illuminate\\Routing\\ResponseFactory->view('errors::500', Array, 500, Array)
#12 /home/customs1/public_html/projects/newsportal/vendor/laravel/framework/src/Illuminate/Foundation/Exceptions/Handler.php(289): Illuminate\\Foundation\\Exceptions\\Handler->renderHttpException(Object(Symfony\\Component\\HttpKernel\\Exception\\HttpException))
#13 /home/customs1/public_html/projects/newsportal/vendor/laravel/framework/src/Illuminate/Foundation/Exceptions/Handler.php(188): Illuminate\\Foundation\\Exceptions\\Handler->prepareResponse(Object(Illuminate\\Http\\Request), Object(Symfony\\Component\\HttpKernel\\Exception\\HttpException))
#14 /home/customs1/public_html/projects/newsportal/app/Exceptions/Handler.php(49): Illuminate\\Foundation\\Exceptions\\Handler->render(Object(Illuminate\\Http\\Request), Object(ErrorException))
#15 /home/customs1/public_html/projects/newsportal/vendor/laravel/framework/src/Illuminate/Routing/Pipeline.php(83): App\\Exceptions\\Handler->render(Object(Illuminate\\Http\\Request), Object(ErrorException))
#16 /home/customs1/public_html/projects/newsportal/vendor/laravel/framework/src/Illuminate/Routing/Pipeline.php(55): Illuminate\\Routing\\Pipeline->handleException(Object(Illuminate\\Http\\Request), Object(ErrorException))
#17 /home/customs1/public_html/projects/newsportal/vendor/laravel/framework/src/Illuminate/Foundation/Http/Middleware/ValidatePostSize.php(27): Illuminate\\Routing\\Pipeline->Illuminate\\Routing\\{closure}(Object(Illuminate\\Http\\Request))
#18 /home/customs1/public_html/projects/newsportal/vendor/laravel/framework/src/Illuminate/Pipeline/Pipeline.php(163): Illuminate\\Foundation\\Http\\Middleware\\ValidatePostSize->handle(Object(Illuminate\\Http\\Request), Object(Closure))
#19 /home/customs1/public_html/projects/newsportal/vendor/laravel/framework/src/Illuminate/Routing/Pipeline.php(53): Illuminate\\Pipeline\\Pipeline->Illuminate\\Pipeline\\{closure}(Object(Illuminate\\Http\\Request))
#20 /home/customs1/public_html/projects/newsportal/vendor/laravel/framework/src/Illuminate/Foundation/Http/Middleware/CheckForMaintenanceMode.php(62): Illuminate\\Routing\\Pipeline->Illuminate\\Routing\\{closure}(Object(Illuminate\\Http\\Request))
#21 /home/customs1/public_html/projects/newsportal/vendor/laravel/framework/src/Illuminate/Pipeline/Pipeline.php(163): Illuminate\\Foundation\\Http\\Middleware\\CheckForMaintenanceMode->handle(Object(Illuminate\\Http\\Request), Object(Closure))
#22 /home/customs1/public_html/projects/newsportal/vendor/laravel/framework/src/Illuminate/Routing/Pipeline.php(53): Illuminate\\Pipeline\\Pipeline->Illuminate\\Pipeline\\{closure}(Object(Illuminate\\Http\\Request))
#23 /home/customs1/public_html/projects/newsportal/vendor/laravel/framework/src/Illuminate/Pipeline/Pipeline.php(104): Illuminate\\Routing\\Pipeline->Illuminate\\Routing\\{closure}(Object(Illuminate\\Http\\Request))
#24 /home/customs1/public_html/projects/newsportal/vendor/laravel/framework/src/Illuminate/Foundation/Http/Kernel.php(151): Illuminate\\Pipeline\\Pipeline->then(Object(Closure))
#25 /home/customs1/public_html/projects/newsportal/vendor/laravel/framework/src/Illuminate/Foundation/Http/Kernel.php(116): Illuminate\\Foundation\\Http\\Kernel->sendRequestThroughRouter(Object(Illuminate\\Http\\Request))
#26 /home/customs1/public_html/projects/newsportal/public/index.php(55): Illuminate\\Foundation\\Http\\Kernel->handle(Object(Illuminate\\Http\\Request))
#27 {main}
"} 
[2021-07-19 18:53:47] local.ERROR: file_put_contents(A:\laragon\www\newsportal\storage\framework\views/586248950626724bb1f966444695ee13b153f512.php): failed to open stream: No such file or directory {"exception":"[object] (ErrorException(code: 0): file_put_contents(A:\\laragon\\www\
ewsportal\\storage\\framework\\views/586248950626724bb1f966444695ee13b153f512.php): failed to open stream: No such file or directory at /home/customs1/public_html/projects/newsportal/vendor/laravel/framework/src/Illuminate/Filesystem/Filesystem.php:122)
[stacktrace]
#0 [internal function]: Illuminate\\Foundation\\Bootstrap\\HandleExceptions->handleError(2, 'file_put_conten...', '/home/customs1/...', 122, Array)
#1 /home/customs1/public_html/projects/newsportal/vendor/laravel/framework/src/Illuminate/Filesystem/Filesystem.php(122): file_put_contents('A:\\\\laragon\\\\www\\\\...', '<?php $__env->s...', 0)
#2 /home/customs1/public_html/projects/newsportal/vendor/laravel/framework/src/Illuminate/View/Compilers/BladeCompiler.php(122): Illuminate\\Filesystem\\Filesystem->put('A:\\\\laragon\\\\www\\\\...', '<?php $__env->s...')
#3 /home/customs1/public_html/projects/newsportal/vendor/laravel/framework/src/Illuminate/View/Engines/CompilerEngine.php(51): Illuminate\\View\\Compilers\\BladeCompiler->compile('/home/customs1/...')
#4 /home/customs1/public_html/projects/newsportal/vendor/laravel/framework/src/Illuminate/View/View.php(142): Illuminate\\View\\Engines\\CompilerEngine->get('/home/customs1/...', Array)
#5 /home/customs1/public_html/projects/newsportal/vendor/laravel/framework/src/Illuminate/View/View.php(125): Illuminate\\View\\View->getContents()
#6 /home/customs1/public_html/projects/newsportal/vendor/laravel/framework/src/Illuminate/View/View.php(90): Illuminate\\View\\View->renderContents()
#7 /home/customs1/public_html/projects/newsportal/vendor/laravel/framework/src/Illuminate/Http/Response.php(42): Illuminate\\View\\View->render()
#8 /home/customs1/public_html/projects/newsportal/vendor/symfony/http-foundation/Response.php(205): Illuminate\\Http\\Response->setContent(Object(Illuminate\\View\\View))
#9 /home/customs1/public_html/projects/newsportal/vendor/laravel/framework/src/Illuminate/Routing/ResponseFactory.php(55): Symfony\\Component\\HttpFoundation\\Response->__construct(Object(Illuminate\\View\\View), 500, Array)
#10 /home/customs1/public_html/projects/newsportal/vendor/laravel/framework/src/Illuminate/Routing/ResponseFactory.php(81): Illuminate\\Routing\\ResponseFactory->make(Object(Illuminate\\View\\View), 500, Array)
#11 /home/customs1/public_html/projects/newsportal/vendor/laravel/framework/src/Illuminate/Foundation/Exceptions/Handler.php(380): Illuminate\\Routing\\ResponseFactory->view('errors::500', Array, 500, Array)
#12 /home/customs1/public_html/projects/newsportal/vendor/laravel/framework/src/Illuminate/Foundation/Exceptions/Handler.php(289): Illuminate\\Foundation\\Exceptions\\Handler->renderHttpException(Object(Symfony\\Component\\HttpKernel\\Exception\\HttpException))
#13 /home/customs1/public_html/projects/newsportal/vendor/laravel/framework/src/Illuminate/Foundation/Exceptions/Handler.php(188): Illuminate\\Foundation\\Exceptions\\Handler->prepareResponse(Object(Illuminate\\Http\\Request), Object(Symfony\\Component\\HttpKernel\\Exception\\HttpException))
#14 /home/customs1/public_html/projects/newsportal/app/Exceptions/Handler.php(49): Illuminate\\Foundation\\Exceptions\\Handler->render(Object(Illuminate\\Http\\Request), Object(ErrorException))
#15 /home/customs1/public_html/projects/newsportal/vendor/laravel/framework/src/Illuminate/Routing/Pipeline.php(83): App\\Exceptions\\Handler->render(Object(Illuminate\\Http\\Request), Object(ErrorException))
#16 /home/customs1/public_html/projects/newsportal/vendor/laravel/framework/src/Illuminate/Routing/Pipeline.php(55): Illuminate\\Routing\\Pipeline->handleException(Object(Illuminate\\Http\\Request), Object(ErrorException))
#17 /home/customs1/public_html/projects/newsportal/vendor/laravel/framework/src/Illuminate/Foundation/Http/Middleware/CheckForMaintenanceMode.php(62): Illuminate\\Routing\\Pipeline->Illuminate\\Routing\\{closure}(Object(Illuminate\\Http\\Request))
#18 /home/customs1/public_html/projects/newsportal/vendor/laravel/framework/src/Illuminate/Pipeline/Pipeline.php(163): Illuminate\\Foundation\\Http\\Middleware\\CheckForMaintenanceMode->handle(Object(Illuminate\\Http\\Request), Object(Closure))
#19 /home/customs1/public_html/projects/newsportal/vendor/laravel/framework/src/Illuminate/Routing/Pipeline.php(53): Illuminate\\Pipeline\\Pipeline->Illuminate\\Pipeline\\{closure}(Object(Illuminate\\Http\\Request))
#20 /home/customs1/public_html/projects/newsportal/vendor/laravel/framework/src/Illuminate/Pipeline/Pipeline.php(104): Illuminate\\Routing\\Pipeline->Illuminate\\Routing\\{closure}(Object(Illuminate\\Http\\Request))
#21 /home/customs1/public_html/projects/newsportal/vendor/laravel/framework/src/Illuminate/Foundation/Http/Kernel.php(151): Illuminate\\Pipeline\\Pipeline->then(Object(Closure))
#22 /home/customs1/public_html/projects/newsportal/vendor/laravel/framework/src/Illuminate/Foundation/Http/Kernel.php(116): Illuminate\\Foundation\\Http\\Kernel->sendRequestThroughRouter(Object(Illuminate\\Http\\Request))
#23 /home/customs1/public_html/projects/newsportal/public/index.php(55): Illuminate\\Foundation\\Http\\Kernel->handle(Object(Illuminate\\Http\\Request))
#24 {main}
"} 
[2021-07-19 18:53:47] local.ERROR: file_put_contents(A:\laragon\www\newsportal\storage\framework\views/586248950626724bb1f966444695ee13b153f512.php): failed to open stream: No such file or directory {"exception":"[object] (ErrorException(code: 0): file_put_contents(A:\\laragon\\www\
ewsportal\\storage\\framework\\views/586248950626724bb1f966444695ee13b153f512.php): failed to open stream: No such file or directory at /home/customs1/public_html/projects/newsportal/vendor/laravel/framework/src/Illuminate/Filesystem/Filesystem.php:122)
[stacktrace]
#0 [internal function]: Illuminate\\Foundation\\Bootstrap\\HandleExceptions->handleError(2, 'file_put_conten...', '/home/customs1/...', 122, Array)
#1 /home/customs1/public_html/projects/newsportal/vendor/laravel/framework/src/Illuminate/Filesystem/Filesystem.php(122): file_put_contents('A:\\\\laragon\\\\www\\\\...', '<?php $__env->s...', 0)
#2 /home/customs1/public_html/projects/newsportal/vendor/laravel/framework/src/Illuminate/View/Compilers/BladeCompiler.php(122): Illuminate\\Filesystem\\Filesystem->put('A:\\\\laragon\\\\www\\\\...', '<?php $__env->s...')
#3 /home/customs1/public_html/projects/newsportal/vendor/laravel/framework/src/Illuminate/View/Engines/CompilerEngine.php(51): Illuminate\\View\\Compilers\\BladeCompiler->compile('/home/customs1/...')
#4 /home/customs1/public_html/projects/newsportal/vendor/laravel/framework/src/Illuminate/View/View.php(142): Illuminate\\View\\Engines\\CompilerEngine->get('/home/customs1/...', Array)
#5 /home/customs1/public_html/projects/newsportal/vendor/laravel/framework/src/Illuminate/View/View.php(125): Illuminate\\View\\View->getContents()
#6 /home/customs1/public_html/projects/newsportal/vendor/laravel/framework/src/Illuminate/View/View.php(90): Illuminate\\View\\View->renderContents()
#7 /home/customs1/public_html/projects/newsportal/vendor/laravel/framework/src/Illuminate/Http/Response.php(42): Illuminate\\View\\View->render()
#8 /home/customs1/public_html/projects/newsportal/vendor/symfony/http-foundation/Response.php(205): Illuminate\\Http\\Response->setContent(Object(Illuminate\\View\\View))
#9 /home/customs1/public_html/projects/newsportal/vendor/laravel/framework/src/Illuminate/Routing/ResponseFactory.php(55): Symfony\\Component\\HttpFoundation\\Response->__construct(Object(Illuminate\\View\\View), 500, Array)
#10 /home/customs1/public_html/projects/newsportal/vendor/laravel/framework/src/Illuminate/Routing/ResponseFactory.php(81): Illuminate\\Routing\\ResponseFactory->make(Object(Illuminate\\View\\View), 500, Array)
#11 /home/customs1/public_html/projects/newsportal/vendor/laravel/framework/src/Illuminate/Foundation/Exceptions/Handler.php(380): Illuminate\\Routing\\ResponseFactory->view('errors::500', Array, 500, Array)
#12 /home/customs1/public_html/projects/newsportal/vendor/laravel/framework/src/Illuminate/Foundation/Exceptions/Handler.php(289): Illuminate\\Foundation\\Exceptions\\Handler->renderHttpException(Object(Symfony\\Component\\HttpKernel\\Exception\\HttpException))
#13 /home/customs1/public_html/projects/newsportal/vendor/laravel/framework/src/Illuminate/Foundation/Exceptions/Handler.php(188): Illuminate\\Foundation\\Exceptions\\Handler->prepareResponse(Object(Illuminate\\Http\\Request), Object(Symfony\\Component\\HttpKernel\\Exception\\HttpException))
#14 /home/customs1/public_html/projects/newsportal/app/Exceptions/Handler.php(49): Illuminate\\Foundation\\Exceptions\\Handler->render(Object(Illuminate\\Http\\Request), Object(ErrorException))
#15 /home/customs1/public_html/projects/newsportal/vendor/laravel/framework/src/Illuminate/Routing/Pipeline.php(83): App\\Exceptions\\Handler->render(Object(Illuminate\\Http\\Request), Object(ErrorException))
#16 /home/customs1/public_html/projects/newsportal/vendor/laravel/framework/src/Illuminate/Routing/Pipeline.php(55): Illuminate\\Routing\\Pipeline->handleException(Object(Illuminate\\Http\\Request), Object(ErrorException))
#17 /home/customs1/public_html/projects/newsportal/vendor/laravel/framework/src/Illuminate/Pipeline/Pipeline.php(104): Illuminate\\Routing\\Pipeline->Illuminate\\Routing\\{closure}(Object(Illuminate\\Http\\Request))
#18 /home/customs1/public_html/projects/newsportal/vendor/laravel/framework/src/Illuminate/Foundation/Http/Kernel.php(151): Illuminate\\Pipeline\\Pipeline->then(Object(Closure))
#19 /home/customs1/public_html/projects/newsportal/vendor/laravel/framework/src/Illuminate/Foundation/Http/Kernel.php(116): Illuminate\\Foundation\\Http\\Kernel->sendRequestThroughRouter(Object(Illuminate\\Http\\Request))
#20 /home/customs1/public_html/projects/newsportal/public/index.php(55): Illuminate\\Foundation\\Http\\Kernel->handle(Object(Illuminate\\Http\\Request))
#21 {main}
"} 
[2021-07-19 18:53:47] local.ERROR: file_put_contents(A:\laragon\www\newsportal\storage\framework\views/586248950626724bb1f966444695ee13b153f512.php): failed to open stream: No such file or directory {"exception":"[object] (ErrorException(code: 0): file_put_contents(A:\\laragon\\www\
ewsportal\\storage\\framework\\views/586248950626724bb1f966444695ee13b153f512.php): failed to open stream: No such file or directory at /home/customs1/public_html/projects/newsportal/vendor/laravel/framework/src/Illuminate/Filesystem/Filesystem.php:122)
[stacktrace]
#0 [internal function]: Illuminate\\Foundation\\Bootstrap\\HandleExceptions->handleError(2, 'file_put_conten...', '/home/customs1/...', 122, Array)
#1 /home/customs1/public_html/projects/newsportal/vendor/laravel/framework/src/Illuminate/Filesystem/Filesystem.php(122): file_put_contents('A:\\\\laragon\\\\www\\\\...', '<?php $__env->s...', 0)
#2 /home/customs1/public_html/projects/newsportal/vendor/laravel/framework/src/Illuminate/View/Compilers/BladeCompiler.php(122): Illuminate\\Filesystem\\Filesystem->put('A:\\\\laragon\\\\www\\\\...', '<?php $__env->s...')
#3 /home/customs1/public_html/projects/newsportal/vendor/laravel/framework/src/Illuminate/View/Engines/CompilerEngine.php(51): Illuminate\\View\\Compilers\\BladeCompiler->compile('/home/customs1/...')
#4 /home/customs1/public_html/projects/newsportal/vendor/laravel/framework/src/Illuminate/View/View.php(142): Illuminate\\View\\Engines\\CompilerEngine->get('/home/customs1/...', Array)
#5 /home/customs1/public_html/projects/newsportal/vendor/laravel/framework/src/Illuminate/View/View.php(125): Illuminate\\View\\View->getContents()
#6 /home/customs1/public_html/projects/newsportal/vendor/laravel/framework/src/Illuminate/View/View.php(90): Illuminate\\View\\View->renderContents()
#7 /home/customs1/public_html/projects/newsportal/vendor/laravel/framework/src/Illuminate/Http/Response.php(42): Illuminate\\View\\View->render()
#8 /home/customs1/public_html/projects/newsportal/vendor/symfony/http-foundation/Response.php(205): Illuminate\\Http\\Response->setContent(Object(Illuminate\\View\\View))
#9 /home/customs1/public_html/projects/newsportal/vendor/laravel/framework/src/Illuminate/Routing/ResponseFactory.php(55): Symfony\\Component\\HttpFoundation\\Response->__construct(Object(Illuminate\\View\\View), 500, Array)
#10 /home/customs1/public_html/projects/newsportal/vendor/laravel/framework/src/Illuminate/Routing/ResponseFactory.php(81): Illuminate\\Routing\\ResponseFactory->make(Object(Illuminate\\View\\View), 500, Array)
#11 /home/customs1/public_html/projects/newsportal/vendor/laravel/framework/src/Illuminate/Foundation/Exceptions/Handler.php(380): Illuminate\\Routing\\ResponseFactory->view('errors::500', Array, 500, Array)
#12 /home/customs1/public_html/projects/newsportal/vendor/laravel/framework/src/Illuminate/Foundation/Exceptions/Handler.php(289): Illuminate\\Foundation\\Exceptions\\Handler->renderHttpException(Object(Symfony\\Component\\HttpKernel\\Exception\\HttpException))
#13 /home/customs1/public_html/projects/newsportal/vendor/laravel/framework/src/Illuminate/Foundation/Exceptions/Handler.php(188): Illuminate\\Foundation\\Exceptions\\Handler->prepareResponse(Object(Illuminate\\Http\\Request), Object(Symfony\\Component\\HttpKernel\\Exception\\HttpException))
#14 /home/customs1/public_html/projects/newsportal/app/Exceptions/Handler.php(49): Illuminate\\Foundation\\Exceptions\\Handler->render(Object(Illuminate\\Http\\Request), Object(ErrorException))
#15 /home/customs1/public_html/projects/newsportal/vendor/laravel/framework/src/Illuminate/Foundation/Http/Kernel.php(326): App\\Exceptions\\Handler->render(Object(Illuminate\\Http\\Request), Object(ErrorException))
#16 /home/customs1/public_html/projects/newsportal/vendor/laravel/framework/src/Illuminate/Foundation/Http/Kernel.php(120): Illuminate\\Foundation\\Http\\Kernel->renderException(Object(Illuminate\\Http\\Request), Object(ErrorException))
#17 /home/customs1/public_html/projects/newsportal/public/index.php(55): Illuminate\\Foundation\\Http\\Kernel->handle(Object(Illuminate\\Http\\Request))
#18 {main}
"} 
[2021-07-19 18:53:47] local.ERROR: Uncaught ErrorException: file_put_contents(A:\laragon\www\newsportal\storage\framework\views/586248950626724bb1f966444695ee13b153f512.php): failed to open stream: No such file or directory in /home/customs1/public_html/projects/newsportal/vendor/laravel/framework/src/Illuminate/Filesystem/Filesystem.php:122
Stack trace:
#0 [internal function]: Illuminate\Foundation\Bootstrap\HandleExceptions->handleError(2, 'file_put_conten...', '/home/customs1/...', 122, Array)
#1 /home/customs1/public_html/projects/newsportal/vendor/laravel/framework/src/Illuminate/Filesystem/Filesystem.php(122): file_put_contents('A:\\laragon\\www\\...', '<?php $__env->s...', 0)
#2 /home/customs1/public_html/projects/newsportal/vendor/laravel/framework/src/Illuminate/View/Compilers/BladeCompiler.php(122): Illuminate\Filesystem\Filesystem->put('A:\\laragon\\www\\...', '<?php $__env->s...')
#3 /home/customs1/public_html/projects/newsportal/vendor/laravel/framework/src/Illuminate/View/Engines/CompilerEngine.php(51): Illuminate\View\Compilers\ {"exception":"[object] (Symfony\\Component\\Debug\\Exception\\FatalErrorException(code: 1): Uncaught ErrorException: file_put_contents(A:\\laragon\\www\
ewsportal\\storage\\framework\\views/586248950626724bb1f966444695ee13b153f512.php): failed to open stream: No such file or directory in /home/customs1/public_html/projects/newsportal/vendor/laravel/framework/src/Illuminate/Filesystem/Filesystem.php:122
Stack trace:
#0 [internal function]: Illuminate\\Foundation\\Bootstrap\\HandleExceptions->handleError(2, 'file_put_conten...', '/home/customs1/...', 122, Array)
#1 /home/customs1/public_html/projects/newsportal/vendor/laravel/framework/src/Illuminate/Filesystem/Filesystem.php(122): file_put_contents('A:\\\\laragon\\\\www\\\\...', '<?php $__env->s...', 0)
#2 /home/customs1/public_html/projects/newsportal/vendor/laravel/framework/src/Illuminate/View/Compilers/BladeCompiler.php(122): Illuminate\\Filesystem\\Filesystem->put('A:\\\\laragon\\\\www\\\\...', '<?php $__env->s...')
#3 /home/customs1/public_html/projects/newsportal/vendor/laravel/framework/src/Illuminate/View/Engines/CompilerEngine.php(51): Illuminate\\View\\Compilers\\ at /home/customs1/public_html/projects/newsportal/vendor/laravel/framework/src/Illuminate/Filesystem/Filesystem.php:122)
[stacktrace]
#0 {main}
"} 
[2021-07-19 18:53:52] local.ERROR: SQLSTATE[HY000] [1045] Access denied for user 'root'@'localhost' (using password: NO) (SQL: select * from `set_as` where `set_as` in (lead_news_1, lead_news_2, lead_news_3) order by `set_as` asc) {"exception":"[object] (Illuminate\\Database\\QueryException(code: 1045): SQLSTATE[HY000] [1045] Access denied for user 'root'@'localhost' (using password: NO) (SQL: select * from `set_as` where `set_as` in (lead_news_1, lead_news_2, lead_news_3) order by `set_as` asc) at /home/customs1/public_html/projects/newsportal/vendor/laravel/framework/src/Illuminate/Database/Connection.php:664, PDOException(code: 1045): SQLSTATE[HY000] [1045] Access denied for user 'root'@'localhost' (using password: NO) at /home/customs1/public_html/projects/newsportal/vendor/laravel/framework/src/Illuminate/Database/Connectors/Connector.php:70)
[stacktrace]
#0 /home/customs1/public_html/projects/newsportal/vendor/laravel/framework/src/Illuminate/Database/Connection.php(624): Illuminate\\Database\\Connection->runQueryCallback('select * from `...', Array, Object(Closure))
#1 /home/customs1/public_html/projects/newsportal/vendor/laravel/framework/src/Illuminate/Database/Connection.php(333): Illuminate\\Database\\Connection->run('select * from `...', Array, Object(Closure))
#2 /home/customs1/public_html/projects/newsportal/vendor/laravel/framework/src/Illuminate/Database/Query/Builder.php(2095): Illuminate\\Database\\Connection->select('select * from `...', Array, true)
#3 /home/customs1/public_html/projects/newsportal/vendor/laravel/framework/src/Illuminate/Database/Query/Builder.php(2083): Illuminate\\Database\\Query\\Builder->runSelect()
#4 /home/customs1/public_html/projects/newsportal/vendor/laravel/framework/src/Illuminate/Database/Query/Builder.php(2569): Illuminate\\Database\\Query\\Builder->Illuminate\\Database\\Query\\{closure}()
#5 /home/customs1/public_html/projects/newsportal/vendor/laravel/framework/src/Illuminate/Database/Query/Builder.php(2084): Illuminate\\Database\\Query\\Builder->onceWithColumns(Array, Object(Closure))
#6 /home/customs1/public_html/projects/newsportal/vendor/laravel/framework/src/Illuminate/Database/Eloquent/Builder.php(519): Illuminate\\Database\\Query\\Builder->get(Array)
#7 /home/customs1/public_html/projects/newsportal/vendor/laravel/framework/src/Illuminate/Database/Eloquent/Builder.php(503): Illuminate\\Database\\Eloquent\\Builder->getModels(Array)
#8 /home/customs1/public_html/projects/newsportal/app/Http/Controllers/sksController.php(23): Illuminate\\Database\\Eloquent\\Builder->get()
#9 [internal function]: App\\Http\\Controllers\\sksController->index()
#10 /home/customs1/public_html/projects/newsportal/vendor/laravel/framework/src/Illuminate/Routing/Controller.php(54): call_user_func_array(Array, Array)
#11 /home/customs1/public_html/projects/newsportal/vendor/laravel/framework/src/Illuminate/Routing/ControllerDispatcher.php(45): Illuminate\\Routing\\Controller->callAction('index', Array)
#12 /home/customs1/public_html/projects/newsportal/vendor/laravel/framework/src/Illuminate/Routing/Route.php(219): Illuminate\\Routing\\ControllerDispatcher->dispatch(Object(Illuminate\\Routing\\Route), Object(App\\Http\\Controllers\\sksController), 'index')
#13 /home/customs1/public_html/projects/newsportal/vendor/laravel/framework/src/Illuminate/Routing/Route.php(176): Illuminate\\Routing\\Route->runController()
#14 /home/customs1/public_html/projects/newsportal/vendor/laravel/framework/src/Illuminate/Routing/Router.php(682): Illuminate\\Routing\\Route->run()
#15 /home/customs1/public_html/projects/newsportal/vendor/laravel/framework/src/Illuminate/Routing/Pipeline.php(30): Illuminate\\Routing\\Router->Illuminate\\Routing\\{closure}(Object(Illuminate\\Http\\Request))
#16 /home/customs1/public_html/projects/newsportal/vendor/laravel/framework/src/Illuminate/Routing/Middleware/SubstituteBindings.php(41): Illuminate\\Routing\\Pipeline->Illuminate\\Routing\\{closure}(Object(Illuminate\\Http\\Request))
#17 /home/customs1/public_html/projects/newsportal/vendor/laravel/framework/src/Illuminate/Pipeline/Pipeline.php(163): Illuminate\\Routing\\Middleware\\SubstituteBindings->handle(Object(Illuminate\\Http\\Request), Object(Closure))
#18 /home/customs1/public_html/projects/newsportal/vendor/laravel/framework/src/Illuminate/Routing/Pipeline.php(53): Illuminate\\Pipeline\\Pipeline->Illuminate\\Pipeline\\{closure}(Object(Illuminate\\Http\\Request))
#19 /home/customs1/public_html/projects/newsportal/vendor/laravel/framework/src/Illuminate/Foundation/Http/Middleware/VerifyCsrfToken.php(75): Illuminate\\Routing\\Pipeline->Illuminate\\Routing\\{closure}(Object(Illuminate\\Http\\Request))
#20 /home/customs1/public_html/projects/newsportal/vendor/laravel/framework/src/Illuminate/Pipeline/Pipeline.php(163): Illuminate\\Foundation\\Http\\Middleware\\VerifyCsrfToken->handle(Object(Illuminate\\Http\\Request), Object(Closure))
#21 /home/customs1/public_html/projects/newsportal/vendor/laravel/framework/src/Illuminate/Routing/Pipeline.php(53): Illuminate\\Pipeline\\Pipeline->Illuminate\\Pipeline\\{closure}(Object(Illuminate\\Http\\Request))
#22 /home/customs1/public_html/projects/newsportal/vendor/laravel/framework/src/Illuminate/View/Middleware/ShareErrorsFromSession.php(49): Illuminate\\Routing\\Pipeline->Illuminate\\Routing\\{closure}(Object(Illuminate\\Http\\Request))
#23 /home/customs1/public_html/projects/newsportal/vendor/laravel/framework/src/Illuminate/Pipeline/Pipeline.php(163): Illuminate\\View\\Middleware\\ShareErrorsFromSession->handle(Object(Illuminate\\Http\\Request), Object(Closure))
#24 /home/customs1/public_html/projects/newsportal/vendor/laravel/framework/src/Illuminate/Routing/Pipeline.php(53): Illuminate\\Pipeline\\Pipeline->Illuminate\\Pipeline\\{closure}(Object(Illuminate\\Http\\Request))
#25 /home/customs1/public_html/projects/newsportal/vendor/laravel/framework/src/Illuminate/Session/Middleware/StartSession.php(63): Illuminate\\Routing\\Pipeline->Illuminate\\Routing\\{closure}(Object(Illuminate\\Http\\Request))
#26 /home/customs1/public_html/projects/newsportal/vendor/laravel/framework/src/Illuminate/Pipeline/Pipeline.php(163): Illuminate\\Session\\Middleware\\StartSession->handle(Object(Illuminate\\Http\\Request), Object(Closure))
#27 /home/customs1/public_html/projects/newsportal/vendor/laravel/framework/src/Illuminate/Routing/Pipeline.php(53): Illuminate\\Pipeline\\Pipeline->Illuminate\\Pipeline\\{closure}(Object(Illuminate\\Http\\Request))
#28 /home/customs1/public_html/projects/newsportal/vendor/laravel/framework/src/Illuminate/Cookie/Middleware/AddQueuedCookiesToResponse.php(37): Illuminate\\Routing\\Pipeline->Illuminate\\Routing\\{closure}(Object(Illuminate\\Http\\Request))
#29 /home/customs1/public_html/projects/newsportal/vendor/laravel/framework/src/Illuminate/Pipeline/Pipeline.php(163): Illuminate\\Cookie\\Middleware\\AddQueuedCookiesToResponse->handle(Object(Illuminate\\Http\\Request), Object(Closure))
#30 /home/customs1/public_html/projects/newsportal/vendor/laravel/framework/src/Illuminate/Routing/Pipeline.php(53): Illuminate\\Pipeline\\Pipeline->Illuminate\\Pipeline\\{closure}(Object(Illuminate\\Http\\Request))
#31 /home/customs1/public_html/projects/newsportal/vendor/laravel/framework/src/Illuminate/Cookie/Middleware/EncryptCookies.php(66): Illuminate\\Routing\\Pipeline->Illuminate\\Routing\\{closure}(Object(Illuminate\\Http\\Request))
#32 /home/customs1/public_html/projects/newsportal/vendor/laravel/framework/src/Illuminate/Pipeline/Pipeline.php(163): Illuminate\\Cookie\\Middleware\\EncryptCookies->handle(Object(Illuminate\\Http\\Request), Object(Closure))
#33 /home/customs1/public_html/projects/newsportal/vendor/laravel/framework/src/Illuminate/Routing/Pipeline.php(53): Illuminate\\Pipeline\\Pipeline->Illuminate\\Pipeline\\{closure}(Object(Illuminate\\Http\\Request))
#34 /home/customs1/public_html/projects/newsportal/vendor/laravel/framework/src/Illuminate/Pipeline/Pipeline.php(104): Illuminate\\Routing\\Pipeline->Illuminate\\Routing\\{closure}(Object(Illuminate\\Http\\Request))
#35 /home/customs1/public_html/projects/newsportal/vendor/laravel/framework/src/Illuminate/Routing/Router.php(684): Illuminate\\Pipeline\\Pipeline->then(Object(Closure))
#36 /home/customs1/public_html/projects/newsportal/vendor/laravel/framework/src/Illuminate/Routing/Router.php(659): Illuminate\\Routing\\Router->runRouteWithinStack(Object(Illuminate\\Routing\\Route), Object(Illuminate\\Http\\Request))
#37 /home/customs1/public_html/projects/newsportal/vendor/laravel/framework/src/Illuminate/Routing/Router.php(625): Illuminate\\Routing\\Router->runRoute(Object(Illuminate\\Http\\Request), Object(Illuminate\\Routing\\Route))
#38 /home/customs1/public_html/projects/newsportal/vendor/laravel/framework/src/Illuminate/Routing/Router.php(614): Illuminate\\Routing\\Router->dispatchToRoute(Object(Illuminate\\Http\\Request))
#39 /home/customs1/public_html/projects/newsportal/vendor/laravel/framework/src/Illuminate/Foundation/Http/Kernel.php(176): Illuminate\\Routing\\Router->dispatch(Object(Illuminate\\Http\\Request))
#40 /home/customs1/public_html/projects/newsportal/vendor/laravel/framework/src/Illuminate/Routing/Pipeline.php(30): Illuminate\\Foundation\\Http\\Kernel->Illuminate\\Foundation\\Http\\{closure}(Object(Illuminate\\Http\\Request))
#41 /home/customs1/public_html/projects/newsportal/vendor/barryvdh/laravel-debugbar/src/Middleware/InjectDebugbar.php(58): Illuminate\\Routing\\Pipeline->Illuminate\\Routing\\{closure}(Object(Illuminate\\Http\\Request))
#42 /home/customs1/public_html/projects/newsportal/vendor/laravel/framework/src/Illuminate/Pipeline/Pipeline.php(163): Barryvdh\\Debugbar\\Middleware\\InjectDebugbar->handle(Object(Illuminate\\Http\\Request), Object(Closure))
#43 /home/customs1/public_html/projects/newsportal/vendor/laravel/framework/src/Illuminate/Routing/Pipeline.php(53): Illuminate\\Pipeline\\Pipeline->Illuminate\\Pipeline\\{closure}(Object(Illuminate\\Http\\Request))
#44 /home/customs1/public_html/projects/newsportal/vendor/fideloper/proxy/src/TrustProxies.php(57): Illuminate\\Routing\\Pipeline->Illuminate\\Routing\\{closure}(Object(Illuminate\\Http\\Request))
#45 /home/customs1/public_html/projects/newsportal/vendor/laravel/framework/src/Illuminate/Pipeline/Pipeline.php(163): Fideloper\\Proxy\\TrustProxies->handle(Object(Illuminate\\Http\\Request), Object(Closure))
#46 /home/customs1/public_html/projects/newsportal/vendor/laravel/framework/src/Illuminate/Routing/Pipeline.php(53): Illuminate\\Pipeline\\Pipeline->Illuminate\\Pipeline\\{closure}(Object(Illuminate\\Http\\Request))
#47 /home/customs1/public_html/projects/newsportal/vendor/laravel/framework/src/Illuminate/Foundation/Http/Middleware/TransformsRequest.php(31): Illuminate\\Routing\\Pipeline->Illuminate\\Routing\\{closure}(Object(Illuminate\\Http\\Request))
#48 /home/customs1/public_html/projects/newsportal/vendor/laravel/framework/src/Illuminate/Pipeline/Pipeline.php(163): Illuminate\\Foundation\\Http\\Middleware\\TransformsRequest->handle(Object(Illuminate\\Http\\Request), Object(Closure))
#49 /home/customs1/public_html/projects/newsportal/vendor/laravel/framework/src/Illuminate/Routing/Pipeline.php(53): Illuminate\\Pipeline\\Pipeline->Illuminate\\Pipeline\\{closure}(Object(Illuminate\\Http\\Request))
#50 /home/customs1/public_html/projects/newsportal/vendor/laravel/framework/src/Illuminate/Foundation/Http/Middleware/TransformsRequest.php(31): Illuminate\\Routing\\Pipeline->Illuminate\\Routing\\{closure}(Object(Illuminate\\Http\\Request))
#51 /home/customs1/public_html/projects/newsportal/vendor/laravel/framework/src/Illuminate/Pipeline/Pipeline.php(163): Illuminate\\Foundation\\Http\\Middleware\\TransformsRequest->handle(Object(Illuminate\\Http\\Request), Object(Closure))
#52 /home/customs1/public_html/projects/newsportal/vendor/laravel/framework/src/Illuminate/Routing/Pipeline.php(53): Illuminate\\Pipeline\\Pipeline->Illuminate\\Pipeline\\{closure}(Object(Illuminate\\Http\\Request))
#53 /home/customs1/public_html/projects/newsportal/vendor/laravel/framework/src/Illuminate/Foundation/Http/Middleware/ValidatePostSize.php(27): Illuminate\\Routing\\Pipeline->Illuminate\\Routing\\{closure}(Object(Illuminate\\Http\\Request))
#54 /home/customs1/public_html/projects/newsportal/vendor/laravel/framework/src/Illuminate/Pipeline/Pipeline.php(163): Illuminate\\Foundation\\Http\\Middleware\\ValidatePostSize->handle(Object(Illuminate\\Http\\Request), Object(Closure))
#55 /home/customs1/public_html/projects/newsportal/vendor/laravel/framework/src/Illuminate/Routing/Pipeline.php(53): Illuminate\\Pipeline\\Pipeline->Illuminate\\Pipeline\\{closure}(Object(Illuminate\\Http\\Request))
#56 /home/customs1/public_html/projects/newsportal/vendor/laravel/framework/src/Illuminate/Foundation/Http/Middleware/CheckForMaintenanceMode.php(62): Illuminate\\Routing\\Pipeline->Illuminate\\Routing\\{closure}(Object(Illuminate\\Http\\Request))
#57 /home/customs1/public_html/projects/newsportal/vendor/laravel/framework/src/Illuminate/Pipeline/Pipeline.php(163): Illuminate\\Foundation\\Http\\Middleware\\CheckForMaintenanceMode->handle(Object(Illuminate\\Http\\Request), Object(Closure))
#58 /home/customs1/public_html/projects/newsportal/vendor/laravel/framework/src/Illuminate/Routing/Pipeline.php(53): Illuminate\\Pipeline\\Pipeline->Illuminate\\Pipeline\\{closure}(Object(Illuminate\\Http\\Request))
#59 /home/customs1/public_html/projects/newsportal/vendor/laravel/framework/src/Illuminate/Pipeline/Pipeline.php(104): Illuminate\\Routing\\Pipeline->Illuminate\\Routing\\{closure}(Object(Illuminate\\Http\\Request))
#60 /home/customs1/public_html/projects/newsportal/vendor/laravel/framework/src/Illuminate/Foundation/Http/Kernel.php(151): Illuminate\\Pipeline\\Pipeline->then(Object(Closure))
#61 /home/customs1/public_html/projects/newsportal/vendor/laravel/framework/src/Illuminate/Foundation/Http/Kernel.php(116): Illuminate\\Foundation\\Http\\Kernel->sendRequestThroughRouter(Object(Illuminate\\Http\\Request))
#62 /home/customs1/public_html/projects/newsportal/public/index.php(55): Illuminate\\Foundation\\Http\\Kernel->handle(Object(Illuminate\\Http\\Request))
#63 {main}
"} 
[2021-07-19 18:53:52] local.ERROR: file_put_contents(A:\laragon\www\newsportal\storage\framework\views/586248950626724bb1f966444695ee13b153f512.php): failed to open stream: No such file or directory {"exception":"[object] (ErrorException(code: 0): file_put_contents(A:\\laragon\\www\
ewsportal\\storage\\framework\\views/586248950626724bb1f966444695ee13b153f512.php): failed to open stream: No such file or directory at /home/customs1/public_html/projects/newsportal/vendor/laravel/framework/src/Illuminate/Filesystem/Filesystem.php:122)
[stacktrace]
#0 [internal function]: Illuminate\\Foundation\\Bootstrap\\HandleExceptions->handleError(2, 'file_put_conten...', '/home/customs1/...', 122, Array)
#1 /home/customs1/public_html/projects/newsportal/vendor/laravel/framework/src/Illuminate/Filesystem/Filesystem.php(122): file_put_contents('A:\\\\laragon\\\\www\\\\...', '<?php $__env->s...', 0)
#2 /home/customs1/public_html/projects/newsportal/vendor/laravel/framework/src/Illuminate/View/Compilers/BladeCompiler.php(122): Illuminate\\Filesystem\\Filesystem->put('A:\\\\laragon\\\\www\\\\...', '<?php $__env->s...')
#3 /home/customs1/public_html/projects/newsportal/vendor/laravel/framework/src/Illuminate/View/Engines/CompilerEngine.php(51): Illuminate\\View\\Compilers\\BladeCompiler->compile('/home/customs1/...')
#4 /home/customs1/public_html/projects/newsportal/vendor/laravel/framework/src/Illuminate/View/View.php(142): Illuminate\\View\\Engines\\CompilerEngine->get('/home/customs1/...', Array)
#5 /home/customs1/public_html/projects/newsportal/vendor/laravel/framework/src/Illuminate/View/View.php(125): Illuminate\\View\\View->getContents()
#6 /home/customs1/public_html/projects/newsportal/vendor/laravel/framework/src/Illuminate/View/View.php(90): Illuminate\\View\\View->renderContents()
#7 /home/customs1/public_html/projects/newsportal/vendor/laravel/framework/src/Illuminate/Http/Response.php(42): Illuminate\\View\\View->render()
#8 /home/customs1/public_html/projects/newsportal/vendor/symfony/http-foundation/Response.php(205): Illuminate\\Http\\Response->setContent(Object(Illuminate\\View\\View))
#9 /home/customs1/public_html/projects/newsportal/vendor/laravel/framework/src/Illuminate/Routing/ResponseFactory.php(55): Symfony\\Component\\HttpFoundation\\Response->__construct(Object(Illuminate\\View\\View), 500, Array)
#10 /home/customs1/public_html/projects/newsportal/vendor/laravel/framework/src/Illuminate/Routing/ResponseFactory.php(81): Illuminate\\Routing\\ResponseFactory->make(Object(Illuminate\\View\\View), 500, Array)
#11 /home/customs1/public_html/projects/newsportal/vendor/laravel/framework/src/Illuminate/Foundation/Exceptions/Handler.php(380): Illuminate\\Routing\\ResponseFactory->view('errors::500', Array, 500, Array)
#12 /home/customs1/public_html/projects/newsportal/vendor/laravel/framework/src/Illuminate/Foundation/Exceptions/Handler.php(289): Illuminate\\Foundation\\Exceptions\\Handler->renderHttpException(Object(Symfony\\Component\\HttpKernel\\Exception\\HttpException))
#13 /home/customs1/public_html/projects/newsportal/vendor/laravel/framework/src/Illuminate/Foundation/Exceptions/Handler.php(188): Illuminate\\Foundation\\Exceptions\\Handler->prepareResponse(Object(Illuminate\\Http\\Request), Object(Symfony\\Component\\HttpKernel\\Exception\\HttpException))
#14 /home/customs1/public_html/projects/newsportal/app/Exceptions/Handler.php(49): Illuminate\\Foundation\\Exceptions\\Handler->render(Object(Illuminate\\Http\\Request), Object(Illuminate\\Database\\QueryException))
#15 /home/customs1/public_html/projects/newsportal/vendor/laravel/framework/src/Illuminate/Routing/Pipeline.php(83): App\\Exceptions\\Handler->render(Object(Illuminate\\Http\\Request), Object(Illuminate\\Database\\QueryException))
#16 /home/customs1/public_html/projects/newsportal/vendor/laravel/framework/src/Illuminate/Routing/Pipeline.php(32): Illuminate\\Routing\\Pipeline->handleException(Object(Illuminate\\Http\\Request), Object(Illuminate\\Database\\QueryException))
#17 /home/customs1/public_html/projects/newsportal/vendor/laravel/framework/src/Illuminate/Routing/Middleware/SubstituteBindings.php(41): Illuminate\\Routing\\Pipeline->Illuminate\\Routing\\{closure}(Object(Illuminate\\Http\\Request))
#18 /home/customs1/public_html/projects/newsportal/vendor/laravel/framework/src/Illuminate/Pipeline/Pipeline.php(163): Illuminate\\Routing\\Middleware\\SubstituteBindings->handle(Object(Illuminate\\Http\\Request), Object(Closure))
#19 /home/customs1/public_html/projects/newsportal/vendor/laravel/framework/src/Illuminate/Routing/Pipeline.php(53): Illuminate\\Pipeline\\Pipeline->Illuminate\\Pipeline\\{closure}(Object(Illuminate\\Http\\Request))
#20 /home/customs1/public_html/projects/newsportal/vendor/laravel/framework/src/Illuminate/Foundation/Http/Middleware/VerifyCsrfToken.php(75): Illuminate\\Routing\\Pipeline->Illuminate\\Routing\\{closure}(Object(Illuminate\\Http\\Request))
#21 /home/customs1/public_html/projects/newsportal/vendor/laravel/framework/src/Illuminate/Pipeline/Pipeline.php(163): Illuminate\\Foundation\\Http\\Middleware\\VerifyCsrfToken->handle(Object(Illuminate\\Http\\Request), Object(Closure))
#22 /home/customs1/public_html/projects/newsportal/vendor/laravel/framework/src/Illuminate/Routing/Pipeline.php(53): Illuminate\\Pipeline\\Pipeline->Illuminate\\Pipeline\\{closure}(Object(Illuminate\\Http\\Request))
#23 /home/customs1/public_html/projects/newsportal/vendor/laravel/framework/src/Illuminate/View/Middleware/ShareErrorsFromSession.php(49): Illuminate\\Routing\\Pipeline->Illuminate\\Routing\\{closure}(Object(Illuminate\\Http\\Request))
#24 /home/customs1/public_html/projects/newsportal/vendor/laravel/framework/src/Illuminate/Pipeline/Pipeline.php(163): Illuminate\\View\\Middleware\\ShareErrorsFromSession->handle(Object(Illuminate\\Http\\Request), Object(Closure))
#25 /home/customs1/public_html/projects/newsportal/vendor/laravel/framework/src/Illuminate/Routing/Pipeline.php(53): Illuminate\\Pipeline\\Pipeline->Illuminate\\Pipeline\\{closure}(Object(Illuminate\\Http\\Request))
#26 /home/customs1/public_html/projects/newsportal/vendor/laravel/framework/src/Illuminate/Session/Middleware/StartSession.php(63): Illuminate\\Routing\\Pipeline->Illuminate\\Routing\\{closure}(Object(Illuminate\\Http\\Request))
#27 /home/customs1/public_html/projects/newsportal/vendor/laravel/framework/src/Illuminate/Pipeline/Pipeline.php(163): Illuminate\\Session\\Middleware\\StartSession->handle(Object(Illuminate\\Http\\Request), Object(Closure))
#28 /home/customs1/public_html/projects/newsportal/vendor/laravel/framework/src/Illuminate/Routing/Pipeline.php(53): Illuminate\\Pipeline\\Pipeline->Illuminate\\Pipeline\\{closure}(Object(Illuminate\\Http\\Request))
#29 /home/customs1/public_html/projects/newsportal/vendor/laravel/framework/src/Illuminate/Cookie/Middleware/AddQueuedCookiesToResponse.php(37): Illuminate\\Routing\\Pipeline->Illuminate\\Routing\\{closure}(Object(Illuminate\\Http\\Request))
#30 /home/customs1/public_html/projects/newsportal/vendor/laravel/framework/src/Illuminate/Pipeline/Pipeline.php(163): Illuminate\\Cookie\\Middleware\\AddQueuedCookiesToResponse->handle(Object(Illuminate\\Http\\Request), Object(Closure))
#31 /home/customs1/public_html/projects/newsportal/vendor/laravel/framework/src/Illuminate/Routing/Pipeline.php(53): Illuminate\\Pipeline\\Pipeline->Illuminate\\Pipeline\\{closure}(Object(Illuminate\\Http\\Request))
#32 /home/customs1/public_html/projects/newsportal/vendor/laravel/framework/src/Illuminate/Cookie/Middleware/EncryptCookies.php(66): Illuminate\\Routing\\Pipeline->Illuminate\\Routing\\{closure}(Object(Illuminate\\Http\\Request))
#33 /home/customs1/public_html/projects/newsportal/vendor/laravel/framework/src/Illuminate/Pipeline/Pipeline.php(163): Illuminate\\Cookie\\Middleware\\EncryptCookies->handle(Object(Illuminate\\Http\\Request), Object(Closure))
#34 /home/customs1/public_html/projects/newsportal/vendor/laravel/framework/src/Illuminate/Routing/Pipeline.php(53): Illuminate\\Pipeline\\Pipeline->Illuminate\\Pipeline\\{closure}(Object(Illuminate\\Http\\Request))
#35 /home/customs1/public_html/projects/newsportal/vendor/laravel/framework/src/Illuminate/Pipeline/Pipeline.php(104): Illuminate\\Routing\\Pipeline->Illuminate\\Routing\\{closure}(Object(Illuminate\\Http\\Request))
#36 /home/customs1/public_html/projects/newsportal/vendor/laravel/framework/src/Illuminate/Routing/Router.php(684): Illuminate\\Pipeline\\Pipeline->then(Object(Closure))
#37 /home/customs1/public_html/projects/newsportal/vendor/laravel/framework/src/Illuminate/Routing/Router.php(659): Illuminate\\Routing\\Router->runRouteWithinStack(Object(Illuminate\\Routing\\Route), Object(Illuminate\\Http\\Request))
#38 /home/customs1/public_html/projects/newsportal/vendor/laravel/framework/src/Illuminate/Routing/Router.php(625): Illuminate\\Routing\\Router->runRoute(Object(Illuminate\\Http\\Request), Object(Illuminate\\Routing\\Route))
#39 /home/customs1/public_html/projects/newsportal/vendor/laravel/framework/src/Illuminate/Routing/Router.php(614): Illuminate\\Routing\\Router->dispatchToRoute(Object(Illuminate\\Http\\Request))
#40 /home/customs1/public_html/projects/newsportal/vendor/laravel/framework/src/Illuminate/Foundation/Http/Kernel.php(176): Illuminate\\Routing\\Router->dispatch(Object(Illuminate\\Http\\Request))
#41 /home/customs1/public_html/projects/newsportal/vendor/laravel/framework/src/Illuminate/Routing/Pipeline.php(30): Illuminate\\Foundation\\Http\\Kernel->Illuminate\\Foundation\\Http\\{closure}(Object(Illuminate\\Http\\Request))
#42 /home/customs1/public_html/projects/newsportal/vendor/barryvdh/laravel-debugbar/src/Middleware/InjectDebugbar.php(58): Illuminate\\Routing\\Pipeline->Illuminate\\Routing\\{closure}(Object(Illuminate\\Http\\Request))
#43 /home/customs1/public_html/projects/newsportal/vendor/laravel/framework/src/Illuminate/Pipeline/Pipeline.php(163): Barryvdh\\Debugbar\\Middleware\\InjectDebugbar->handle(Object(Illuminate\\Http\\Request), Object(Closure))
#44 /home/customs1/public_html/projects/newsportal/vendor/laravel/framework/src/Illuminate/Routing/Pipeline.php(53): Illuminate\\Pipeline\\Pipeline->Illuminate\\Pipeline\\{closure}(Object(Illuminate\\Http\\Request))
#45 /home/customs1/public_html/projects/newsportal/vendor/fideloper/proxy/src/TrustProxies.php(57): Illuminate\\Routing\\Pipeline->Illuminate\\Routing\\{closure}(Object(Illuminate\\Http\\Request))
#46 /home/customs1/public_html/projects/newsportal/vendor/laravel/framework/src/Illuminate/Pipeline/Pipeline.php(163): Fideloper\\Proxy\\TrustProxies->handle(Object(Illuminate\\Http\\Request), Object(Closure))
#47 /home/customs1/public_html/projects/newsportal/vendor/laravel/framework/src/Illuminate/Routing/Pipeline.php(53): Illuminate\\Pipeline\\Pipeline->Illuminate\\Pipeline\\{closure}(Object(Illuminate\\Http\\Request))
#48 /home/customs1/public_html/projects/newsportal/vendor/laravel/framework/src/Illuminate/Foundation/Http/Middleware/TransformsRequest.php(31): Illuminate\\Routing\\Pipeline->Illuminate\\Routing\\{closure}(Object(Illuminate\\Http\\Request))
#49 /home/customs1/public_html/projects/newsportal/vendor/laravel/framework/src/Illuminate/Pipeline/Pipeline.php(163): Illuminate\\Foundation\\Http\\Middleware\\TransformsRequest->handle(Object(Illuminate\\Http\\Request), Object(Closure))
#50 /home/customs1/public_html/projects/newsportal/vendor/laravel/framework/src/Illuminate/Routing/Pipeline.php(53): Illuminate\\Pipeline\\Pipeline->Illuminate\\Pipeline\\{closure}(Object(Illuminate\\Http\\Request))
#51 /home/customs1/public_html/projects/newsportal/vendor/laravel/framework/src/Illuminate/Foundation/Http/Middleware/TransformsRequest.php(31): Illuminate\\Routing\\Pipeline->Illuminate\\Routing\\{closure}(Object(Illuminate\\Http\\Request))
#52 /home/customs1/public_html/projects/newsportal/vendor/laravel/framework/src/Illuminate/Pipeline/Pipeline.php(163): Illuminate\\Foundation\\Http\\Middleware\\TransformsRequest->handle(Object(Illuminate\\Http\\Request), Object(Closure))
#53 /home/customs1/public_html/projects/newsportal/vendor/laravel/framework/src/Illuminate/Routing/Pipeline.php(53): Illuminate\\Pipeline\\Pipeline->Illuminate\\Pipeline\\{closure}(Object(Illuminate\\Http\\Request))
#54 /home/customs1/public_html/projects/newsportal/vendor/laravel/framework/src/Illuminate/Foundation/Http/Middleware/ValidatePostSize.php(27): Illuminate\\Routing\\Pipeline->Illuminate\\Routing\\{closure}(Object(Illuminate\\Http\\Request))
#55 /home/customs1/public_html/projects/newsportal/vendor/laravel/framework/src/Illuminate/Pipeline/Pipeline.php(163): Illuminate\\Foundation\\Http\\Middleware\\ValidatePostSize->handle(Object(Illuminate\\Http\\Request), Object(Closure))
#56 /home/customs1/public_html/projects/newsportal/vendor/laravel/framework/src/Illuminate/Routing/Pipeline.php(53): Illuminate\\Pipeline\\Pipeline->Illuminate\\Pipeline\\{closure}(Object(Illuminate\\Http\\Request))
#57 /home/customs1/public_html/projects/newsportal/vendor/laravel/framework/src/Illuminate/Foundation/Http/Middleware/CheckForMaintenanceMode.php(62): Illuminate\\Routing\\Pipeline->Illuminate\\Routing\\{closure}(Object(Illuminate\\Http\\Request))
#58 /home/customs1/public_html/projects/newsportal/vendor/laravel/framework/src/Illuminate/Pipeline/Pipeline.php(163): Illuminate\\Foundation\\Http\\Middleware\\CheckForMaintenanceMode->handle(Object(Illuminate\\Http\\Request), Object(Closure))
#59 /home/customs1/public_html/projects/newsportal/vendor/laravel/framework/src/Illuminate/Routing/Pipeline.php(53): Illuminate\\Pipeline\\Pipeline->Illuminate\\Pipeline\\{closure}(Object(Illuminate\\Http\\Request))
#60 /home/customs1/public_html/projects/newsportal/vendor/laravel/framework/src/Illuminate/Pipeline/Pipeline.php(104): Illuminate\\Routing\\Pipeline->Illuminate\\Routing\\{closure}(Object(Illuminate\\Http\\Request))
#61 /home/customs1/public_html/projects/newsportal/vendor/laravel/framework/src/Illuminate/Foundation/Http/Kernel.php(151): Illuminate\\Pipeline\\Pipeline->then(Object(Closure))
#62 /home/customs1/public_html/projects/newsportal/vendor/laravel/framework/src/Illuminate/Foundation/Http/Kernel.php(116): Illuminate\\Foundation\\Http\\Kernel->sendRequestThroughRouter(Object(Illuminate\\Http\\Request))
#63 /home/customs1/public_html/projects/newsportal/public/index.php(55): Illuminate\\Foundation\\Http\\Kernel->handle(Object(Illuminate\\Http\\Request))
#64 {main}
"} 
[2021-07-19 18:53:52] local.ERROR: file_put_contents(A:\laragon\www\newsportal\storage\framework\views/586248950626724bb1f966444695ee13b153f512.php): failed to open stream: No such file or directory {"exception":"[object] (ErrorException(code: 0): file_put_contents(A:\\laragon\\www\
ewsportal\\storage\\framework\\views/586248950626724bb1f966444695ee13b153f512.php): failed to open stream: No such file or directory at /home/customs1/public_html/projects/newsportal/vendor/laravel/framework/src/Illuminate/Filesystem/Filesystem.php:122)
[stacktrace]
#0 [internal function]: Illuminate\\Foundation\\Bootstrap\\HandleExceptions->handleError(2, 'file_put_conten...', '/home/customs1/...', 122, Array)
#1 /home/customs1/public_html/projects/newsportal/vendor/laravel/framework/src/Illuminate/Filesystem/Filesystem.php(122): file_put_contents('A:\\\\laragon\\\\www\\\\...', '<?php $__env->s...', 0)
#2 /home/customs1/public_html/projects/newsportal/vendor/laravel/framework/src/Illuminate/View/Compilers/BladeCompiler.php(122): Illuminate\\Filesystem\\Filesystem->put('A:\\\\laragon\\\\www\\\\...', '<?php $__env->s...')
#3 /home/customs1/public_html/projects/newsportal/vendor/laravel/framework/src/Illuminate/View/Engines/CompilerEngine.php(51): Illuminate\\View\\Compilers\\BladeCompiler->compile('/home/customs1/...')
#4 /home/customs1/public_html/projects/newsportal/vendor/laravel/framework/src/Illuminate/View/View.php(142): Illuminate\\View\\Engines\\CompilerEngine->get('/home/customs1/...', Array)
#5 /home/customs1/public_html/projects/newsportal/vendor/laravel/framework/src/Illuminate/View/View.php(125): Illuminate\\View\\View->getContents()
#6 /home/customs1/public_html/projects/newsportal/vendor/laravel/framework/src/Illuminate/View/View.php(90): Illuminate\\View\\View->renderContents()
#7 /home/customs1/public_html/projects/newsportal/vendor/laravel/framework/src/Illuminate/Http/Response.php(42): Illuminate\\View\\View->render()
#8 /home/customs1/public_html/projects/newsportal/vendor/symfony/http-foundation/Response.php(205): Illuminate\\Http\\Response->setContent(Object(Illuminate\\View\\View))
#9 /home/customs1/public_html/projects/newsportal/vendor/laravel/framework/src/Illuminate/Routing/ResponseFactory.php(55): Symfony\\Component\\HttpFoundation\\Response->__construct(Object(Illuminate\\View\\View), 500, Array)
#10 /home/customs1/public_html/projects/newsportal/vendor/laravel/framework/src/Illuminate/Routing/ResponseFactory.php(81): Illuminate\\Routing\\ResponseFactory->make(Object(Illuminate\\View\\View), 500, Array)
#11 /home/customs1/public_html/projects/newsportal/vendor/laravel/framework/src/Illuminate/Foundation/Exceptions/Handler.php(380): Illuminate\\Routing\\ResponseFactory->view('errors::500', Array, 500, Array)
#12 /home/customs1/public_html/projects/newsportal/vendor/laravel/framework/src/Illuminate/Foundation/Exceptions/Handler.php(289): Illuminate\\Foundation\\Exceptions\\Handler->renderHttpException(Object(Symfony\\Component\\HttpKernel\\Exception\\HttpException))
#13 /home/customs1/public_html/projects/newsportal/vendor/laravel/framework/src/Illuminate/Foundation/Exceptions/Handler.php(188): Illuminate\\Foundation\\Exceptions\\Handler->prepareResponse(Object(Illuminate\\Http\\Request), Object(Symfony\\Component\\HttpKernel\\Exception\\HttpException))
#14 /home/customs1/public_html/projects/newsportal/app/Exceptions/Handler.php(49): Illuminate\\Foundation\\Exceptions\\Handler->render(Object(Illuminate\\Http\\Request), Object(ErrorException))
#15 /home/customs1/public_html/projects/newsportal/vendor/laravel/framework/src/Illuminate/Routing/Pipeline.php(83): App\\Exceptions\\Handler->render(Object(Illuminate\\Http\\Request), Object(ErrorException))
#16 /home/customs1/public_html/projects/newsportal/vendor/laravel/framework/src/Illuminate/Routing/Pipeline.php(55): Illuminate\\Routing\\Pipeline->handleException(Object(Illuminate\\Http\\Request), Object(ErrorException))
#17 /home/customs1/public_html/projects/newsportal/vendor/laravel/framework/src/Illuminate/Foundation/Http/Middleware/VerifyCsrfToken.php(75): Illuminate\\Routing\\Pipeline->Illuminate\\Routing\\{closure}(Object(Illuminate\\Http\\Request))
#18 /home/customs1/public_html/projects/newsportal/vendor/laravel/framework/src/Illuminate/Pipeline/Pipeline.php(163): Illuminate\\Foundation\\Http\\Middleware\\VerifyCsrfToken->handle(Object(Illuminate\\Http\\Request), Object(Closure))
#19 /home/customs1/public_html/projects/newsportal/vendor/laravel/framework/src/Illuminate/Routing/Pipeline.php(53): Illuminate\\Pipeline\\Pipeline->Illuminate\\Pipeline\\{closure}(Object(Illuminate\\Http\\Request))
#20 /home/customs1/public_html/projects/newsportal/vendor/laravel/framework/src/Illuminate/View/Middleware/ShareErrorsFromSession.php(49): Illuminate\\Routing\\Pipeline->Illuminate\\Routing\\{closure}(Object(Illuminate\\Http\\Request))
#21 /home/customs1/public_html/projects/newsportal/vendor/laravel/framework/src/Illuminate/Pipeline/Pipeline.php(163): Illuminate\\View\\Middleware\\ShareErrorsFromSession->handle(Object(Illuminate\\Http\\Request), Object(Closure))
#22 /home/customs1/public_html/projects/newsportal/vendor/laravel/framework/src/Illuminate/Routing/Pipeline.php(53): Illuminate\\Pipeline\\Pipeline->Illuminate\\Pipeline\\{closure}(Object(Illuminate\\Http\\Request))
#23 /home/customs1/public_html/projects/newsportal/vendor/laravel/framework/src/Illuminate/Session/Middleware/StartSession.php(63): Illuminate\\Routing\\Pipeline->Illuminate\\Routing\\{closure}(Object(Illuminate\\Http\\Request))
#24 /home/customs1/public_html/projects/newsportal/vendor/laravel/framework/src/Illuminate/Pipeline/Pipeline.php(163): Illuminate\\Session\\Middleware\\StartSession->handle(Object(Illuminate\\Http\\Request), Object(Closure))
#25 /home/customs1/public_html/projects/newsportal/vendor/laravel/framework/src/Illuminate/Routing/Pipeline.php(53): Illuminate\\Pipeline\\Pipeline->Illuminate\\Pipeline\\{closure}(Object(Illuminate\\Http\\Request))
#26 /home/customs1/public_html/projects/newsportal/vendor/laravel/framework/src/Illuminate/Cookie/Middleware/AddQueuedCookiesToResponse.php(37): Illuminate\\Routing\\Pipeline->Illuminate\\Routing\\{closure}(Object(Illuminate\\Http\\Request))
#27 /home/customs1/public_html/projects/newsportal/vendor/laravel/framework/src/Illuminate/Pipeline/Pipeline.php(163): Illuminate\\Cookie\\Middleware\\AddQueuedCookiesToResponse->handle(Object(Illuminate\\Http\\Request), Object(Closure))
#28 /home/customs1/public_html/projects/newsportal/vendor/laravel/framework/src/Illuminate/Routing/Pipeline.php(53): Illuminate\\Pipeline\\Pipeline->Illuminate\\Pipeline\\{closure}(Object(Illuminate\\Http\\Request))
#29 /home/customs1/public_html/projects/newsportal/vendor/laravel/framework/src/Illuminate/Cookie/Middleware/EncryptCookies.php(66): Illuminate\\Routing\\Pipeline->Illuminate\\Routing\\{closure}(Object(Illuminate\\Http\\Request))
#30 /home/customs1/public_html/projects/newsportal/vendor/laravel/framework/src/Illuminate/Pipeline/Pipeline.php(163): Illuminate\\Cookie\\Middleware\\EncryptCookies->handle(Object(Illuminate\\Http\\Request), Object(Closure))
#31 /home/customs1/public_html/projects/newsportal/vendor/laravel/framework/src/Illuminate/Routing/Pipeline.php(53): Illuminate\\Pipeline\\Pipeline->Illuminate\\Pipeline\\{closure}(Object(Illuminate\\Http\\Request))
#32 /home/customs1/public_html/projects/newsportal/vendor/laravel/framework/src/Illuminate/Pipeline/Pipeline.php(104): Illuminate\\Routing\\Pipeline->Illuminate\\Routing\\{closure}(Object(Illuminate\\Http\\Request))
#33 /home/customs1/public_html/projects/newsportal/vendor/laravel/framework/src/Illuminate/Routing/Router.php(684): Illuminate\\Pipeline\\Pipeline->then(Object(Closure))
#34 /home/customs1/public_html/projects/newsportal/vendor/laravel/framework/src/Illuminate/Routing/Router.php(659): Illuminate\\Routing\\Router->runRouteWithinStack(Object(Illuminate\\Routing\\Route), Object(Illuminate\\Http\\Request))
#35 /home/customs1/public_html/projects/newsportal/vendor/laravel/framework/src/Illuminate/Routing/Router.php(625): Illuminate\\Routing\\Router->runRoute(Object(Illuminate\\Http\\Request), Object(Illuminate\\Routing\\Route))
#36 /home/customs1/public_html/projects/newsportal/vendor/laravel/framework/src/Illuminate/Routing/Router.php(614): Illuminate\\Routing\\Router->dispatchToRoute(Object(Illuminate\\Http\\Request))
#37 /home/customs1/public_html/projects/newsportal/vendor/laravel/framework/src/Illuminate/Foundation/Http/Kernel.php(176): Illuminate\\Routing\\Router->dispatch(Object(Illuminate\\Http\\Request))
#38 /home/customs1/public_html/projects/newsportal/vendor/laravel/framework/src/Illuminate/Routing/Pipeline.php(30): Illuminate\\Foundation\\Http\\Kernel->Illuminate\\Foundation\\Http\\{closure}(Object(Illuminate\\Http\\Request))
#39 /home/customs1/public_html/projects/newsportal/vendor/barryvdh/laravel-debugbar/src/Middleware/InjectDebugbar.php(58): Illuminate\\Routing\\Pipeline->Illuminate\\Routing\\{closure}(Object(Illuminate\\Http\\Request))
#40 /home/customs1/public_html/projects/newsportal/vendor/laravel/framework/src/Illuminate/Pipeline/Pipeline.php(163): Barryvdh\\Debugbar\\Middleware\\InjectDebugbar->handle(Object(Illuminate\\Http\\Request), Object(Closure))
#41 /home/customs1/public_html/projects/newsportal/vendor/laravel/framework/src/Illuminate/Routing/Pipeline.php(53): Illuminate\\Pipeline\\Pipeline->Illuminate\\Pipeline\\{closure}(Object(Illuminate\\Http\\Request))
#42 /home/customs1/public_html/projects/newsportal/vendor/fideloper/proxy/src/TrustProxies.php(57): Illuminate\\Routing\\Pipeline->Illuminate\\Routing\\{closure}(Object(Illuminate\\Http\\Request))
#43 /home/customs1/public_html/projects/newsportal/vendor/laravel/framework/src/Illuminate/Pipeline/Pipeline.php(163): Fideloper\\Proxy\\TrustProxies->handle(Object(Illuminate\\Http\\Request), Object(Closure))
#44 /home/customs1/public_html/projects/newsportal/vendor/laravel/framework/src/Illuminate/Routing/Pipeline.php(53): Illuminate\\Pipeline\\Pipeline->Illuminate\\Pipeline\\{closure}(Object(Illuminate\\Http\\Request))
#45 /home/customs1/public_html/projects/newsportal/vendor/laravel/framework/src/Illuminate/Foundation/Http/Middleware/TransformsRequest.php(31): Illuminate\\Routing\\Pipeline->Illuminate\\Routing\\{closure}(Object(Illuminate\\Http\\Request))
#46 /home/customs1/public_html/projects/newsportal/vendor/laravel/framework/src/Illuminate/Pipeline/Pipeline.php(163): Illuminate\\Foundation\\Http\\Middleware\\TransformsRequest->handle(Object(Illuminate\\Http\\Request), Object(Closure))
#47 /home/customs1/public_html/projects/newsportal/vendor/laravel/framework/src/Illuminate/Routing/Pipeline.php(53): Illuminate\\Pipeline\\Pipeline->Illuminate\\Pipeline\\{closure}(Object(Illuminate\\Http\\Request))
#48 /home/customs1/public_html/projects/newsportal/vendor/laravel/framework/src/Illuminate/Foundation/Http/Middleware/TransformsRequest.php(31): Illuminate\\Routing\\Pipeline->Illuminate\\Routing\\{closure}(Object(Illuminate\\Http\\Request))
#49 /home/customs1/public_html/projects/newsportal/vendor/laravel/framework/src/Illuminate/Pipeline/Pipeline.php(163): Illuminate\\Foundation\\Http\\Middleware\\TransformsRequest->handle(Object(Illuminate\\Http\\Request), Object(Closure))
#50 /home/customs1/public_html/projects/newsportal/vendor/laravel/framework/src/Illuminate/Routing/Pipeline.php(53): Illuminate\\Pipeline\\Pipeline->Illuminate\\Pipeline\\{closure}(Object(Illuminate\\Http\\Request))
#51 /home/customs1/public_html/projects/newsportal/vendor/laravel/framework/src/Illuminate/Foundation/Http/Middleware/ValidatePostSize.php(27): Illuminate\\Routing\\Pipeline->Illuminate\\Routing\\{closure}(Object(Illuminate\\Http\\Request))
#52 /home/customs1/public_html/projects/newsportal/vendor/laravel/framework/src/Illuminate/Pipeline/Pipeline.php(163): Illuminate\\Foundation\\Http\\Middleware\\ValidatePostSize->handle(Object(Illuminate\\Http\\Request), Object(Closure))
#53 /home/customs1/public_html/projects/newsportal/vendor/laravel/framework/src/Illuminate/Routing/Pipeline.php(53): Illuminate\\Pipeline\\Pipeline->Illuminate\\Pipeline\\{closure}(Object(Illuminate\\Http\\Request))
#54 /home/customs1/public_html/projects/newsportal/vendor/laravel/framework/src/Illuminate/Foundation/Http/Middleware/CheckForMaintenanceMode.php(62): Illuminate\\Routing\\Pipeline->Illuminate\\Routing\\{closure}(Object(Illuminate\\Http\\Request))
#55 /home/customs1/public_html/projects/newsportal/vendor/laravel/framework/src/Illuminate/Pipeline/Pipeline.php(163): Illuminate\\Foundation\\Http\\Middleware\\CheckForMaintenanceMode->handle(Object(Illuminate\\Http\\Request), Object(Closure))
#56 /home/customs1/public_html/projects/newsportal/vendor/laravel/framework/src/Illuminate/Routing/Pipeline.php(53): Illuminate\\Pipeline\\Pipeline->Illuminate\\Pipeline\\{closure}(Object(Illuminate\\Http\\Request))
#57 /home/customs1/public_html/projects/newsportal/vendor/laravel/framework/src/Illuminate/Pipeline/Pipeline.php(104): Illuminate\\Routing\\Pipeline->Illuminate\\Routing\\{closure}(Object(Illuminate\\Http\\Request))
#58 /home/customs1/public_html/projects/newsportal/vendor/laravel/framework/src/Illuminate/Foundation/Http/Kernel.php(151): Illuminate\\Pipeline\\Pipeline->then(Object(Closure))
#59 /home/customs1/public_html/projects/newsportal/vendor/laravel/framework/src/Illuminate/Foundation/Http/Kernel.php(116): Illuminate\\Foundation\\Http\\Kernel->sendRequestThroughRouter(Object(Illuminate\\Http\\Request))
#60 /home/customs1/public_html/projects/newsportal/public/index.php(55): Illuminate\\Foundation\\Http\\Kernel->handle(Object(Illuminate\\Http\\Request))
#61 {main}
"} 
[2021-07-19 18:53:52] local.ERROR: file_put_contents(A:\laragon\www\newsportal\storage\framework\views/586248950626724bb1f966444695ee13b153f512.php): failed to open stream: No such file or directory {"exception":"[object] (ErrorException(code: 0): file_put_contents(A:\\laragon\\www\
ewsportal\\storage\\framework\\views/586248950626724bb1f966444695ee13b153f512.php): failed to open stream: No such file or directory at /home/customs1/public_html/projects/newsportal/vendor/laravel/framework/src/Illuminate/Filesystem/Filesystem.php:122)
[stacktrace]
#0 [internal function]: Illuminate\\Foundation\\Bootstrap\\HandleExceptions->handleError(2, 'file_put_conten...', '/home/customs1/...', 122, Array)
#1 /home/customs1/public_html/projects/newsportal/vendor/laravel/framework/src/Illuminate/Filesystem/Filesystem.php(122): file_put_contents('A:\\\\laragon\\\\www\\\\...', '<?php $__env->s...', 0)
#2 /home/customs1/public_html/projects/newsportal/vendor/laravel/framework/src/Illuminate/View/Compilers/BladeCompiler.php(122): Illuminate\\Filesystem\\Filesystem->put('A:\\\\laragon\\\\www\\\\...', '<?php $__env->s...')
#3 /home/customs1/public_html/projects/newsportal/vendor/laravel/framework/src/Illuminate/View/Engines/CompilerEngine.php(51): Illuminate\\View\\Compilers\\BladeCompiler->compile('/home/customs1/...')
#4 /home/customs1/public_html/projects/newsportal/vendor/laravel/framework/src/Illuminate/View/View.php(142): Illuminate\\View\\Engines\\CompilerEngine->get('/home/customs1/...', Array)
#5 /home/customs1/public_html/projects/newsportal/vendor/laravel/framework/src/Illuminate/View/View.php(125): Illuminate\\View\\View->getContents()
#6 /home/customs1/public_html/projects/newsportal/vendor/laravel/framework/src/Illuminate/View/View.php(90): Illuminate\\View\\View->renderContents()
#7 /home/customs1/public_html/projects/newsportal/vendor/laravel/framework/src/Illuminate/Http/Response.php(42): Illuminate\\View\\View->render()
#8 /home/customs1/public_html/projects/newsportal/vendor/symfony/http-foundation/Response.php(205): Illuminate\\Http\\Response->setContent(Object(Illuminate\\View\\View))
#9 /home/customs1/public_html/projects/newsportal/vendor/laravel/framework/src/Illuminate/Routing/ResponseFactory.php(55): Symfony\\Component\\HttpFoundation\\Response->__construct(Object(Illuminate\\View\\View), 500, Array)
#10 /home/customs1/public_html/projects/newsportal/vendor/laravel/framework/src/Illuminate/Routing/ResponseFactory.php(81): Illuminate\\Routing\\ResponseFactory->make(Object(Illuminate\\View\\View), 500, Array)
#11 /home/customs1/public_html/projects/newsportal/vendor/laravel/framework/src/Illuminate/Foundation/Exceptions/Handler.php(380): Illuminate\\Routing\\ResponseFactory->view('errors::500', Array, 500, Array)
#12 /home/customs1/public_html/projects/newsportal/vendor/laravel/framework/src/Illuminate/Foundation/Exceptions/Handler.php(289): Illuminate\\Foundation\\Exceptions\\Handler->renderHttpException(Object(Symfony\\Component\\HttpKernel\\Exception\\HttpException))
#13 /home/customs1/public_html/projects/newsportal/vendor/laravel/framework/src/Illuminate/Foundation/Exceptions/Handler.php(188): Illuminate\\Foundation\\Exceptions\\Handler->prepareResponse(Object(Illuminate\\Http\\Request), Object(Symfony\\Component\\HttpKernel\\Exception\\HttpException))
#14 /home/customs1/public_html/projects/newsportal/app/Exceptions/Handler.php(49): Illuminate\\Foundation\\Exceptions\\Handler->render(Object(Illuminate\\Http\\Request), Object(ErrorException))
#15 /home/customs1/public_html/projects/newsportal/vendor/laravel/framework/src/Illuminate/Routing/Pipeline.php(83): App\\Exceptions\\Handler->render(Object(Illuminate\\Http\\Request), Object(ErrorException))
#16 /home/customs1/public_html/projects/newsportal/vendor/laravel/framework/src/Illuminate/Routing/Pipeline.php(55): Illuminate\\Routing\\Pipeline->handleException(Object(Illuminate\\Http\\Request), Object(ErrorException))
#17 /home/customs1/public_html/projects/newsportal/vendor/laravel/framework/src/Illuminate/View/Middleware/ShareErrorsFromSession.php(49): Illuminate\\Routing\\Pipeline->Illuminate\\Routing\\{closure}(Object(Illuminate\\Http\\Request))
#18 /home/customs1/public_html/projects/newsportal/vendor/laravel/framework/src/Illuminate/Pipeline/Pipeline.php(163): Illuminate\\View\\Middleware\\ShareErrorsFromSession->handle(Object(Illuminate\\Http\\Request), Object(Closure))
#19 /home/customs1/public_html/projects/newsportal/vendor/laravel/framework/src/Illuminate/Routing/Pipeline.php(53): Illuminate\\Pipeline\\Pipeline->Illuminate\\Pipeline\\{closure}(Object(Illuminate\\Http\\Request))
#20 /home/customs1/public_html/projects/newsportal/vendor/laravel/framework/src/Illuminate/Session/Middleware/StartSession.php(63): Illuminate\\Routing\\Pipeline->Illuminate\\Routing\\{closure}(Object(Illuminate\\Http\\Request))
#21 /home/customs1/public_html/projects/newsportal/vendor/laravel/framework/src/Illuminate/Pipeline/Pipeline.php(163): Illuminate\\Session\\Middleware\\StartSession->handle(Object(Illuminate\\Http\\Request), Object(Closure))
#22 /home/customs1/public_html/projects/newsportal/vendor/laravel/framework/src/Illuminate/Routing/Pipeline.php(53): Illuminate\\Pipeline\\Pipeline->Illuminate\\Pipeline\\{closure}(Object(Illuminate\\Http\\Request))
#23 /home/customs1/public_html/projects/newsportal/vendor/laravel/framework/src/Illuminate/Cookie/Middleware/AddQueuedCookiesToResponse.php(37): Illuminate\\Routing\\Pipeline->Illuminate\\Routing\\{closure}(Object(Illuminate\\Http\\Request))
#24 /home/customs1/public_html/projects/newsportal/vendor/laravel/framework/src/Illuminate/Pipeline/Pipeline.php(163): Illuminate\\Cookie\\Middleware\\AddQueuedCookiesToResponse->handle(Object(Illuminate\\Http\\Request), Object(Closure))
#25 /home/customs1/public_html/projects/newsportal/vendor/laravel/framework/src/Illuminate/Routing/Pipeline.php(53): Illuminate\\Pipeline\\Pipeline->Illuminate\\Pipeline\\{closure}(Object(Illuminate\\Http\\Request))
#26 /home/customs1/public_html/projects/newsportal/vendor/laravel/framework/src/Illuminate/Cookie/Middleware/EncryptCookies.php(66): Illuminate\\Routing\\Pipeline->Illuminate\\Routing\\{closure}(Object(Illuminate\\Http\\Request))
#27 /home/customs1/public_html/projects/newsportal/vendor/laravel/framework/src/Illuminate/Pipeline/Pipeline.php(163): Illuminate\\Cookie\\Middleware\\EncryptCookies->handle(Object(Illuminate\\Http\\Request), Object(Closure))
#28 /home/customs1/public_html/projects/newsportal/vendor/laravel/framework/src/Illuminate/Routing/Pipeline.php(53): Illuminate\\Pipeline\\Pipeline->Illuminate\\Pipeline\\{closure}(Object(Illuminate\\Http\\Request))
#29 /home/customs1/public_html/projects/newsportal/vendor/laravel/framework/src/Illuminate/Pipeline/Pipeline.php(104): Illuminate\\Routing\\Pipeline->Illuminate\\Routing\\{closure}(Object(Illuminate\\Http\\Request))
#30 /home/customs1/public_html/projects/newsportal/vendor/laravel/framework/src/Illuminate/Routing/Router.php(684): Illuminate\\Pipeline\\Pipeline->then(Object(Closure))
#31 /home/customs1/public_html/projects/newsportal/vendor/laravel/framework/src/Illuminate/Routing/Router.php(659): Illuminate\\Routing\\Router->runRouteWithinStack(Object(Illuminate\\Routing\\Route), Object(Illuminate\\Http\\Request))
#32 /home/customs1/public_html/projects/newsportal/vendor/laravel/framework/src/Illuminate/Routing/Router.php(625): Illuminate\\Routing\\Router->runRoute(Object(Illuminate\\Http\\Request), Object(Illuminate\\Routing\\Route))
#33 /home/customs1/public_html/projects/newsportal/vendor/laravel/framework/src/Illuminate/Routing/Router.php(614): Illuminate\\Routing\\Router->dispatchToRoute(Object(Illuminate\\Http\\Request))
#34 /home/customs1/public_html/projects/newsportal/vendor/laravel/framework/src/Illuminate/Foundation/Http/Kernel.php(176): Illuminate\\Routing\\Router->dispatch(Object(Illuminate\\Http\\Request))
#35 /home/customs1/public_html/projects/newsportal/vendor/laravel/framework/src/Illuminate/Routing/Pipeline.php(30): Illuminate\\Foundation\\Http\\Kernel->Illuminate\\Foundation\\Http\\{closure}(Object(Illuminate\\Http\\Request))
#36 /home/customs1/public_html/projects/newsportal/vendor/barryvdh/laravel-debugbar/src/Middleware/InjectDebugbar.php(58): Illuminate\\Routing\\Pipeline->Illuminate\\Routing\\{closure}(Object(Illuminate\\Http\\Request))
#37 /home/customs1/public_html/projects/newsportal/vendor/laravel/framework/src/Illuminate/Pipeline/Pipeline.php(163): Barryvdh\\Debugbar\\Middleware\\InjectDebugbar->handle(Object(Illuminate\\Http\\Request), Object(Closure))
#38 /home/customs1/public_html/projects/newsportal/vendor/laravel/framework/src/Illuminate/Routing/Pipeline.php(53): Illuminate\\Pipeline\\Pipeline->Illuminate\\Pipeline\\{closure}(Object(Illuminate\\Http\\Request))
#39 /home/customs1/public_html/projects/newsportal/vendor/fideloper/proxy/src/TrustProxies.php(57): Illuminate\\Routing\\Pipeline->Illuminate\\Routing\\{closure}(Object(Illuminate\\Http\\Request))
#40 /home/customs1/public_html/projects/newsportal/vendor/laravel/framework/src/Illuminate/Pipeline/Pipeline.php(163): Fideloper\\Proxy\\TrustProxies->handle(Object(Illuminate\\Http\\Request), Object(Closure))
#41 /home/customs1/public_html/projects/newsportal/vendor/laravel/framework/src/Illuminate/Routing/Pipeline.php(53): Illuminate\\Pipeline\\Pipeline->Illuminate\\Pipeline\\{closure}(Object(Illuminate\\Http\\Request))
#42 /home/customs1/public_html/projects/newsportal/vendor/laravel/framework/src/Illuminate/Foundation/Http/Middleware/TransformsRequest.php(31): Illuminate\\Routing\\Pipeline->Illuminate\\Routing\\{closure}(Object(Illuminate\\Http\\Request))
#43 /home/customs1/public_html/projects/newsportal/vendor/laravel/framework/src/Illuminate/Pipeline/Pipeline.php(163): Illuminate\\Foundation\\Http\\Middleware\\TransformsRequest->handle(Object(Illuminate\\Http\\Request), Object(Closure))
#44 /home/customs1/public_html/projects/newsportal/vendor/laravel/framework/src/Illuminate/Routing/Pipeline.php(53): Illuminate\\Pipeline\\Pipeline->Illuminate\\Pipeline\\{closure}(Object(Illuminate\\Http\\Request))
#45 /home/customs1/public_html/projects/newsportal/vendor/laravel/framework/src/Illuminate/Foundation/Http/Middleware/TransformsRequest.php(31): Illuminate\\Routing\\Pipeline->Illuminate\\Routing\\{closure}(Object(Illuminate\\Http\\Request))
#46 /home/customs1/public_html/projects/newsportal/vendor/laravel/framework/src/Illuminate/Pipeline/Pipeline.php(163): Illuminate\\Foundation\\Http\\Middleware\\TransformsRequest->handle(Object(Illuminate\\Http\\Request), Object(Closure))
#47 /home/customs1/public_html/projects/newsportal/vendor/laravel/framework/src/Illuminate/Routing/Pipeline.php(53): Illuminate\\Pipeline\\Pipeline->Illuminate\\Pipeline\\{closure}(Object(Illuminate\\Http\\Request))
#48 /home/customs1/public_html/projects/newsportal/vendor/laravel/framework/src/Illuminate/Foundation/Http/Middleware/ValidatePostSize.php(27): Illuminate\\Routing\\Pipeline->Illuminate\\Routing\\{closure}(Object(Illuminate\\Http\\Request))
#49 /home/customs1/public_html/projects/newsportal/vendor/laravel/framework/src/Illuminate/Pipeline/Pipeline.php(163): Illuminate\\Foundation\\Http\\Middleware\\ValidatePostSize->handle(Object(Illuminate\\Http\\Request), Object(Closure))
#50 /home/customs1/public_html/projects/newsportal/vendor/laravel/framework/src/Illuminate/Routing/Pipeline.php(53): Illuminate\\Pipeline\\Pipeline->Illuminate\\Pipeline\\{closure}(Object(Illuminate\\Http\\Request))
#51 /home/customs1/public_html/projects/newsportal/vendor/laravel/framework/src/Illuminate/Foundation/Http/Middleware/CheckForMaintenanceMode.php(62): Illuminate\\Routing\\Pipeline->Illuminate\\Routing\\{closure}(Object(Illuminate\\Http\\Request))
#52 /home/customs1/public_html/projects/newsportal/vendor/laravel/framework/src/Illuminate/Pipeline/Pipeline.php(163): Illuminate\\Foundation\\Http\\Middleware\\CheckForMaintenanceMode->handle(Object(Illuminate\\Http\\Request), Object(Closure))
#53 /home/customs1/public_html/projects/newsportal/vendor/laravel/framework/src/Illuminate/Routing/Pipeline.php(53): Illuminate\\Pipeline\\Pipeline->Illuminate\\Pipeline\\{closure}(Object(Illuminate\\Http\\Request))
#54 /home/customs1/public_html/projects/newsportal/vendor/laravel/framework/src/Illuminate/Pipeline/Pipeline.php(104): Illuminate\\Routing\\Pipeline->Illuminate\\Routing\\{closure}(Object(Illuminate\\Http\\Request))
#55 /home/customs1/public_html/projects/newsportal/vendor/laravel/framework/src/Illuminate/Foundation/Http/Kernel.php(151): Illuminate\\Pipeline\\Pipeline->then(Object(Closure))
#56 /home/customs1/public_html/projects/newsportal/vendor/laravel/framework/src/Illuminate/Foundation/Http/Kernel.php(116): Illuminate\\Foundation\\Http\\Kernel->sendRequestThroughRouter(Object(Illuminate\\Http\\Request))
#57 /home/customs1/public_html/projects/newsportal/public/index.php(55): Illuminate\\Foundation\\Http\\Kernel->handle(Object(Illuminate\\Http\\Request))
#58 {main}
"} 
[2021-07-19 18:53:52] local.ERROR: file_put_contents(A:\laragon\www\newsportal\storage\framework\views/586248950626724bb1f966444695ee13b153f512.php): failed to open stream: No such file or directory {"exception":"[object] (ErrorException(code: 0): file_put_contents(A:\\laragon\\www\
ewsportal\\storage\\framework\\views/586248950626724bb1f966444695ee13b153f512.php): failed to open stream: No such file or directory at /home/customs1/public_html/projects/newsportal/vendor/laravel/framework/src/Illuminate/Filesystem/Filesystem.php:122)
[stacktrace]
#0 [internal function]: Illuminate\\Foundation\\Bootstrap\\HandleExceptions->handleError(2, 'file_put_conten...', '/home/customs1/...', 122, Array)
#1 /home/customs1/public_html/projects/newsportal/vendor/laravel/framework/src/Illuminate/Filesystem/Filesystem.php(122): file_put_contents('A:\\\\laragon\\\\www\\\\...', '<?php $__env->s...', 0)
#2 /home/customs1/public_html/projects/newsportal/vendor/laravel/framework/src/Illuminate/View/Compilers/BladeCompiler.php(122): Illuminate\\Filesystem\\Filesystem->put('A:\\\\laragon\\\\www\\\\...', '<?php $__env->s...')
#3 /home/customs1/public_html/projects/newsportal/vendor/laravel/framework/src/Illuminate/View/Engines/CompilerEngine.php(51): Illuminate\\View\\Compilers\\BladeCompiler->compile('/home/customs1/...')
#4 /home/customs1/public_html/projects/newsportal/vendor/laravel/framework/src/Illuminate/View/View.php(142): Illuminate\\View\\Engines\\CompilerEngine->get('/home/customs1/...', Array)
#5 /home/customs1/public_html/projects/newsportal/vendor/laravel/framework/src/Illuminate/View/View.php(125): Illuminate\\View\\View->getContents()
#6 /home/customs1/public_html/projects/newsportal/vendor/laravel/framework/src/Illuminate/View/View.php(90): Illuminate\\View\\View->renderContents()
#7 /home/customs1/public_html/projects/newsportal/vendor/laravel/framework/src/Illuminate/Http/Response.php(42): Illuminate\\View\\View->render()
#8 /home/customs1/public_html/projects/newsportal/vendor/symfony/http-foundation/Response.php(205): Illuminate\\Http\\Response->setContent(Object(Illuminate\\View\\View))
#9 /home/customs1/public_html/projects/newsportal/vendor/laravel/framework/src/Illuminate/Routing/ResponseFactory.php(55): Symfony\\Component\\HttpFoundation\\Response->__construct(Object(Illuminate\\View\\View), 500, Array)
#10 /home/customs1/public_html/projects/newsportal/vendor/laravel/framework/src/Illuminate/Routing/ResponseFactory.php(81): Illuminate\\Routing\\ResponseFactory->make(Object(Illuminate\\View\\View), 500, Array)
#11 /home/customs1/public_html/projects/newsportal/vendor/laravel/framework/src/Illuminate/Foundation/Exceptions/Handler.php(380): Illuminate\\Routing\\ResponseFactory->view('errors::500', Array, 500, Array)
#12 /home/customs1/public_html/projects/newsportal/vendor/laravel/framework/src/Illuminate/Foundation/Exceptions/Handler.php(289): Illuminate\\Foundation\\Exceptions\\Handler->renderHttpException(Object(Symfony\\Component\\HttpKernel\\Exception\\HttpException))
#13 /home/customs1/public_html/projects/newsportal/vendor/laravel/framework/src/Illuminate/Foundation/Exceptions/Handler.php(188): Illuminate\\Foundation\\Exceptions\\Handler->prepareResponse(Object(Illuminate\\Http\\Request), Object(Symfony\\Component\\HttpKernel\\Exception\\HttpException))
#14 /home/customs1/public_html/projects/newsportal/app/Exceptions/Handler.php(49): Illuminate\\Foundation\\Exceptions\\Handler->render(Object(Illuminate\\Http\\Request), Object(ErrorException))
#15 /home/customs1/public_html/projects/newsportal/vendor/laravel/framework/src/Illuminate/Routing/Pipeline.php(83): App\\Exceptions\\Handler->render(Object(Illuminate\\Http\\Request), Object(ErrorException))
#16 /home/customs1/public_html/projects/newsportal/vendor/laravel/framework/src/Illuminate/Routing/Pipeline.php(55): Illuminate\\Routing\\Pipeline->handleException(Object(Illuminate\\Http\\Request), Object(ErrorException))
#17 /home/customs1/public_html/projects/newsportal/vendor/laravel/framework/src/Illuminate/Session/Middleware/StartSession.php(63): Illuminate\\Routing\\Pipeline->Illuminate\\Routing\\{closure}(Object(Illuminate\\Http\\Request))
#18 /home/customs1/public_html/projects/newsportal/vendor/laravel/framework/src/Illuminate/Pipeline/Pipeline.php(163): Illuminate\\Session\\Middleware\\StartSession->handle(Object(Illuminate\\Http\\Request), Object(Closure))
#19 /home/customs1/public_html/projects/newsportal/vendor/laravel/framework/src/Illuminate/Routing/Pipeline.php(53): Illuminate\\Pipeline\\Pipeline->Illuminate\\Pipeline\\{closure}(Object(Illuminate\\Http\\Request))
#20 /home/customs1/public_html/projects/newsportal/vendor/laravel/framework/src/Illuminate/Cookie/Middleware/AddQueuedCookiesToResponse.php(37): Illuminate\\Routing\\Pipeline->Illuminate\\Routing\\{closure}(Object(Illuminate\\Http\\Request))
#21 /home/customs1/public_html/projects/newsportal/vendor/laravel/framework/src/Illuminate/Pipeline/Pipeline.php(163): Illuminate\\Cookie\\Middleware\\AddQueuedCookiesToResponse->handle(Object(Illuminate\\Http\\Request), Object(Closure))
#22 /home/customs1/public_html/projects/newsportal/vendor/laravel/framework/src/Illuminate/Routing/Pipeline.php(53): Illuminate\\Pipeline\\Pipeline->Illuminate\\Pipeline\\{closure}(Object(Illuminate\\Http\\Request))
#23 /home/customs1/public_html/projects/newsportal/vendor/laravel/framework/src/Illuminate/Cookie/Middleware/EncryptCookies.php(66): Illuminate\\Routing\\Pipeline->Illuminate\\Routing\\{closure}(Object(Illuminate\\Http\\Request))
#24 /home/customs1/public_html/projects/newsportal/vendor/laravel/framework/src/Illuminate/Pipeline/Pipeline.php(163): Illuminate\\Cookie\\Middleware\\EncryptCookies->handle(Object(Illuminate\\Http\\Request), Object(Closure))
#25 /home/customs1/public_html/projects/newsportal/vendor/laravel/framework/src/Illuminate/Routing/Pipeline.php(53): Illuminate\\Pipeline\\Pipeline->Illuminate\\Pipeline\\{closure}(Object(Illuminate\\Http\\Request))
#26 /home/customs1/public_html/projects/newsportal/vendor/laravel/framework/src/Illuminate/Pipeline/Pipeline.php(104): Illuminate\\Routing\\Pipeline->Illuminate\\Routing\\{closure}(Object(Illuminate\\Http\\Request))
#27 /home/customs1/public_html/projects/newsportal/vendor/laravel/framework/src/Illuminate/Routing/Router.php(684): Illuminate\\Pipeline\\Pipeline->then(Object(Closure))
#28 /home/customs1/public_html/projects/newsportal/vendor/laravel/framework/src/Illuminate/Routing/Router.php(659): Illuminate\\Routing\\Router->runRouteWithinStack(Object(Illuminate\\Routing\\Route), Object(Illuminate\\Http\\Request))
#29 /home/customs1/public_html/projects/newsportal/vendor/laravel/framework/src/Illuminate/Routing/Router.php(625): Illuminate\\Routing\\Router->runRoute(Object(Illuminate\\Http\\Request), Object(Illuminate\\Routing\\Route))
#30 /home/customs1/public_html/projects/newsportal/vendor/laravel/framework/src/Illuminate/Routing/Router.php(614): Illuminate\\Routing\\Router->dispatchToRoute(Object(Illuminate\\Http\\Request))
#31 /home/customs1/public_html/projects/newsportal/vendor/laravel/framework/src/Illuminate/Foundation/Http/Kernel.php(176): Illuminate\\Routing\\Router->dispatch(Object(Illuminate\\Http\\Request))
#32 /home/customs1/public_html/projects/newsportal/vendor/laravel/framework/src/Illuminate/Routing/Pipeline.php(30): Illuminate\\Foundation\\Http\\Kernel->Illuminate\\Foundation\\Http\\{closure}(Object(Illuminate\\Http\\Request))
#33 /home/customs1/public_html/projects/newsportal/vendor/barryvdh/laravel-debugbar/src/Middleware/InjectDebugbar.php(58): Illuminate\\Routing\\Pipeline->Illuminate\\Routing\\{closure}(Object(Illuminate\\Http\\Request))
#34 /home/customs1/public_html/projects/newsportal/vendor/laravel/framework/src/Illuminate/Pipeline/Pipeline.php(163): Barryvdh\\Debugbar\\Middleware\\InjectDebugbar->handle(Object(Illuminate\\Http\\Request), Object(Closure))
#35 /home/customs1/public_html/projects/newsportal/vendor/laravel/framework/src/Illuminate/Routing/Pipeline.php(53): Illuminate\\Pipeline\\Pipeline->Illuminate\\Pipeline\\{closure}(Object(Illuminate\\Http\\Request))
#36 /home/customs1/public_html/projects/newsportal/vendor/fideloper/proxy/src/TrustProxies.php(57): Illuminate\\Routing\\Pipeline->Illuminate\\Routing\\{closure}(Object(Illuminate\\Http\\Request))
#37 /home/customs1/public_html/projects/newsportal/vendor/laravel/framework/src/Illuminate/Pipeline/Pipeline.php(163): Fideloper\\Proxy\\TrustProxies->handle(Object(Illuminate\\Http\\Request), Object(Closure))
#38 /home/customs1/public_html/projects/newsportal/vendor/laravel/framework/src/Illuminate/Routing/Pipeline.php(53): Illuminate\\Pipeline\\Pipeline->Illuminate\\Pipeline\\{closure}(Object(Illuminate\\Http\\Request))
#39 /home/customs1/public_html/projects/newsportal/vendor/laravel/framework/src/Illuminate/Foundation/Http/Middleware/TransformsRequest.php(31): Illuminate\\Routing\\Pipeline->Illuminate\\Routing\\{closure}(Object(Illuminate\\Http\\Request))
#40 /home/customs1/public_html/projects/newsportal/vendor/laravel/framework/src/Illuminate/Pipeline/Pipeline.php(163): Illuminate\\Foundation\\Http\\Middleware\\TransformsRequest->handle(Object(Illuminate\\Http\\Request), Object(Closure))
#41 /home/customs1/public_html/projects/newsportal/vendor/laravel/framework/src/Illuminate/Routing/Pipeline.php(53): Illuminate\\Pipeline\\Pipeline->Illuminate\\Pipeline\\{closure}(Object(Illuminate\\Http\\Request))
#42 /home/customs1/public_html/projects/newsportal/vendor/laravel/framework/src/Illuminate/Foundation/Http/Middleware/TransformsRequest.php(31): Illuminate\\Routing\\Pipeline->Illuminate\\Routing\\{closure}(Object(Illuminate\\Http\\Request))
#43 /home/customs1/public_html/projects/newsportal/vendor/laravel/framework/src/Illuminate/Pipeline/Pipeline.php(163): Illuminate\\Foundation\\Http\\Middleware\\TransformsRequest->handle(Object(Illuminate\\Http\\Request), Object(Closure))
#44 /home/customs1/public_html/projects/newsportal/vendor/laravel/framework/src/Illuminate/Routing/Pipeline.php(53): Illuminate\\Pipeline\\Pipeline->Illuminate\\Pipeline\\{closure}(Object(Illuminate\\Http\\Request))
#45 /home/customs1/public_html/projects/newsportal/vendor/laravel/framework/src/Illuminate/Foundation/Http/Middleware/ValidatePostSize.php(27): Illuminate\\Routing\\Pipeline->Illuminate\\Routing\\{closure}(Object(Illuminate\\Http\\Request))
#46 /home/customs1/public_html/projects/newsportal/vendor/laravel/framework/src/Illuminate/Pipeline/Pipeline.php(163): Illuminate\\Foundation\\Http\\Middleware\\ValidatePostSize->handle(Object(Illuminate\\Http\\Request), Object(Closure))
#47 /home/customs1/public_html/projects/newsportal/vendor/laravel/framework/src/Illuminate/Routing/Pipeline.php(53): Illuminate\\Pipeline\\Pipeline->Illuminate\\Pipeline\\{closure}(Object(Illuminate\\Http\\Request))
#48 /home/customs1/public_html/projects/newsportal/vendor/laravel/framework/src/Illuminate/Foundation/Http/Middleware/CheckForMaintenanceMode.php(62): Illuminate\\Routing\\Pipeline->Illuminate\\Routing\\{closure}(Object(Illuminate\\Http\\Request))
#49 /home/customs1/public_html/projects/newsportal/vendor/laravel/framework/src/Illuminate/Pipeline/Pipeline.php(163): Illuminate\\Foundation\\Http\\Middleware\\CheckForMaintenanceMode->handle(Object(Illuminate\\Http\\Request), Object(Closure))
#50 /home/customs1/public_html/projects/newsportal/vendor/laravel/framework/src/Illuminate/Routing/Pipeline.php(53): Illuminate\\Pipeline\\Pipeline->Illuminate\\Pipeline\\{closure}(Object(Illuminate\\Http\\Request))
#51 /home/customs1/public_html/projects/newsportal/vendor/laravel/framework/src/Illuminate/Pipeline/Pipeline.php(104): Illuminate\\Routing\\Pipeline->Illuminate\\Routing\\{closure}(Object(Illuminate\\Http\\Request))
#52 /home/customs1/public_html/projects/newsportal/vendor/laravel/framework/src/Illuminate/Foundation/Http/Kernel.php(151): Illuminate\\Pipeline\\Pipeline->then(Object(Closure))
#53 /home/customs1/public_html/projects/newsportal/vendor/laravel/framework/src/Illuminate/Foundation/Http/Kernel.php(116): Illuminate\\Foundation\\Http\\Kernel->sendRequestThroughRouter(Object(Illuminate\\Http\\Request))
#54 /home/customs1/public_html/projects/newsportal/public/index.php(55): Illuminate\\Foundation\\Http\\Kernel->handle(Object(Illuminate\\Http\\Request))
#55 {main}
"} 
[2021-07-19 18:53:52] local.ERROR: file_put_contents(A:\laragon\www\newsportal\storage\framework\views/586248950626724bb1f966444695ee13b153f512.php): failed to open stream: No such file or directory {"exception":"[object] (ErrorException(code: 0): file_put_contents(A:\\laragon\\www\
ewsportal\\storage\\framework\\views/586248950626724bb1f966444695ee13b153f512.php): failed to open stream: No such file or directory at /home/customs1/public_html/projects/newsportal/vendor/laravel/framework/src/Illuminate/Filesystem/Filesystem.php:122)
[stacktrace]
#0 [internal function]: Illuminate\\Foundation\\Bootstrap\\HandleExceptions->handleError(2, 'file_put_conten...', '/home/customs1/...', 122, Array)
#1 /home/customs1/public_html/projects/newsportal/vendor/laravel/framework/src/Illuminate/Filesystem/Filesystem.php(122): file_put_contents('A:\\\\laragon\\\\www\\\\...', '<?php $__env->s...', 0)
#2 /home/customs1/public_html/projects/newsportal/vendor/laravel/framework/src/Illuminate/View/Compilers/BladeCompiler.php(122): Illuminate\\Filesystem\\Filesystem->put('A:\\\\laragon\\\\www\\\\...', '<?php $__env->s...')
#3 /home/customs1/public_html/projects/newsportal/vendor/laravel/framework/src/Illuminate/View/Engines/CompilerEngine.php(51): Illuminate\\View\\Compilers\\BladeCompiler->compile('/home/customs1/...')
#4 /home/customs1/public_html/projects/newsportal/vendor/laravel/framework/src/Illuminate/View/View.php(142): Illuminate\\View\\Engines\\CompilerEngine->get('/home/customs1/...', Array)
#5 /home/customs1/public_html/projects/newsportal/vendor/laravel/framework/src/Illuminate/View/View.php(125): Illuminate\\View\\View->getContents()
#6 /home/customs1/public_html/projects/newsportal/vendor/laravel/framework/src/Illuminate/View/View.php(90): Illuminate\\View\\View->renderContents()
#7 /home/customs1/public_html/projects/newsportal/vendor/laravel/framework/src/Illuminate/Http/Response.php(42): Illuminate\\View\\View->render()
#8 /home/customs1/public_html/projects/newsportal/vendor/symfony/http-foundation/Response.php(205): Illuminate\\Http\\Response->setContent(Object(Illuminate\\View\\View))
#9 /home/customs1/public_html/projects/newsportal/vendor/laravel/framework/src/Illuminate/Routing/ResponseFactory.php(55): Symfony\\Component\\HttpFoundation\\Response->__construct(Object(Illuminate\\View\\View), 500, Array)
#10 /home/customs1/public_html/projects/newsportal/vendor/laravel/framework/src/Illuminate/Routing/ResponseFactory.php(81): Illuminate\\Routing\\ResponseFactory->make(Object(Illuminate\\View\\View), 500, Array)
#11 /home/customs1/public_html/projects/newsportal/vendor/laravel/framework/src/Illuminate/Foundation/Exceptions/Handler.php(380): Illuminate\\Routing\\ResponseFactory->view('errors::500', Array, 500, Array)
#12 /home/customs1/public_html/projects/newsportal/vendor/laravel/framework/src/Illuminate/Foundation/Exceptions/Handler.php(289): Illuminate\\Foundation\\Exceptions\\Handler->renderHttpException(Object(Symfony\\Component\\HttpKernel\\Exception\\HttpException))
#13 /home/customs1/public_html/projects/newsportal/vendor/laravel/framework/src/Illuminate/Foundation/Exceptions/Handler.php(188): Illuminate\\Foundation\\Exceptions\\Handler->prepareResponse(Object(Illuminate\\Http\\Request), Object(Symfony\\Component\\HttpKernel\\Exception\\HttpException))
#14 /home/customs1/public_html/projects/newsportal/app/Exceptions/Handler.php(49): Illuminate\\Foundation\\Exceptions\\Handler->render(Object(Illuminate\\Http\\Request), Object(ErrorException))
#15 /home/customs1/public_html/projects/newsportal/vendor/laravel/framework/src/Illuminate/Routing/Pipeline.php(83): App\\Exceptions\\Handler->render(Object(Illuminate\\Http\\Request), Object(ErrorException))
#16 /home/customs1/public_html/projects/newsportal/vendor/laravel/framework/src/Illuminate/Routing/Pipeline.php(55): Illuminate\\Routing\\Pipeline->handleException(Object(Illuminate\\Http\\Request), Object(ErrorException))
#17 /home/customs1/public_html/projects/newsportal/vendor/laravel/framework/src/Illuminate/Cookie/Middleware/AddQueuedCookiesToResponse.php(37): Illuminate\\Routing\\Pipeline->Illuminate\\Routing\\{closure}(Object(Illuminate\\Http\\Request))
#18 /home/customs1/public_html/projects/newsportal/vendor/laravel/framework/src/Illuminate/Pipeline/Pipeline.php(163): Illuminate\\Cookie\\Middleware\\AddQueuedCookiesToResponse->handle(Object(Illuminate\\Http\\Request), Object(Closure))
#19 /home/customs1/public_html/projects/newsportal/vendor/laravel/framework/src/Illuminate/Routing/Pipeline.php(53): Illuminate\\Pipeline\\Pipeline->Illuminate\\Pipeline\\{closure}(Object(Illuminate\\Http\\Request))
#20 /home/customs1/public_html/projects/newsportal/vendor/laravel/framework/src/Illuminate/Cookie/Middleware/EncryptCookies.php(66): Illuminate\\Routing\\Pipeline->Illuminate\\Routing\\{closure}(Object(Illuminate\\Http\\Request))
#21 /home/customs1/public_html/projects/newsportal/vendor/laravel/framework/src/Illuminate/Pipeline/Pipeline.php(163): Illuminate\\Cookie\\Middleware\\EncryptCookies->handle(Object(Illuminate\\Http\\Request), Object(Closure))
#22 /home/customs1/public_html/projects/newsportal/vendor/laravel/framework/src/Illuminate/Routing/Pipeline.php(53): Illuminate\\Pipeline\\Pipeline->Illuminate\\Pipeline\\{closure}(Object(Illuminate\\Http\\Request))
#23 /home/customs1/public_html/projects/newsportal/vendor/laravel/framework/src/Illuminate/Pipeline/Pipeline.php(104): Illuminate\\Routing\\Pipeline->Illuminate\\Routing\\{closure}(Object(Illuminate\\Http\\Request))
#24 /home/customs1/public_html/projects/newsportal/vendor/laravel/framework/src/Illuminate/Routing/Router.php(684): Illuminate\\Pipeline\\Pipeline->then(Object(Closure))
#25 /home/customs1/public_html/projects/newsportal/vendor/laravel/framework/src/Illuminate/Routing/Router.php(659): Illuminate\\Routing\\Router->runRouteWithinStack(Object(Illuminate\\Routing\\Route), Object(Illuminate\\Http\\Request))
#26 /home/customs1/public_html/projects/newsportal/vendor/laravel/framework/src/Illuminate/Routing/Router.php(625): Illuminate\\Routing\\Router->runRoute(Object(Illuminate\\Http\\Request), Object(Illuminate\\Routing\\Route))
#27 /home/customs1/public_html/projects/newsportal/vendor/laravel/framework/src/Illuminate/Routing/Router.php(614): Illuminate\\Routing\\Router->dispatchToRoute(Object(Illuminate\\Http\\Request))
#28 /home/customs1/public_html/projects/newsportal/vendor/laravel/framework/src/Illuminate/Foundation/Http/Kernel.php(176): Illuminate\\Routing\\Router->dispatch(Object(Illuminate\\Http\\Request))
#29 /home/customs1/public_html/projects/newsportal/vendor/laravel/framework/src/Illuminate/Routing/Pipeline.php(30): Illuminate\\Foundation\\Http\\Kernel->Illuminate\\Foundation\\Http\\{closure}(Object(Illuminate\\Http\\Request))
#30 /home/customs1/public_html/projects/newsportal/vendor/barryvdh/laravel-debugbar/src/Middleware/InjectDebugbar.php(58): Illuminate\\Routing\\Pipeline->Illuminate\\Routing\\{closure}(Object(Illuminate\\Http\\Request))
#31 /home/customs1/public_html/projects/newsportal/vendor/laravel/framework/src/Illuminate/Pipeline/Pipeline.php(163): Barryvdh\\Debugbar\\Middleware\\InjectDebugbar->handle(Object(Illuminate\\Http\\Request), Object(Closure))
#32 /home/customs1/public_html/projects/newsportal/vendor/laravel/framework/src/Illuminate/Routing/Pipeline.php(53): Illuminate\\Pipeline\\Pipeline->Illuminate\\Pipeline\\{closure}(Object(Illuminate\\Http\\Request))
#33 /home/customs1/public_html/projects/newsportal/vendor/fideloper/proxy/src/TrustProxies.php(57): Illuminate\\Routing\\Pipeline->Illuminate\\Routing\\{closure}(Object(Illuminate\\Http\\Request))
#34 /home/customs1/public_html/projects/newsportal/vendor/laravel/framework/src/Illuminate/Pipeline/Pipeline.php(163): Fideloper\\Proxy\\TrustProxies->handle(Object(Illuminate\\Http\\Request), Object(Closure))
#35 /home/customs1/public_html/projects/newsportal/vendor/laravel/framework/src/Illuminate/Routing/Pipeline.php(53): Illuminate\\Pipeline\\Pipeline->Illuminate\\Pipeline\\{closure}(Object(Illuminate\\Http\\Request))
#36 /home/customs1/public_html/projects/newsportal/vendor/laravel/framework/src/Illuminate/Foundation/Http/Middleware/TransformsRequest.php(31): Illuminate\\Routing\\Pipeline->Illuminate\\Routing\\{closure}(Object(Illuminate\\Http\\Request))
#37 /home/customs1/public_html/projects/newsportal/vendor/laravel/framework/src/Illuminate/Pipeline/Pipeline.php(163): Illuminate\\Foundation\\Http\\Middleware\\TransformsRequest->handle(Object(Illuminate\\Http\\Request), Object(Closure))
#38 /home/customs1/public_html/projects/newsportal/vendor/laravel/framework/src/Illuminate/Routing/Pipeline.php(53): Illuminate\\Pipeline\\Pipeline->Illuminate\\Pipeline\\{closure}(Object(Illuminate\\Http\\Request))
#39 /home/customs1/public_html/projects/newsportal/vendor/laravel/framework/src/Illuminate/Foundation/Http/Middleware/TransformsRequest.php(31): Illuminate\\Routing\\Pipeline->Illuminate\\Routing\\{closure}(Object(Illuminate\\Http\\Request))
#40 /home/customs1/public_html/projects/newsportal/vendor/laravel/framework/src/Illuminate/Pipeline/Pipeline.php(163): Illuminate\\Foundation\\Http\\Middleware\\TransformsRequest->handle(Object(Illuminate\\Http\\Request), Object(Closure))
#41 /home/customs1/public_html/projects/newsportal/vendor/laravel/framework/src/Illuminate/Routing/Pipeline.php(53): Illuminate\\Pipeline\\Pipeline->Illuminate\\Pipeline\\{closure}(Object(Illuminate\\Http\\Request))
#42 /home/customs1/public_html/projects/newsportal/vendor/laravel/framework/src/Illuminate/Foundation/Http/Middleware/ValidatePostSize.php(27): Illuminate\\Routing\\Pipeline->Illuminate\\Routing\\{closure}(Object(Illuminate\\Http\\Request))
#43 /home/customs1/public_html/projects/newsportal/vendor/laravel/framework/src/Illuminate/Pipeline/Pipeline.php(163): Illuminate\\Foundation\\Http\\Middleware\\ValidatePostSize->handle(Object(Illuminate\\Http\\Request), Object(Closure))
#44 /home/customs1/public_html/projects/newsportal/vendor/laravel/framework/src/Illuminate/Routing/Pipeline.php(53): Illuminate\\Pipeline\\Pipeline->Illuminate\\Pipeline\\{closure}(Object(Illuminate\\Http\\Request))
#45 /home/customs1/public_html/projects/newsportal/vendor/laravel/framework/src/Illuminate/Foundation/Http/Middleware/CheckForMaintenanceMode.php(62): Illuminate\\Routing\\Pipeline->Illuminate\\Routing\\{closure}(Object(Illuminate\\Http\\Request))
#46 /home/customs1/public_html/projects/newsportal/vendor/laravel/framework/src/Illuminate/Pipeline/Pipeline.php(163): Illuminate\\Foundation\\Http\\Middleware\\CheckForMaintenanceMode->handle(Object(Illuminate\\Http\\Request), Object(Closure))
#47 /home/customs1/public_html/projects/newsportal/vendor/laravel/framework/src/Illuminate/Routing/Pipeline.php(53): Illuminate\\Pipeline\\Pipeline->Illuminate\\Pipeline\\{closure}(Object(Illuminate\\Http\\Request))
#48 /home/customs1/public_html/projects/newsportal/vendor/laravel/framework/src/Illuminate/Pipeline/Pipeline.php(104): Illuminate\\Routing\\Pipeline->Illuminate\\Routing\\{closure}(Object(Illuminate\\Http\\Request))
#49 /home/customs1/public_html/projects/newsportal/vendor/laravel/framework/src/Illuminate/Foundation/Http/Kernel.php(151): Illuminate\\Pipeline\\Pipeline->then(Object(Closure))
#50 /home/customs1/public_html/projects/newsportal/vendor/laravel/framework/src/Illuminate/Foundation/Http/Kernel.php(116): Illuminate\\Foundation\\Http\\Kernel->sendRequestThroughRouter(Object(Illuminate\\Http\\Request))
#51 /home/customs1/public_html/projects/newsportal/public/index.php(55): Illuminate\\Foundation\\Http\\Kernel->handle(Object(Illuminate\\Http\\Request))
#52 {main}
"} 
[2021-07-19 18:53:52] local.ERROR: file_put_contents(A:\laragon\www\newsportal\storage\framework\views/586248950626724bb1f966444695ee13b153f512.php): failed to open stream: No such file or directory {"exception":"[object] (ErrorException(code: 0): file_put_contents(A:\\laragon\\www\
ewsportal\\storage\\framework\\views/586248950626724bb1f966444695ee13b153f512.php): failed to open stream: No such file or directory at /home/customs1/public_html/projects/newsportal/vendor/laravel/framework/src/Illuminate/Filesystem/Filesystem.php:122)
[stacktrace]
#0 [internal function]: Illuminate\\Foundation\\Bootstrap\\HandleExceptions->handleError(2, 'file_put_conten...', '/home/customs1/...', 122, Array)
#1 /home/customs1/public_html/projects/newsportal/vendor/laravel/framework/src/Illuminate/Filesystem/Filesystem.php(122): file_put_contents('A:\\\\laragon\\\\www\\\\...', '<?php $__env->s...', 0)
#2 /home/customs1/public_html/projects/newsportal/vendor/laravel/framework/src/Illuminate/View/Compilers/BladeCompiler.php(122): Illuminate\\Filesystem\\Filesystem->put('A:\\\\laragon\\\\www\\\\...', '<?php $__env->s...')
#3 /home/customs1/public_html/projects/newsportal/vendor/laravel/framework/src/Illuminate/View/Engines/CompilerEngine.php(51): Illuminate\\View\\Compilers\\BladeCompiler->compile('/home/customs1/...')
#4 /home/customs1/public_html/projects/newsportal/vendor/laravel/framework/src/Illuminate/View/View.php(142): Illuminate\\View\\Engines\\CompilerEngine->get('/home/customs1/...', Array)
#5 /home/customs1/public_html/projects/newsportal/vendor/laravel/framework/src/Illuminate/View/View.php(125): Illuminate\\View\\View->getContents()
#6 /home/customs1/public_html/projects/newsportal/vendor/laravel/framework/src/Illuminate/View/View.php(90): Illuminate\\View\\View->renderContents()
#7 /home/customs1/public_html/projects/newsportal/vendor/laravel/framework/src/Illuminate/Http/Response.php(42): Illuminate\\View\\View->render()
#8 /home/customs1/public_html/projects/newsportal/vendor/symfony/http-foundation/Response.php(205): Illuminate\\Http\\Response->setContent(Object(Illuminate\\View\\View))
#9 /home/customs1/public_html/projects/newsportal/vendor/laravel/framework/src/Illuminate/Routing/ResponseFactory.php(55): Symfony\\Component\\HttpFoundation\\Response->__construct(Object(Illuminate\\View\\View), 500, Array)
#10 /home/customs1/public_html/projects/newsportal/vendor/laravel/framework/src/Illuminate/Routing/ResponseFactory.php(81): Illuminate\\Routing\\ResponseFactory->make(Object(Illuminate\\View\\View), 500, Array)
#11 /home/customs1/public_html/projects/newsportal/vendor/laravel/framework/src/Illuminate/Foundation/Exceptions/Handler.php(380): Illuminate\\Routing\\ResponseFactory->view('errors::500', Array, 500, Array)
#12 /home/customs1/public_html/projects/newsportal/vendor/laravel/framework/src/Illuminate/Foundation/Exceptions/Handler.php(289): Illuminate\\Foundation\\Exceptions\\Handler->renderHttpException(Object(Symfony\\Component\\HttpKernel\\Exception\\HttpException))
#13 /home/customs1/public_html/projects/newsportal/vendor/laravel/framework/src/Illuminate/Foundation/Exceptions/Handler.php(188): Illuminate\\Foundation\\Exceptions\\Handler->prepareResponse(Object(Illuminate\\Http\\Request), Object(Symfony\\Component\\HttpKernel\\Exception\\HttpException))
#14 /home/customs1/public_html/projects/newsportal/app/Exceptions/Handler.php(49): Illuminate\\Foundation\\Exceptions\\Handler->render(Object(Illuminate\\Http\\Request), Object(ErrorException))
#15 /home/customs1/public_html/projects/newsportal/vendor/laravel/framework/src/Illuminate/Routing/Pipeline.php(83): App\\Exceptions\\Handler->render(Object(Illuminate\\Http\\Request), Object(ErrorException))
#16 /home/customs1/public_html/projects/newsportal/vendor/laravel/framework/src/Illuminate/Routing/Pipeline.php(55): Illuminate\\Routing\\Pipeline->handleException(Object(Illuminate\\Http\\Request), Object(ErrorException))
#17 /home/customs1/public_html/projects/newsportal/vendor/laravel/framework/src/Illuminate/Cookie/Middleware/EncryptCookies.php(66): Illuminate\\Routing\\Pipeline->Illuminate\\Routing\\{closure}(Object(Illuminate\\Http\\Request))
#18 /home/customs1/public_html/projects/newsportal/vendor/laravel/framework/src/Illuminate/Pipeline/Pipeline.php(163): Illuminate\\Cookie\\Middleware\\EncryptCookies->handle(Object(Illuminate\\Http\\Request), Object(Closure))
#19 /home/customs1/public_html/projects/newsportal/vendor/laravel/framework/src/Illuminate/Routing/Pipeline.php(53): Illuminate\\Pipeline\\Pipeline->Illuminate\\Pipeline\\{closure}(Object(Illuminate\\Http\\Request))
#20 /home/customs1/public_html/projects/newsportal/vendor/laravel/framework/src/Illuminate/Pipeline/Pipeline.php(104): Illuminate\\Routing\\Pipeline->Illuminate\\Routing\\{closure}(Object(Illuminate\\Http\\Request))
#21 /home/customs1/public_html/projects/newsportal/vendor/laravel/framework/src/Illuminate/Routing/Router.php(684): Illuminate\\Pipeline\\Pipeline->then(Object(Closure))
#22 /home/customs1/public_html/projects/newsportal/vendor/laravel/framework/src/Illuminate/Routing/Router.php(659): Illuminate\\Routing\\Router->runRouteWithinStack(Object(Illuminate\\Routing\\Route), Object(Illuminate\\Http\\Request))
#23 /home/customs1/public_html/projects/newsportal/vendor/laravel/framework/src/Illuminate/Routing/Router.php(625): Illuminate\\Routing\\Router->runRoute(Object(Illuminate\\Http\\Request), Object(Illuminate\\Routing\\Route))
#24 /home/customs1/public_html/projects/newsportal/vendor/laravel/framework/src/Illuminate/Routing/Router.php(614): Illuminate\\Routing\\Router->dispatchToRoute(Object(Illuminate\\Http\\Request))
#25 /home/customs1/public_html/projects/newsportal/vendor/laravel/framework/src/Illuminate/Foundation/Http/Kernel.php(176): Illuminate\\Routing\\Router->dispatch(Object(Illuminate\\Http\\Request))
#26 /home/customs1/public_html/projects/newsportal/vendor/laravel/framework/src/Illuminate/Routing/Pipeline.php(30): Illuminate\\Foundation\\Http\\Kernel->Illuminate\\Foundation\\Http\\{closure}(Object(Illuminate\\Http\\Request))
#27 /home/customs1/public_html/projects/newsportal/vendor/barryvdh/laravel-debugbar/src/Middleware/InjectDebugbar.php(58): Illuminate\\Routing\\Pipeline->Illuminate\\Routing\\{closure}(Object(Illuminate\\Http\\Request))
#28 /home/customs1/public_html/projects/newsportal/vendor/laravel/framework/src/Illuminate/Pipeline/Pipeline.php(163): Barryvdh\\Debugbar\\Middleware\\InjectDebugbar->handle(Object(Illuminate\\Http\\Request), Object(Closure))
#29 /home/customs1/public_html/projects/newsportal/vendor/laravel/framework/src/Illuminate/Routing/Pipeline.php(53): Illuminate\\Pipeline\\Pipeline->Illuminate\\Pipeline\\{closure}(Object(Illuminate\\Http\\Request))
#30 /home/customs1/public_html/projects/newsportal/vendor/fideloper/proxy/src/TrustProxies.php(57): Illuminate\\Routing\\Pipeline->Illuminate\\Routing\\{closure}(Object(Illuminate\\Http\\Request))
#31 /home/customs1/public_html/projects/newsportal/vendor/laravel/framework/src/Illuminate/Pipeline/Pipeline.php(163): Fideloper\\Proxy\\TrustProxies->handle(Object(Illuminate\\Http\\Request), Object(Closure))
#32 /home/customs1/public_html/projects/newsportal/vendor/laravel/framework/src/Illuminate/Routing/Pipeline.php(53): Illuminate\\Pipeline\\Pipeline->Illuminate\\Pipeline\\{closure}(Object(Illuminate\\Http\\Request))
#33 /home/customs1/public_html/projects/newsportal/vendor/laravel/framework/src/Illuminate/Foundation/Http/Middleware/TransformsRequest.php(31): Illuminate\\Routing\\Pipeline->Illuminate\\Routing\\{closure}(Object(Illuminate\\Http\\Request))
#34 /home/customs1/public_html/projects/newsportal/vendor/laravel/framework/src/Illuminate/Pipeline/Pipeline.php(163): Illuminate\\Foundation\\Http\\Middleware\\TransformsRequest->handle(Object(Illuminate\\Http\\Request), Object(Closure))
#35 /home/customs1/public_html/projects/newsportal/vendor/laravel/framework/src/Illuminate/Routing/Pipeline.php(53): Illuminate\\Pipeline\\Pipeline->Illuminate\\Pipeline\\{closure}(Object(Illuminate\\Http\\Request))
#36 /home/customs1/public_html/projects/newsportal/vendor/laravel/framework/src/Illuminate/Foundation/Http/Middleware/TransformsRequest.php(31): Illuminate\\Routing\\Pipeline->Illuminate\\Routing\\{closure}(Object(Illuminate\\Http\\Request))
#37 /home/customs1/public_html/projects/newsportal/vendor/laravel/framework/src/Illuminate/Pipeline/Pipeline.php(163): Illuminate\\Foundation\\Http\\Middleware\\TransformsRequest->handle(Object(Illuminate\\Http\\Request), Object(Closure))
#38 /home/customs1/public_html/projects/newsportal/vendor/laravel/framework/src/Illuminate/Routing/Pipeline.php(53): Illuminate\\Pipeline\\Pipeline->Illuminate\\Pipeline\\{closure}(Object(Illuminate\\Http\\Request))
#39 /home/customs1/public_html/projects/newsportal/vendor/laravel/framework/src/Illuminate/Foundation/Http/Middleware/ValidatePostSize.php(27): Illuminate\\Routing\\Pipeline->Illuminate\\Routing\\{closure}(Object(Illuminate\\Http\\Request))
#40 /home/customs1/public_html/projects/newsportal/vendor/laravel/framework/src/Illuminate/Pipeline/Pipeline.php(163): Illuminate\\Foundation\\Http\\Middleware\\ValidatePostSize->handle(Object(Illuminate\\Http\\Request), Object(Closure))
#41 /home/customs1/public_html/projects/newsportal/vendor/laravel/framework/src/Illuminate/Routing/Pipeline.php(53): Illuminate\\Pipeline\\Pipeline->Illuminate\\Pipeline\\{closure}(Object(Illuminate\\Http\\Request))
#42 /home/customs1/public_html/projects/newsportal/vendor/laravel/framework/src/Illuminate/Foundation/Http/Middleware/CheckForMaintenanceMode.php(62): Illuminate\\Routing\\Pipeline->Illuminate\\Routing\\{closure}(Object(Illuminate\\Http\\Request))
#43 /home/customs1/public_html/projects/newsportal/vendor/laravel/framework/src/Illuminate/Pipeline/Pipeline.php(163): Illuminate\\Foundation\\Http\\Middleware\\CheckForMaintenanceMode->handle(Object(Illuminate\\Http\\Request), Object(Closure))
#44 /home/customs1/public_html/projects/newsportal/vendor/laravel/framework/src/Illuminate/Routing/Pipeline.php(53): Illuminate\\Pipeline\\Pipeline->Illuminate\\Pipeline\\{closure}(Object(Illuminate\\Http\\Request))
#45 /home/customs1/public_html/projects/newsportal/vendor/laravel/framework/src/Illuminate/Pipeline/Pipeline.php(104): Illuminate\\Routing\\Pipeline->Illuminate\\Routing\\{closure}(Object(Illuminate\\Http\\Request))
#46 /home/customs1/public_html/projects/newsportal/vendor/laravel/framework/src/Illuminate/Foundation/Http/Kernel.php(151): Illuminate\\Pipeline\\Pipeline->then(Object(Closure))
#47 /home/customs1/public_html/projects/newsportal/vendor/laravel/framework/src/Illuminate/Foundation/Http/Kernel.php(116): Illuminate\\Foundation\\Http\\Kernel->sendRequestThroughRouter(Object(Illuminate\\Http\\Request))
#48 /home/customs1/public_html/projects/newsportal/public/index.php(55): Illuminate\\Foundation\\Http\\Kernel->handle(Object(Illuminate\\Http\\Request))
#49 {main}
"} 
[2021-07-19 18:53:52] local.ERROR: file_put_contents(A:\laragon\www\newsportal\storage\framework\views/586248950626724bb1f966444695ee13b153f512.php): failed to open stream: No such file or directory {"exception":"[object] (ErrorException(code: 0): file_put_contents(A:\\laragon\\www\
ewsportal\\storage\\framework\\views/586248950626724bb1f966444695ee13b153f512.php): failed to open stream: No such file or directory at /home/customs1/public_html/projects/newsportal/vendor/laravel/framework/src/Illuminate/Filesystem/Filesystem.php:122)
[stacktrace]
#0 [internal function]: Illuminate\\Foundation\\Bootstrap\\HandleExceptions->handleError(2, 'file_put_conten...', '/home/customs1/...', 122, Array)
#1 /home/customs1/public_html/projects/newsportal/vendor/laravel/framework/src/Illuminate/Filesystem/Filesystem.php(122): file_put_contents('A:\\\\laragon\\\\www\\\\...', '<?php $__env->s...', 0)
#2 /home/customs1/public_html/projects/newsportal/vendor/laravel/framework/src/Illuminate/View/Compilers/BladeCompiler.php(122): Illuminate\\Filesystem\\Filesystem->put('A:\\\\laragon\\\\www\\\\...', '<?php $__env->s...')
#3 /home/customs1/public_html/projects/newsportal/vendor/laravel/framework/src/Illuminate/View/Engines/CompilerEngine.php(51): Illuminate\\View\\Compilers\\BladeCompiler->compile('/home/customs1/...')
#4 /home/customs1/public_html/projects/newsportal/vendor/laravel/framework/src/Illuminate/View/View.php(142): Illuminate\\View\\Engines\\CompilerEngine->get('/home/customs1/...', Array)
#5 /home/customs1/public_html/projects/newsportal/vendor/laravel/framework/src/Illuminate/View/View.php(125): Illuminate\\View\\View->getContents()
#6 /home/customs1/public_html/projects/newsportal/vendor/laravel/framework/src/Illuminate/View/View.php(90): Illuminate\\View\\View->renderContents()
#7 /home/customs1/public_html/projects/newsportal/vendor/laravel/framework/src/Illuminate/Http/Response.php(42): Illuminate\\View\\View->render()
#8 /home/customs1/public_html/projects/newsportal/vendor/symfony/http-foundation/Response.php(205): Illuminate\\Http\\Response->setContent(Object(Illuminate\\View\\View))
#9 /home/customs1/public_html/projects/newsportal/vendor/laravel/framework/src/Illuminate/Routing/ResponseFactory.php(55): Symfony\\Component\\HttpFoundation\\Response->__construct(Object(Illuminate\\View\\View), 500, Array)
#10 /home/customs1/public_html/projects/newsportal/vendor/laravel/framework/src/Illuminate/Routing/ResponseFactory.php(81): Illuminate\\Routing\\ResponseFactory->make(Object(Illuminate\\View\\View), 500, Array)
#11 /home/customs1/public_html/projects/newsportal/vendor/laravel/framework/src/Illuminate/Foundation/Exceptions/Handler.php(380): Illuminate\\Routing\\ResponseFactory->view('errors::500', Array, 500, Array)
#12 /home/customs1/public_html/projects/newsportal/vendor/laravel/framework/src/Illuminate/Foundation/Exceptions/Handler.php(289): Illuminate\\Foundation\\Exceptions\\Handler->renderHttpException(Object(Symfony\\Component\\HttpKernel\\Exception\\HttpException))
#13 /home/customs1/public_html/projects/newsportal/vendor/laravel/framework/src/Illuminate/Foundation/Exceptions/Handler.php(188): Illuminate\\Foundation\\Exceptions\\Handler->prepareResponse(Object(Illuminate\\Http\\Request), Object(Symfony\\Component\\HttpKernel\\Exception\\HttpException))
#14 /home/customs1/public_html/projects/newsportal/app/Exceptions/Handler.php(49): Illuminate\\Foundation\\Exceptions\\Handler->render(Object(Illuminate\\Http\\Request), Object(ErrorException))
#15 /home/customs1/public_html/projects/newsportal/vendor/laravel/framework/src/Illuminate/Routing/Pipeline.php(83): App\\Exceptions\\Handler->render(Object(Illuminate\\Http\\Request), Object(ErrorException))
#16 /home/customs1/public_html/projects/newsportal/vendor/laravel/framework/src/Illuminate/Routing/Pipeline.php(55): Illuminate\\Routing\\Pipeline->handleException(Object(Illuminate\\Http\\Request), Object(ErrorException))
#17 /home/customs1/public_html/projects/newsportal/vendor/laravel/framework/src/Illuminate/Pipeline/Pipeline.php(104): Illuminate\\Routing\\Pipeline->Illuminate\\Routing\\{closure}(Object(Illuminate\\Http\\Request))
#18 /home/customs1/public_html/projects/newsportal/vendor/laravel/framework/src/Illuminate/Routing/Router.php(684): Illuminate\\Pipeline\\Pipeline->then(Object(Closure))
#19 /home/customs1/public_html/projects/newsportal/vendor/laravel/framework/src/Illuminate/Routing/Router.php(659): Illuminate\\Routing\\Router->runRouteWithinStack(Object(Illuminate\\Routing\\Route), Object(Illuminate\\Http\\Request))
#20 /home/customs1/public_html/projects/newsportal/vendor/laravel/framework/src/Illuminate/Routing/Router.php(625): Illuminate\\Routing\\Router->runRoute(Object(Illuminate\\Http\\Request), Object(Illuminate\\Routing\\Route))
#21 /home/customs1/public_html/projects/newsportal/vendor/laravel/framework/src/Illuminate/Routing/Router.php(614): Illuminate\\Routing\\Router->dispatchToRoute(Object(Illuminate\\Http\\Request))
#22 /home/customs1/public_html/projects/newsportal/vendor/laravel/framework/src/Illuminate/Foundation/Http/Kernel.php(176): Illuminate\\Routing\\Router->dispatch(Object(Illuminate\\Http\\Request))
#23 /home/customs1/public_html/projects/newsportal/vendor/laravel/framework/src/Illuminate/Routing/Pipeline.php(30): Illuminate\\Foundation\\Http\\Kernel->Illuminate\\Foundation\\Http\\{closure}(Object(Illuminate\\Http\\Request))
#24 /home/customs1/public_html/projects/newsportal/vendor/barryvdh/laravel-debugbar/src/Middleware/InjectDebugbar.php(58): Illuminate\\Routing\\Pipeline->Illuminate\\Routing\\{closure}(Object(Illuminate\\Http\\Request))
#25 /home/customs1/public_html/projects/newsportal/vendor/laravel/framework/src/Illuminate/Pipeline/Pipeline.php(163): Barryvdh\\Debugbar\\Middleware\\InjectDebugbar->handle(Object(Illuminate\\Http\\Request), Object(Closure))
#26 /home/customs1/public_html/projects/newsportal/vendor/laravel/framework/src/Illuminate/Routing/Pipeline.php(53): Illuminate\\Pipeline\\Pipeline->Illuminate\\Pipeline\\{closure}(Object(Illuminate\\Http\\Request))
#27 /home/customs1/public_html/projects/newsportal/vendor/fideloper/proxy/src/TrustProxies.php(57): Illuminate\\Routing\\Pipeline->Illuminate\\Routing\\{closure}(Object(Illuminate\\Http\\Request))
#28 /home/customs1/public_html/projects/newsportal/vendor/laravel/framework/src/Illuminate/Pipeline/Pipeline.php(163): Fideloper\\Proxy\\TrustProxies->handle(Object(Illuminate\\Http\\Request), Object(Closure))
#29 /home/customs1/public_html/projects/newsportal/vendor/laravel/framework/src/Illuminate/Routing/Pipeline.php(53): Illuminate\\Pipeline\\Pipeline->Illuminate\\Pipeline\\{closure}(Object(Illuminate\\Http\\Request))
#30 /home/customs1/public_html/projects/newsportal/vendor/laravel/framework/src/Illuminate/Foundation/Http/Middleware/TransformsRequest.php(31): Illuminate\\Routing\\Pipeline->Illuminate\\Routing\\{closure}(Object(Illuminate\\Http\\Request))
#31 /home/customs1/public_html/projects/newsportal/vendor/laravel/framework/src/Illuminate/Pipeline/Pipeline.php(163): Illuminate\\Foundation\\Http\\Middleware\\TransformsRequest->handle(Object(Illuminate\\Http\\Request), Object(Closure))
#32 /home/customs1/public_html/projects/newsportal/vendor/laravel/framework/src/Illuminate/Routing/Pipeline.php(53): Illuminate\\Pipeline\\Pipeline->Illuminate\\Pipeline\\{closure}(Object(Illuminate\\Http\\Request))
#33 /home/customs1/public_html/projects/newsportal/vendor/laravel/framework/src/Illuminate/Foundation/Http/Middleware/TransformsRequest.php(31): Illuminate\\Routing\\Pipeline->Illuminate\\Routing\\{closure}(Object(Illuminate\\Http\\Request))
#34 /home/customs1/public_html/projects/newsportal/vendor/laravel/framework/src/Illuminate/Pipeline/Pipeline.php(163): Illuminate\\Foundation\\Http\\Middleware\\TransformsRequest->handle(Object(Illuminate\\Http\\Request), Object(Closure))
#35 /home/customs1/public_html/projects/newsportal/vendor/laravel/framework/src/Illuminate/Routing/Pipeline.php(53): Illuminate\\Pipeline\\Pipeline->Illuminate\\Pipeline\\{closure}(Object(Illuminate\\Http\\Request))
#36 /home/customs1/public_html/projects/newsportal/vendor/laravel/framework/src/Illuminate/Foundation/Http/Middleware/ValidatePostSize.php(27): Illuminate\\Routing\\Pipeline->Illuminate\\Routing\\{closure}(Object(Illuminate\\Http\\Request))
#37 /home/customs1/public_html/projects/newsportal/vendor/laravel/framework/src/Illuminate/Pipeline/Pipeline.php(163): Illuminate\\Foundation\\Http\\Middleware\\ValidatePostSize->handle(Object(Illuminate\\Http\\Request), Object(Closure))
#38 /home/customs1/public_html/projects/newsportal/vendor/laravel/framework/src/Illuminate/Routing/Pipeline.php(53): Illuminate\\Pipeline\\Pipeline->Illuminate\\Pipeline\\{closure}(Object(Illuminate\\Http\\Request))
#39 /home/customs1/public_html/projects/newsportal/vendor/laravel/framework/src/Illuminate/Foundation/Http/Middleware/CheckForMaintenanceMode.php(62): Illuminate\\Routing\\Pipeline->Illuminate\\Routing\\{closure}(Object(Illuminate\\Http\\Request))
#40 /home/customs1/public_html/projects/newsportal/vendor/laravel/framework/src/Illuminate/Pipeline/Pipeline.php(163): Illuminate\\Foundation\\Http\\Middleware\\CheckForMaintenanceMode->handle(Object(Illuminate\\Http\\Request), Object(Closure))
#41 /home/customs1/public_html/projects/newsportal/vendor/laravel/framework/src/Illuminate/Routing/Pipeline.php(53): Illuminate\\Pipeline\\Pipeline->Illuminate\\Pipeline\\{closure}(Object(Illuminate\\Http\\Request))
#42 /home/customs1/public_html/projects/newsportal/vendor/laravel/framework/src/Illuminate/Pipeline/Pipeline.php(104): Illuminate\\Routing\\Pipeline->Illuminate\\Routing\\{closure}(Object(Illuminate\\Http\\Request))
#43 /home/customs1/public_html/projects/newsportal/vendor/laravel/framework/src/Illuminate/Foundation/Http/Kernel.php(151): Illuminate\\Pipeline\\Pipeline->then(Object(Closure))
#44 /home/customs1/public_html/projects/newsportal/vendor/laravel/framework/src/Illuminate/Foundation/Http/Kernel.php(116): Illuminate\\Foundation\\Http\\Kernel->sendRequestThroughRouter(Object(Illuminate\\Http\\Request))
#45 /home/customs1/public_html/projects/newsportal/public/index.php(55): Illuminate\\Foundation\\Http\\Kernel->handle(Object(Illuminate\\Http\\Request))
#46 {main}
"} 
[2021-07-19 18:53:52] local.ERROR: file_put_contents(A:\laragon\www\newsportal\storage\framework\views/586248950626724bb1f966444695ee13b153f512.php): failed to open stream: No such file or directory {"exception":"[object] (ErrorException(code: 0): file_put_contents(A:\\laragon\\www\
ewsportal\\storage\\framework\\views/586248950626724bb1f966444695ee13b153f512.php): failed to open stream: No such file or directory at /home/customs1/public_html/projects/newsportal/vendor/laravel/framework/src/Illuminate/Filesystem/Filesystem.php:122)
[stacktrace]
#0 [internal function]: Illuminate\\Foundation\\Bootstrap\\HandleExceptions->handleError(2, 'file_put_conten...', '/home/customs1/...', 122, Array)
#1 /home/customs1/public_html/projects/newsportal/vendor/laravel/framework/src/Illuminate/Filesystem/Filesystem.php(122): file_put_contents('A:\\\\laragon\\\\www\\\\...', '<?php $__env->s...', 0)
#2 /home/customs1/public_html/projects/newsportal/vendor/laravel/framework/src/Illuminate/View/Compilers/BladeCompiler.php(122): Illuminate\\Filesystem\\Filesystem->put('A:\\\\laragon\\\\www\\\\...', '<?php $__env->s...')
#3 /home/customs1/public_html/projects/newsportal/vendor/laravel/framework/src/Illuminate/View/Engines/CompilerEngine.php(51): Illuminate\\View\\Compilers\\BladeCompiler->compile('/home/customs1/...')
#4 /home/customs1/public_html/projects/newsportal/vendor/laravel/framework/src/Illuminate/View/View.php(142): Illuminate\\View\\Engines\\CompilerEngine->get('/home/customs1/...', Array)
#5 /home/customs1/public_html/projects/newsportal/vendor/laravel/framework/src/Illuminate/View/View.php(125): Illuminate\\View\\View->getContents()
#6 /home/customs1/public_html/projects/newsportal/vendor/laravel/framework/src/Illuminate/View/View.php(90): Illuminate\\View\\View->renderContents()
#7 /home/customs1/public_html/projects/newsportal/vendor/laravel/framework/src/Illuminate/Http/Response.php(42): Illuminate\\View\\View->render()
#8 /home/customs1/public_html/projects/newsportal/vendor/symfony/http-foundation/Response.php(205): Illuminate\\Http\\Response->setContent(Object(Illuminate\\View\\View))
#9 /home/customs1/public_html/projects/newsportal/vendor/laravel/framework/src/Illuminate/Routing/ResponseFactory.php(55): Symfony\\Component\\HttpFoundation\\Response->__construct(Object(Illuminate\\View\\View), 500, Array)
#10 /home/customs1/public_html/projects/newsportal/vendor/laravel/framework/src/Illuminate/Routing/ResponseFactory.php(81): Illuminate\\Routing\\ResponseFactory->make(Object(Illuminate\\View\\View), 500, Array)
#11 /home/customs1/public_html/projects/newsportal/vendor/laravel/framework/src/Illuminate/Foundation/Exceptions/Handler.php(380): Illuminate\\Routing\\ResponseFactory->view('errors::500', Array, 500, Array)
#12 /home/customs1/public_html/projects/newsportal/vendor/laravel/framework/src/Illuminate/Foundation/Exceptions/Handler.php(289): Illuminate\\Foundation\\Exceptions\\Handler->renderHttpException(Object(Symfony\\Component\\HttpKernel\\Exception\\HttpException))
#13 /home/customs1/public_html/projects/newsportal/vendor/laravel/framework/src/Illuminate/Foundation/Exceptions/Handler.php(188): Illuminate\\Foundation\\Exceptions\\Handler->prepareResponse(Object(Illuminate\\Http\\Request), Object(Symfony\\Component\\HttpKernel\\Exception\\HttpException))
#14 /home/customs1/public_html/projects/newsportal/app/Exceptions/Handler.php(49): Illuminate\\Foundation\\Exceptions\\Handler->render(Object(Illuminate\\Http\\Request), Object(ErrorException))
#15 /home/customs1/public_html/projects/newsportal/vendor/laravel/framework/src/Illuminate/Routing/Pipeline.php(83): App\\Exceptions\\Handler->render(Object(Illuminate\\Http\\Request), Object(ErrorException))
#16 /home/customs1/public_html/projects/newsportal/vendor/laravel/framework/src/Illuminate/Routing/Pipeline.php(32): Illuminate\\Routing\\Pipeline->handleException(Object(Illuminate\\Http\\Request), Object(ErrorException))
#17 /home/customs1/public_html/projects/newsportal/vendor/barryvdh/laravel-debugbar/src/Middleware/InjectDebugbar.php(58): Illuminate\\Routing\\Pipeline->Illuminate\\Routing\\{closure}(Object(Illuminate\\Http\\Request))
#18 /home/customs1/public_html/projects/newsportal/vendor/laravel/framework/src/Illuminate/Pipeline/Pipeline.php(163): Barryvdh\\Debugbar\\Middleware\\InjectDebugbar->handle(Object(Illuminate\\Http\\Request), Object(Closure))
#19 /home/customs1/public_html/projects/newsportal/vendor/laravel/framework/src/Illuminate/Routing/Pipeline.php(53): Illuminate\\Pipeline\\Pipeline->Illuminate\\Pipeline\\{closure}(Object(Illuminate\\Http\\Request))
#20 /home/customs1/public_html/projects/newsportal/vendor/fideloper/proxy/src/TrustProxies.php(57): Illuminate\\Routing\\Pipeline->Illuminate\\Routing\\{closure}(Object(Illuminate\\Http\\Request))
#21 /home/customs1/public_html/projects/newsportal/vendor/laravel/framework/src/Illuminate/Pipeline/Pipeline.php(163): Fideloper\\Proxy\\TrustProxies->handle(Object(Illuminate\\Http\\Request), Object(Closure))
#22 /home/customs1/public_html/projects/newsportal/vendor/laravel/framework/src/Illuminate/Routing/Pipeline.php(53): Illuminate\\Pipeline\\Pipeline->Illuminate\\Pipeline\\{closure}(Object(Illuminate\\Http\\Request))
#23 /home/customs1/public_html/projects/newsportal/vendor/laravel/framework/src/Illuminate/Foundation/Http/Middleware/TransformsRequest.php(31): Illuminate\\Routing\\Pipeline->Illuminate\\Routing\\{closure}(Object(Illuminate\\Http\\Request))
#24 /home/customs1/public_html/projects/newsportal/vendor/laravel/framework/src/Illuminate/Pipeline/Pipeline.php(163): Illuminate\\Foundation\\Http\\Middleware\\TransformsRequest->handle(Object(Illuminate\\Http\\Request), Object(Closure))
#25 /home/customs1/public_html/projects/newsportal/vendor/laravel/framework/src/Illuminate/Routing/Pipeline.php(53): Illuminate\\Pipeline\\Pipeline->Illuminate\\Pipeline\\{closure}(Object(Illuminate\\Http\\Request))
#26 /home/customs1/public_html/projects/newsportal/vendor/laravel/framework/src/Illuminate/Foundation/Http/Middleware/TransformsRequest.php(31): Illuminate\\Routing\\Pipeline->Illuminate\\Routing\\{closure}(Object(Illuminate\\Http\\Request))
#27 /home/customs1/public_html/projects/newsportal/vendor/laravel/framework/src/Illuminate/Pipeline/Pipeline.php(163): Illuminate\\Foundation\\Http\\Middleware\\TransformsRequest->handle(Object(Illuminate\\Http\\Request), Object(Closure))
#28 /home/customs1/public_html/projects/newsportal/vendor/laravel/framework/src/Illuminate/Routing/Pipeline.php(53): Illuminate\\Pipeline\\Pipeline->Illuminate\\Pipeline\\{closure}(Object(Illuminate\\Http\\Request))
#29 /home/customs1/public_html/projects/newsportal/vendor/laravel/framework/src/Illuminate/Foundation/Http/Middleware/ValidatePostSize.php(27): Illuminate\\Routing\\Pipeline->Illuminate\\Routing\\{closure}(Object(Illuminate\\Http\\Request))
#30 /home/customs1/public_html/projects/newsportal/vendor/laravel/framework/src/Illuminate/Pipeline/Pipeline.php(163): Illuminate\\Foundation\\Http\\Middleware\\ValidatePostSize->handle(Object(Illuminate\\Http\\Request), Object(Closure))
#31 /home/customs1/public_html/projects/newsportal/vendor/laravel/framework/src/Illuminate/Routing/Pipeline.php(53): Illuminate\\Pipeline\\Pipeline->Illuminate\\Pipeline\\{closure}(Object(Illuminate\\Http\\Request))
#32 /home/customs1/public_html/projects/newsportal/vendor/laravel/framework/src/Illuminate/Foundation/Http/Middleware/CheckForMaintenanceMode.php(62): Illuminate\\Routing\\Pipeline->Illuminate\\Routing\\{closure}(Object(Illuminate\\Http\\Request))
#33 /home/customs1/public_html/projects/newsportal/vendor/laravel/framework/src/Illuminate/Pipeline/Pipeline.php(163): Illuminate\\Foundation\\Http\\Middleware\\CheckForMaintenanceMode->handle(Object(Illuminate\\Http\\Request), Object(Closure))
#34 /home/customs1/public_html/projects/newsportal/vendor/laravel/framework/src/Illuminate/Routing/Pipeline.php(53): Illuminate\\Pipeline\\Pipeline->Illuminate\\Pipeline\\{closure}(Object(Illuminate\\Http\\Request))
#35 /home/customs1/public_html/projects/newsportal/vendor/laravel/framework/src/Illuminate/Pipeline/Pipeline.php(104): Illuminate\\Routing\\Pipeline->Illuminate\\Routing\\{closure}(Object(Illuminate\\Http\\Request))
#36 /home/customs1/public_html/projects/newsportal/vendor/laravel/framework/src/Illuminate/Foundation/Http/Kernel.php(151): Illuminate\\Pipeline\\Pipeline->then(Object(Closure))
#37 /home/customs1/public_html/projects/newsportal/vendor/laravel/framework/src/Illuminate/Foundation/Http/Kernel.php(116): Illuminate\\Foundation\\Http\\Kernel->sendRequestThroughRouter(Object(Illuminate\\Http\\Request))
#38 /home/customs1/public_html/projects/newsportal/public/index.php(55): Illuminate\\Foundation\\Http\\Kernel->handle(Object(Illuminate\\Http\\Request))
#39 {main}
"} 
[2021-07-19 18:53:52] local.ERROR: file_put_contents(A:\laragon\www\newsportal\storage\framework\views/586248950626724bb1f966444695ee13b153f512.php): failed to open stream: No such file or directory {"exception":"[object] (ErrorException(code: 0): file_put_contents(A:\\laragon\\www\
ewsportal\\storage\\framework\\views/586248950626724bb1f966444695ee13b153f512.php): failed to open stream: No such file or directory at /home/customs1/public_html/projects/newsportal/vendor/laravel/framework/src/Illuminate/Filesystem/Filesystem.php:122)
[stacktrace]
#0 [internal function]: Illuminate\\Foundation\\Bootstrap\\HandleExceptions->handleError(2, 'file_put_conten...', '/home/customs1/...', 122, Array)
#1 /home/customs1/public_html/projects/newsportal/vendor/laravel/framework/src/Illuminate/Filesystem/Filesystem.php(122): file_put_contents('A:\\\\laragon\\\\www\\\\...', '<?php $__env->s...', 0)
#2 /home/customs1/public_html/projects/newsportal/vendor/laravel/framework/src/Illuminate/View/Compilers/BladeCompiler.php(122): Illuminate\\Filesystem\\Filesystem->put('A:\\\\laragon\\\\www\\\\...', '<?php $__env->s...')
#3 /home/customs1/public_html/projects/newsportal/vendor/laravel/framework/src/Illuminate/View/Engines/CompilerEngine.php(51): Illuminate\\View\\Compilers\\BladeCompiler->compile('/home/customs1/...')
#4 /home/customs1/public_html/projects/newsportal/vendor/laravel/framework/src/Illuminate/View/View.php(142): Illuminate\\View\\Engines\\CompilerEngine->get('/home/customs1/...', Array)
#5 /home/customs1/public_html/projects/newsportal/vendor/laravel/framework/src/Illuminate/View/View.php(125): Illuminate\\View\\View->getContents()
#6 /home/customs1/public_html/projects/newsportal/vendor/laravel/framework/src/Illuminate/View/View.php(90): Illuminate\\View\\View->renderContents()
#7 /home/customs1/public_html/projects/newsportal/vendor/laravel/framework/src/Illuminate/Http/Response.php(42): Illuminate\\View\\View->render()
#8 /home/customs1/public_html/projects/newsportal/vendor/symfony/http-foundation/Response.php(205): Illuminate\\Http\\Response->setContent(Object(Illuminate\\View\\View))
#9 /home/customs1/public_html/projects/newsportal/vendor/laravel/framework/src/Illuminate/Routing/ResponseFactory.php(55): Symfony\\Component\\HttpFoundation\\Response->__construct(Object(Illuminate\\View\\View), 500, Array)
#10 /home/customs1/public_html/projects/newsportal/vendor/laravel/framework/src/Illuminate/Routing/ResponseFactory.php(81): Illuminate\\Routing\\ResponseFactory->make(Object(Illuminate\\View\\View), 500, Array)
#11 /home/customs1/public_html/projects/newsportal/vendor/laravel/framework/src/Illuminate/Foundation/Exceptions/Handler.php(380): Illuminate\\Routing\\ResponseFactory->view('errors::500', Array, 500, Array)
#12 /home/customs1/public_html/projects/newsportal/vendor/laravel/framework/src/Illuminate/Foundation/Exceptions/Handler.php(289): Illuminate\\Foundation\\Exceptions\\Handler->renderHttpException(Object(Symfony\\Component\\HttpKernel\\Exception\\HttpException))
#13 /home/customs1/public_html/projects/newsportal/vendor/laravel/framework/src/Illuminate/Foundation/Exceptions/Handler.php(188): Illuminate\\Foundation\\Exceptions\\Handler->prepareResponse(Object(Illuminate\\Http\\Request), Object(Symfony\\Component\\HttpKernel\\Exception\\HttpException))
#14 /home/customs1/public_html/projects/newsportal/app/Exceptions/Handler.php(49): Illuminate\\Foundation\\Exceptions\\Handler->render(Object(Illuminate\\Http\\Request), Object(ErrorException))
#15 /home/customs1/public_html/projects/newsportal/vendor/laravel/framework/src/Illuminate/Routing/Pipeline.php(83): App\\Exceptions\\Handler->render(Object(Illuminate\\Http\\Request), Object(ErrorException))
#16 /home/customs1/public_html/projects/newsportal/vendor/laravel/framework/src/Illuminate/Routing/Pipeline.php(55): Illuminate\\Routing\\Pipeline->handleException(Object(Illuminate\\Http\\Request), Object(ErrorException))
#17 /home/customs1/public_html/projects/newsportal/vendor/fideloper/proxy/src/TrustProxies.php(57): Illuminate\\Routing\\Pipeline->Illuminate\\Routing\\{closure}(Object(Illuminate\\Http\\Request))
#18 /home/customs1/public_html/projects/newsportal/vendor/laravel/framework/src/Illuminate/Pipeline/Pipeline.php(163): Fideloper\\Proxy\\TrustProxies->handle(Object(Illuminate\\Http\\Request), Object(Closure))
#19 /home/customs1/public_html/projects/newsportal/vendor/laravel/framework/src/Illuminate/Routing/Pipeline.php(53): Illuminate\\Pipeline\\Pipeline->Illuminate\\Pipeline\\{closure}(Object(Illuminate\\Http\\Request))
#20 /home/customs1/public_html/projects/newsportal/vendor/laravel/framework/src/Illuminate/Foundation/Http/Middleware/TransformsRequest.php(31): Illuminate\\Routing\\Pipeline->Illuminate\\Routing\\{closure}(Object(Illuminate\\Http\\Request))
#21 /home/customs1/public_html/projects/newsportal/vendor/laravel/framework/src/Illuminate/Pipeline/Pipeline.php(163): Illuminate\\Foundation\\Http\\Middleware\\TransformsRequest->handle(Object(Illuminate\\Http\\Request), Object(Closure))
#22 /home/customs1/public_html/projects/newsportal/vendor/laravel/framework/src/Illuminate/Routing/Pipeline.php(53): Illuminate\\Pipeline\\Pipeline->Illuminate\\Pipeline\\{closure}(Object(Illuminate\\Http\\Request))
#23 /home/customs1/public_html/projects/newsportal/vendor/laravel/framework/src/Illuminate/Foundation/Http/Middleware/TransformsRequest.php(31): Illuminate\\Routing\\Pipeline->Illuminate\\Routing\\{closure}(Object(Illuminate\\Http\\Request))
#24 /home/customs1/public_html/projects/newsportal/vendor/laravel/framework/src/Illuminate/Pipeline/Pipeline.php(163): Illuminate\\Foundation\\Http\\Middleware\\TransformsRequest->handle(Object(Illuminate\\Http\\Request), Object(Closure))
#25 /home/customs1/public_html/projects/newsportal/vendor/laravel/framework/src/Illuminate/Routing/Pipeline.php(53): Illuminate\\Pipeline\\Pipeline->Illuminate\\Pipeline\\{closure}(Object(Illuminate\\Http\\Request))
#26 /home/customs1/public_html/projects/newsportal/vendor/laravel/framework/src/Illuminate/Foundation/Http/Middleware/ValidatePostSize.php(27): Illuminate\\Routing\\Pipeline->Illuminate\\Routing\\{closure}(Object(Illuminate\\Http\\Request))
#27 /home/customs1/public_html/projects/newsportal/vendor/laravel/framework/src/Illuminate/Pipeline/Pipeline.php(163): Illuminate\\Foundation\\Http\\Middleware\\ValidatePostSize->handle(Object(Illuminate\\Http\\Request), Object(Closure))
#28 /home/customs1/public_html/projects/newsportal/vendor/laravel/framework/src/Illuminate/Routing/Pipeline.php(53): Illuminate\\Pipeline\\Pipeline->Illuminate\\Pipeline\\{closure}(Object(Illuminate\\Http\\Request))
#29 /home/customs1/public_html/projects/newsportal/vendor/laravel/framework/src/Illuminate/Foundation/Http/Middleware/CheckForMaintenanceMode.php(62): Illuminate\\Routing\\Pipeline->Illuminate\\Routing\\{closure}(Object(Illuminate\\Http\\Request))
#30 /home/customs1/public_html/projects/newsportal/vendor/laravel/framework/src/Illuminate/Pipeline/Pipeline.php(163): Illuminate\\Foundation\\Http\\Middleware\\CheckForMaintenanceMode->handle(Object(Illuminate\\Http\\Request), Object(Closure))
#31 /home/customs1/public_html/projects/newsportal/vendor/laravel/framework/src/Illuminate/Routing/Pipeline.php(53): Illuminate\\Pipeline\\Pipeline->Illuminate\\Pipeline\\{closure}(Object(Illuminate\\Http\\Request))
#32 /home/customs1/public_html/projects/newsportal/vendor/laravel/framework/src/Illuminate/Pipeline/Pipeline.php(104): Illuminate\\Routing\\Pipeline->Illuminate\\Routing\\{closure}(Object(Illuminate\\Http\\Request))
#33 /home/customs1/public_html/projects/newsportal/vendor/laravel/framework/src/Illuminate/Foundation/Http/Kernel.php(151): Illuminate\\Pipeline\\Pipeline->then(Object(Closure))
#34 /home/customs1/public_html/projects/newsportal/vendor/laravel/framework/src/Illuminate/Foundation/Http/Kernel.php(116): Illuminate\\Foundation\\Http\\Kernel->sendRequestThroughRouter(Object(Illuminate\\Http\\Request))
#35 /home/customs1/public_html/projects/newsportal/public/index.php(55): Illuminate\\Foundation\\Http\\Kernel->handle(Object(Illuminate\\Http\\Request))
#36 {main}
"} 
[2021-07-19 18:53:52] local.ERROR: file_put_contents(A:\laragon\www\newsportal\storage\framework\views/586248950626724bb1f966444695ee13b153f512.php): failed to open stream: No such file or directory {"exception":"[object] (ErrorException(code: 0): file_put_contents(A:\\laragon\\www\
ewsportal\\storage\\framework\\views/586248950626724bb1f966444695ee13b153f512.php): failed to open stream: No such file or directory at /home/customs1/public_html/projects/newsportal/vendor/laravel/framework/src/Illuminate/Filesystem/Filesystem.php:122)
[stacktrace]
#0 [internal function]: Illuminate\\Foundation\\Bootstrap\\HandleExceptions->handleError(2, 'file_put_conten...', '/home/customs1/...', 122, Array)
#1 /home/customs1/public_html/projects/newsportal/vendor/laravel/framework/src/Illuminate/Filesystem/Filesystem.php(122): file_put_contents('A:\\\\laragon\\\\www\\\\...', '<?php $__env->s...', 0)
#2 /home/customs1/public_html/projects/newsportal/vendor/laravel/framework/src/Illuminate/View/Compilers/BladeCompiler.php(122): Illuminate\\Filesystem\\Filesystem->put('A:\\\\laragon\\\\www\\\\...', '<?php $__env->s...')
#3 /home/customs1/public_html/projects/newsportal/vendor/laravel/framework/src/Illuminate/View/Engines/CompilerEngine.php(51): Illuminate\\View\\Compilers\\BladeCompiler->compile('/home/customs1/...')
#4 /home/customs1/public_html/projects/newsportal/vendor/laravel/framework/src/Illuminate/View/View.php(142): Illuminate\\View\\Engines\\CompilerEngine->get('/home/customs1/...', Array)
#5 /home/customs1/public_html/projects/newsportal/vendor/laravel/framework/src/Illuminate/View/View.php(125): Illuminate\\View\\View->getContents()
#6 /home/customs1/public_html/projects/newsportal/vendor/laravel/framework/src/Illuminate/View/View.php(90): Illuminate\\View\\View->renderContents()
#7 /home/customs1/public_html/projects/newsportal/vendor/laravel/framework/src/Illuminate/Http/Response.php(42): Illuminate\\View\\View->render()
#8 /home/customs1/public_html/projects/newsportal/vendor/symfony/http-foundation/Response.php(205): Illuminate\\Http\\Response->setContent(Object(Illuminate\\View\\View))
#9 /home/customs1/public_html/projects/newsportal/vendor/laravel/framework/src/Illuminate/Routing/ResponseFactory.php(55): Symfony\\Component\\HttpFoundation\\Response->__construct(Object(Illuminate\\View\\View), 500, Array)
#10 /home/customs1/public_html/projects/newsportal/vendor/laravel/framework/src/Illuminate/Routing/ResponseFactory.php(81): Illuminate\\Routing\\ResponseFactory->make(Object(Illuminate\\View\\View), 500, Array)
#11 /home/customs1/public_html/projects/newsportal/vendor/laravel/framework/src/Illuminate/Foundation/Exceptions/Handler.php(380): Illuminate\\Routing\\ResponseFactory->view('errors::500', Array, 500, Array)
#12 /home/customs1/public_html/projects/newsportal/vendor/laravel/framework/src/Illuminate/Foundation/Exceptions/Handler.php(289): Illuminate\\Foundation\\Exceptions\\Handler->renderHttpException(Object(Symfony\\Component\\HttpKernel\\Exception\\HttpException))
#13 /home/customs1/public_html/projects/newsportal/vendor/laravel/framework/src/Illuminate/Foundation/Exceptions/Handler.php(188): Illuminate\\Foundation\\Exceptions\\Handler->prepareResponse(Object(Illuminate\\Http\\Request), Object(Symfony\\Component\\HttpKernel\\Exception\\HttpException))
#14 /home/customs1/public_html/projects/newsportal/app/Exceptions/Handler.php(49): Illuminate\\Foundation\\Exceptions\\Handler->render(Object(Illuminate\\Http\\Request), Object(ErrorException))
#15 /home/customs1/public_html/projects/newsportal/vendor/laravel/framework/src/Illuminate/Routing/Pipeline.php(83): App\\Exceptions\\Handler->render(Object(Illuminate\\Http\\Request), Object(ErrorException))
#16 /home/customs1/public_html/projects/newsportal/vendor/laravel/framework/src/Illuminate/Routing/Pipeline.php(55): Illuminate\\Routing\\Pipeline->handleException(Object(Illuminate\\Http\\Request), Object(ErrorException))
#17 /home/customs1/public_html/projects/newsportal/vendor/laravel/framework/src/Illuminate/Foundation/Http/Middleware/TransformsRequest.php(31): Illuminate\\Routing\\Pipeline->Illuminate\\Routing\\{closure}(Object(Illuminate\\Http\\Request))
#18 /home/customs1/public_html/projects/newsportal/vendor/laravel/framework/src/Illuminate/Pipeline/Pipeline.php(163): Illuminate\\Foundation\\Http\\Middleware\\TransformsRequest->handle(Object(Illuminate\\Http\\Request), Object(Closure))
#19 /home/customs1/public_html/projects/newsportal/vendor/laravel/framework/src/Illuminate/Routing/Pipeline.php(53): Illuminate\\Pipeline\\Pipeline->Illuminate\\Pipeline\\{closure}(Object(Illuminate\\Http\\Request))
#20 /home/customs1/public_html/projects/newsportal/vendor/laravel/framework/src/Illuminate/Foundation/Http/Middleware/TransformsRequest.php(31): Illuminate\\Routing\\Pipeline->Illuminate\\Routing\\{closure}(Object(Illuminate\\Http\\Request))
#21 /home/customs1/public_html/projects/newsportal/vendor/laravel/framework/src/Illuminate/Pipeline/Pipeline.php(163): Illuminate\\Foundation\\Http\\Middleware\\TransformsRequest->handle(Object(Illuminate\\Http\\Request), Object(Closure))
#22 /home/customs1/public_html/projects/newsportal/vendor/laravel/framework/src/Illuminate/Routing/Pipeline.php(53): Illuminate\\Pipeline\\Pipeline->Illuminate\\Pipeline\\{closure}(Object(Illuminate\\Http\\Request))
#23 /home/customs1/public_html/projects/newsportal/vendor/laravel/framework/src/Illuminate/Foundation/Http/Middleware/ValidatePostSize.php(27): Illuminate\\Routing\\Pipeline->Illuminate\\Routing\\{closure}(Object(Illuminate\\Http\\Request))
#24 /home/customs1/public_html/projects/newsportal/vendor/laravel/framework/src/Illuminate/Pipeline/Pipeline.php(163): Illuminate\\Foundation\\Http\\Middleware\\ValidatePostSize->handle(Object(Illuminate\\Http\\Request), Object(Closure))
#25 /home/customs1/public_html/projects/newsportal/vendor/laravel/framework/src/Illuminate/Routing/Pipeline.php(53): Illuminate\\Pipeline\\Pipeline->Illuminate\\Pipeline\\{closure}(Object(Illuminate\\Http\\Request))
#26 /home/customs1/public_html/projects/newsportal/vendor/laravel/framework/src/Illuminate/Foundation/Http/Middleware/CheckForMaintenanceMode.php(62): Illuminate\\Routing\\Pipeline->Illuminate\\Routing\\{closure}(Object(Illuminate\\Http\\Request))
#27 /home/customs1/public_html/projects/newsportal/vendor/laravel/framework/src/Illuminate/Pipeline/Pipeline.php(163): Illuminate\\Foundation\\Http\\Middleware\\CheckForMaintenanceMode->handle(Object(Illuminate\\Http\\Request), Object(Closure))
#28 /home/customs1/public_html/projects/newsportal/vendor/laravel/framework/src/Illuminate/Routing/Pipeline.php(53): Illuminate\\Pipeline\\Pipeline->Illuminate\\Pipeline\\{closure}(Object(Illuminate\\Http\\Request))
#29 /home/customs1/public_html/projects/newsportal/vendor/laravel/framework/src/Illuminate/Pipeline/Pipeline.php(104): Illuminate\\Routing\\Pipeline->Illuminate\\Routing\\{closure}(Object(Illuminate\\Http\\Request))
#30 /home/customs1/public_html/projects/newsportal/vendor/laravel/framework/src/Illuminate/Foundation/Http/Kernel.php(151): Illuminate\\Pipeline\\Pipeline->then(Object(Closure))
#31 /home/customs1/public_html/projects/newsportal/vendor/laravel/framework/src/Illuminate/Foundation/Http/Kernel.php(116): Illuminate\\Foundation\\Http\\Kernel->sendRequestThroughRouter(Object(Illuminate\\Http\\Request))
#32 /home/customs1/public_html/projects/newsportal/public/index.php(55): Illuminate\\Foundation\\Http\\Kernel->handle(Object(Illuminate\\Http\\Request))
#33 {main}
"} 
[2021-07-19 18:53:52] local.ERROR: file_put_contents(A:\laragon\www\newsportal\storage\framework\views/586248950626724bb1f966444695ee13b153f512.php): failed to open stream: No such file or directory {"exception":"[object] (ErrorException(code: 0): file_put_contents(A:\\laragon\\www\
ewsportal\\storage\\framework\\views/586248950626724bb1f966444695ee13b153f512.php): failed to open stream: No such file or directory at /home/customs1/public_html/projects/newsportal/vendor/laravel/framework/src/Illuminate/Filesystem/Filesystem.php:122)
[stacktrace]
#0 [internal function]: Illuminate\\Foundation\\Bootstrap\\HandleExceptions->handleError(2, 'file_put_conten...', '/home/customs1/...', 122, Array)
#1 /home/customs1/public_html/projects/newsportal/vendor/laravel/framework/src/Illuminate/Filesystem/Filesystem.php(122): file_put_contents('A:\\\\laragon\\\\www\\\\...', '<?php $__env->s...', 0)
#2 /home/customs1/public_html/projects/newsportal/vendor/laravel/framework/src/Illuminate/View/Compilers/BladeCompiler.php(122): Illuminate\\Filesystem\\Filesystem->put('A:\\\\laragon\\\\www\\\\...', '<?php $__env->s...')
#3 /home/customs1/public_html/projects/newsportal/vendor/laravel/framework/src/Illuminate/View/Engines/CompilerEngine.php(51): Illuminate\\View\\Compilers\\BladeCompiler->compile('/home/customs1/...')
#4 /home/customs1/public_html/projects/newsportal/vendor/laravel/framework/src/Illuminate/View/View.php(142): Illuminate\\View\\Engines\\CompilerEngine->get('/home/customs1/...', Array)
#5 /home/customs1/public_html/projects/newsportal/vendor/laravel/framework/src/Illuminate/View/View.php(125): Illuminate\\View\\View->getContents()
#6 /home/customs1/public_html/projects/newsportal/vendor/laravel/framework/src/Illuminate/View/View.php(90): Illuminate\\View\\View->renderContents()
#7 /home/customs1/public_html/projects/newsportal/vendor/laravel/framework/src/Illuminate/Http/Response.php(42): Illuminate\\View\\View->render()
#8 /home/customs1/public_html/projects/newsportal/vendor/symfony/http-foundation/Response.php(205): Illuminate\\Http\\Response->setContent(Object(Illuminate\\View\\View))
#9 /home/customs1/public_html/projects/newsportal/vendor/laravel/framework/src/Illuminate/Routing/ResponseFactory.php(55): Symfony\\Component\\HttpFoundation\\Response->__construct(Object(Illuminate\\View\\View), 500, Array)
#10 /home/customs1/public_html/projects/newsportal/vendor/laravel/framework/src/Illuminate/Routing/ResponseFactory.php(81): Illuminate\\Routing\\ResponseFactory->make(Object(Illuminate\\View\\View), 500, Array)
#11 /home/customs1/public_html/projects/newsportal/vendor/laravel/framework/src/Illuminate/Foundation/Exceptions/Handler.php(380): Illuminate\\Routing\\ResponseFactory->view('errors::500', Array, 500, Array)
#12 /home/customs1/public_html/projects/newsportal/vendor/laravel/framework/src/Illuminate/Foundation/Exceptions/Handler.php(289): Illuminate\\Foundation\\Exceptions\\Handler->renderHttpException(Object(Symfony\\Component\\HttpKernel\\Exception\\HttpException))
#13 /home/customs1/public_html/projects/newsportal/vendor/laravel/framework/src/Illuminate/Foundation/Exceptions/Handler.php(188): Illuminate\\Foundation\\Exceptions\\Handler->prepareResponse(Object(Illuminate\\Http\\Request), Object(Symfony\\Component\\HttpKernel\\Exception\\HttpException))
#14 /home/customs1/public_html/projects/newsportal/app/Exceptions/Handler.php(49): Illuminate\\Foundation\\Exceptions\\Handler->render(Object(Illuminate\\Http\\Request), Object(ErrorException))
#15 /home/customs1/public_html/projects/newsportal/vendor/laravel/framework/src/Illuminate/Routing/Pipeline.php(83): App\\Exceptions\\Handler->render(Object(Illuminate\\Http\\Request), Object(ErrorException))
#16 /home/customs1/public_html/projects/newsportal/vendor/laravel/framework/src/Illuminate/Routing/Pipeline.php(55): Illuminate\\Routing\\Pipeline->handleException(Object(Illuminate\\Http\\Request), Object(ErrorException))
#17 /home/customs1/public_html/projects/newsportal/vendor/laravel/framework/src/Illuminate/Foundation/Http/Middleware/TransformsRequest.php(31): Illuminate\\Routing\\Pipeline->Illuminate\\Routing\\{closure}(Object(Illuminate\\Http\\Request))
#18 /home/customs1/public_html/projects/newsportal/vendor/laravel/framework/src/Illuminate/Pipeline/Pipeline.php(163): Illuminate\\Foundation\\Http\\Middleware\\TransformsRequest->handle(Object(Illuminate\\Http\\Request), Object(Closure))
#19 /home/customs1/public_html/projects/newsportal/vendor/laravel/framework/src/Illuminate/Routing/Pipeline.php(53): Illuminate\\Pipeline\\Pipeline->Illuminate\\Pipeline\\{closure}(Object(Illuminate\\Http\\Request))
#20 /home/customs1/public_html/projects/newsportal/vendor/laravel/framework/src/Illuminate/Foundation/Http/Middleware/ValidatePostSize.php(27): Illuminate\\Routing\\Pipeline->Illuminate\\Routing\\{closure}(Object(Illuminate\\Http\\Request))
#21 /home/customs1/public_html/projects/newsportal/vendor/laravel/framework/src/Illuminate/Pipeline/Pipeline.php(163): Illuminate\\Foundation\\Http\\Middleware\\ValidatePostSize->handle(Object(Illuminate\\Http\\Request), Object(Closure))
#22 /home/customs1/public_html/projects/newsportal/vendor/laravel/framework/src/Illuminate/Routing/Pipeline.php(53): Illuminate\\Pipeline\\Pipeline->Illuminate\\Pipeline\\{closure}(Object(Illuminate\\Http\\Request))
#23 /home/customs1/public_html/projects/newsportal/vendor/laravel/framework/src/Illuminate/Foundation/Http/Middleware/CheckForMaintenanceMode.php(62): Illuminate\\Routing\\Pipeline->Illuminate\\Routing\\{closure}(Object(Illuminate\\Http\\Request))
#24 /home/customs1/public_html/projects/newsportal/vendor/laravel/framework/src/Illuminate/Pipeline/Pipeline.php(163): Illuminate\\Foundation\\Http\\Middleware\\CheckForMaintenanceMode->handle(Object(Illuminate\\Http\\Request), Object(Closure))
#25 /home/customs1/public_html/projects/newsportal/vendor/laravel/framework/src/Illuminate/Routing/Pipeline.php(53): Illuminate\\Pipeline\\Pipeline->Illuminate\\Pipeline\\{closure}(Object(Illuminate\\Http\\Request))
#26 /home/customs1/public_html/projects/newsportal/vendor/laravel/framework/src/Illuminate/Pipeline/Pipeline.php(104): Illuminate\\Routing\\Pipeline->Illuminate\\Routing\\{closure}(Object(Illuminate\\Http\\Request))
#27 /home/customs1/public_html/projects/newsportal/vendor/laravel/framework/src/Illuminate/Foundation/Http/Kernel.php(151): Illuminate\\Pipeline\\Pipeline->then(Object(Closure))
#28 /home/customs1/public_html/projects/newsportal/vendor/laravel/framework/src/Illuminate/Foundation/Http/Kernel.php(116): Illuminate\\Foundation\\Http\\Kernel->sendRequestThroughRouter(Object(Illuminate\\Http\\Request))
#29 /home/customs1/public_html/projects/newsportal/public/index.php(55): Illuminate\\Foundation\\Http\\Kernel->handle(Object(Illuminate\\Http\\Request))
#30 {main}
"} 
[2021-07-19 18:53:52] local.ERROR: file_put_contents(A:\laragon\www\newsportal\storage\framework\views/586248950626724bb1f966444695ee13b153f512.php): failed to open stream: No such file or directory {"exception":"[object] (ErrorException(code: 0): file_put_contents(A:\\laragon\\www\
ewsportal\\storage\\framework\\views/586248950626724bb1f966444695ee13b153f512.php): failed to open stream: No such file or directory at /home/customs1/public_html/projects/newsportal/vendor/laravel/framework/src/Illuminate/Filesystem/Filesystem.php:122)
[stacktrace]
#0 [internal function]: Illuminate\\Foundation\\Bootstrap\\HandleExceptions->handleError(2, 'file_put_conten...', '/home/customs1/...', 122, Array)
#1 /home/customs1/public_html/projects/newsportal/vendor/laravel/framework/src/Illuminate/Filesystem/Filesystem.php(122): file_put_contents('A:\\\\laragon\\\\www\\\\...', '<?php $__env->s...', 0)
#2 /home/customs1/public_html/projects/newsportal/vendor/laravel/framework/src/Illuminate/View/Compilers/BladeCompiler.php(122): Illuminate\\Filesystem\\Filesystem->put('A:\\\\laragon\\\\www\\\\...', '<?php $__env->s...')
#3 /home/customs1/public_html/projects/newsportal/vendor/laravel/framework/src/Illuminate/View/Engines/CompilerEngine.php(51): Illuminate\\View\\Compilers\\BladeCompiler->compile('/home/customs1/...')
#4 /home/customs1/public_html/projects/newsportal/vendor/laravel/framework/src/Illuminate/View/View.php(142): Illuminate\\View\\Engines\\CompilerEngine->get('/home/customs1/...', Array)
#5 /home/customs1/public_html/projects/newsportal/vendor/laravel/framework/src/Illuminate/View/View.php(125): Illuminate\\View\\View->getContents()
#6 /home/customs1/public_html/projects/newsportal/vendor/laravel/framework/src/Illuminate/View/View.php(90): Illuminate\\View\\View->renderContents()
#7 /home/customs1/public_html/projects/newsportal/vendor/laravel/framework/src/Illuminate/Http/Response.php(42): Illuminate\\View\\View->render()
#8 /home/customs1/public_html/projects/newsportal/vendor/symfony/http-foundation/Response.php(205): Illuminate\\Http\\Response->setContent(Object(Illuminate\\View\\View))
#9 /home/customs1/public_html/projects/newsportal/vendor/laravel/framework/src/Illuminate/Routing/ResponseFactory.php(55): Symfony\\Component\\HttpFoundation\\Response->__construct(Object(Illuminate\\View\\View), 500, Array)
#10 /home/customs1/public_html/projects/newsportal/vendor/laravel/framework/src/Illuminate/Routing/ResponseFactory.php(81): Illuminate\\Routing\\ResponseFactory->make(Object(Illuminate\\View\\View), 500, Array)
#11 /home/customs1/public_html/projects/newsportal/vendor/laravel/framework/src/Illuminate/Foundation/Exceptions/Handler.php(380): Illuminate\\Routing\\ResponseFactory->view('errors::500', Array, 500, Array)
#12 /home/customs1/public_html/projects/newsportal/vendor/laravel/framework/src/Illuminate/Foundation/Exceptions/Handler.php(289): Illuminate\\Foundation\\Exceptions\\Handler->renderHttpException(Object(Symfony\\Component\\HttpKernel\\Exception\\HttpException))
#13 /home/customs1/public_html/projects/newsportal/vendor/laravel/framework/src/Illuminate/Foundation/Exceptions/Handler.php(188): Illuminate\\Foundation\\Exceptions\\Handler->prepareResponse(Object(Illuminate\\Http\\Request), Object(Symfony\\Component\\HttpKernel\\Exception\\HttpException))
#14 /home/customs1/public_html/projects/newsportal/app/Exceptions/Handler.php(49): Illuminate\\Foundation\\Exceptions\\Handler->render(Object(Illuminate\\Http\\Request), Object(ErrorException))
#15 /home/customs1/public_html/projects/newsportal/vendor/laravel/framework/src/Illuminate/Routing/Pipeline.php(83): App\\Exceptions\\Handler->render(Object(Illuminate\\Http\\Request), Object(ErrorException))
#16 /home/customs1/public_html/projects/newsportal/vendor/laravel/framework/src/Illuminate/Routing/Pipeline.php(55): Illuminate\\Routing\\Pipeline->handleException(Object(Illuminate\\Http\\Request), Object(ErrorException))
#17 /home/customs1/public_html/projects/newsportal/vendor/laravel/framework/src/Illuminate/Foundation/Http/Middleware/ValidatePostSize.php(27): Illuminate\\Routing\\Pipeline->Illuminate\\Routing\\{closure}(Object(Illuminate\\Http\\Request))
#18 /home/customs1/public_html/projects/newsportal/vendor/laravel/framework/src/Illuminate/Pipeline/Pipeline.php(163): Illuminate\\Foundation\\Http\\Middleware\\ValidatePostSize->handle(Object(Illuminate\\Http\\Request), Object(Closure))
#19 /home/customs1/public_html/projects/newsportal/vendor/laravel/framework/src/Illuminate/Routing/Pipeline.php(53): Illuminate\\Pipeline\\Pipeline->Illuminate\\Pipeline\\{closure}(Object(Illuminate\\Http\\Request))
#20 /home/customs1/public_html/projects/newsportal/vendor/laravel/framework/src/Illuminate/Foundation/Http/Middleware/CheckForMaintenanceMode.php(62): Illuminate\\Routing\\Pipeline->Illuminate\\Routing\\{closure}(Object(Illuminate\\Http\\Request))
#21 /home/customs1/public_html/projects/newsportal/vendor/laravel/framework/src/Illuminate/Pipeline/Pipeline.php(163): Illuminate\\Foundation\\Http\\Middleware\\CheckForMaintenanceMode->handle(Object(Illuminate\\Http\\Request), Object(Closure))
#22 /home/customs1/public_html/projects/newsportal/vendor/laravel/framework/src/Illuminate/Routing/Pipeline.php(53): Illuminate\\Pipeline\\Pipeline->Illuminate\\Pipeline\\{closure}(Object(Illuminate\\Http\\Request))
#23 /home/customs1/public_html/projects/newsportal/vendor/laravel/framework/src/Illuminate/Pipeline/Pipeline.php(104): Illuminate\\Routing\\Pipeline->Illuminate\\Routing\\{closure}(Object(Illuminate\\Http\\Request))
#24 /home/customs1/public_html/projects/newsportal/vendor/laravel/framework/src/Illuminate/Foundation/Http/Kernel.php(151): Illuminate\\Pipeline\\Pipeline->then(Object(Closure))
#25 /home/customs1/public_html/projects/newsportal/vendor/laravel/framework/src/Illuminate/Foundation/Http/Kernel.php(116): Illuminate\\Foundation\\Http\\Kernel->sendRequestThroughRouter(Object(Illuminate\\Http\\Request))
#26 /home/customs1/public_html/projects/newsportal/public/index.php(55): Illuminate\\Foundation\\Http\\Kernel->handle(Object(Illuminate\\Http\\Request))
#27 {main}
"} 
[2021-07-19 18:53:52] local.ERROR: file_put_contents(A:\laragon\www\newsportal\storage\framework\views/586248950626724bb1f966444695ee13b153f512.php): failed to open stream: No such file or directory {"exception":"[object] (ErrorException(code: 0): file_put_contents(A:\\laragon\\www\
ewsportal\\storage\\framework\\views/586248950626724bb1f966444695ee13b153f512.php): failed to open stream: No such file or directory at /home/customs1/public_html/projects/newsportal/vendor/laravel/framework/src/Illuminate/Filesystem/Filesystem.php:122)
[stacktrace]
#0 [internal function]: Illuminate\\Foundation\\Bootstrap\\HandleExceptions->handleError(2, 'file_put_conten...', '/home/customs1/...', 122, Array)
#1 /home/customs1/public_html/projects/newsportal/vendor/laravel/framework/src/Illuminate/Filesystem/Filesystem.php(122): file_put_contents('A:\\\\laragon\\\\www\\\\...', '<?php $__env->s...', 0)
#2 /home/customs1/public_html/projects/newsportal/vendor/laravel/framework/src/Illuminate/View/Compilers/BladeCompiler.php(122): Illuminate\\Filesystem\\Filesystem->put('A:\\\\laragon\\\\www\\\\...', '<?php $__env->s...')
#3 /home/customs1/public_html/projects/newsportal/vendor/laravel/framework/src/Illuminate/View/Engines/CompilerEngine.php(51): Illuminate\\View\\Compilers\\BladeCompiler->compile('/home/customs1/...')
#4 /home/customs1/public_html/projects/newsportal/vendor/laravel/framework/src/Illuminate/View/View.php(142): Illuminate\\View\\Engines\\CompilerEngine->get('/home/customs1/...', Array)
#5 /home/customs1/public_html/projects/newsportal/vendor/laravel/framework/src/Illuminate/View/View.php(125): Illuminate\\View\\View->getContents()
#6 /home/customs1/public_html/projects/newsportal/vendor/laravel/framework/src/Illuminate/View/View.php(90): Illuminate\\View\\View->renderContents()
#7 /home/customs1/public_html/projects/newsportal/vendor/laravel/framework/src/Illuminate/Http/Response.php(42): Illuminate\\View\\View->render()
#8 /home/customs1/public_html/projects/newsportal/vendor/symfony/http-foundation/Response.php(205): Illuminate\\Http\\Response->setContent(Object(Illuminate\\View\\View))
#9 /home/customs1/public_html/projects/newsportal/vendor/laravel/framework/src/Illuminate/Routing/ResponseFactory.php(55): Symfony\\Component\\HttpFoundation\\Response->__construct(Object(Illuminate\\View\\View), 500, Array)
#10 /home/customs1/public_html/projects/newsportal/vendor/laravel/framework/src/Illuminate/Routing/ResponseFactory.php(81): Illuminate\\Routing\\ResponseFactory->make(Object(Illuminate\\View\\View), 500, Array)
#11 /home/customs1/public_html/projects/newsportal/vendor/laravel/framework/src/Illuminate/Foundation/Exceptions/Handler.php(380): Illuminate\\Routing\\ResponseFactory->view('errors::500', Array, 500, Array)
#12 /home/customs1/public_html/projects/newsportal/vendor/laravel/framework/src/Illuminate/Foundation/Exceptions/Handler.php(289): Illuminate\\Foundation\\Exceptions\\Handler->renderHttpException(Object(Symfony\\Component\\HttpKernel\\Exception\\HttpException))
#13 /home/customs1/public_html/projects/newsportal/vendor/laravel/framework/src/Illuminate/Foundation/Exceptions/Handler.php(188): Illuminate\\Foundation\\Exceptions\\Handler->prepareResponse(Object(Illuminate\\Http\\Request), Object(Symfony\\Component\\HttpKernel\\Exception\\HttpException))
#14 /home/customs1/public_html/projects/newsportal/app/Exceptions/Handler.php(49): Illuminate\\Foundation\\Exceptions\\Handler->render(Object(Illuminate\\Http\\Request), Object(ErrorException))
#15 /home/customs1/public_html/projects/newsportal/vendor/laravel/framework/src/Illuminate/Routing/Pipeline.php(83): App\\Exceptions\\Handler->render(Object(Illuminate\\Http\\Request), Object(ErrorException))
#16 /home/customs1/public_html/projects/newsportal/vendor/laravel/framework/src/Illuminate/Routing/Pipeline.php(55): Illuminate\\Routing\\Pipeline->handleException(Object(Illuminate\\Http\\Request), Object(ErrorException))
#17 /home/customs1/public_html/projects/newsportal/vendor/laravel/framework/src/Illuminate/Foundation/Http/Middleware/CheckForMaintenanceMode.php(62): Illuminate\\Routing\\Pipeline->Illuminate\\Routing\\{closure}(Object(Illuminate\\Http\\Request))
#18 /home/customs1/public_html/projects/newsportal/vendor/laravel/framework/src/Illuminate/Pipeline/Pipeline.php(163): Illuminate\\Foundation\\Http\\Middleware\\CheckForMaintenanceMode->handle(Object(Illuminate\\Http\\Request), Object(Closure))
#19 /home/customs1/public_html/projects/newsportal/vendor/laravel/framework/src/Illuminate/Routing/Pipeline.php(53): Illuminate\\Pipeline\\Pipeline->Illuminate\\Pipeline\\{closure}(Object(Illuminate\\Http\\Request))
#20 /home/customs1/public_html/projects/newsportal/vendor/laravel/framework/src/Illuminate/Pipeline/Pipeline.php(104): Illuminate\\Routing\\Pipeline->Illuminate\\Routing\\{closure}(Object(Illuminate\\Http\\Request))
#21 /home/customs1/public_html/projects/newsportal/vendor/laravel/framework/src/Illuminate/Foundation/Http/Kernel.php(151): Illuminate\\Pipeline\\Pipeline->then(Object(Closure))
#22 /home/customs1/public_html/projects/newsportal/vendor/laravel/framework/src/Illuminate/Foundation/Http/Kernel.php(116): Illuminate\\Foundation\\Http\\Kernel->sendRequestThroughRouter(Object(Illuminate\\Http\\Request))
#23 /home/customs1/public_html/projects/newsportal/public/index.php(55): Illuminate\\Foundation\\Http\\Kernel->handle(Object(Illuminate\\Http\\Request))
#24 {main}
"} 
[2021-07-19 18:53:52] local.ERROR: file_put_contents(A:\laragon\www\newsportal\storage\framework\views/586248950626724bb1f966444695ee13b153f512.php): failed to open stream: No such file or directory {"exception":"[object] (ErrorException(code: 0): file_put_contents(A:\\laragon\\www\
ewsportal\\storage\\framework\\views/586248950626724bb1f966444695ee13b153f512.php): failed to open stream: No such file or directory at /home/customs1/public_html/projects/newsportal/vendor/laravel/framework/src/Illuminate/Filesystem/Filesystem.php:122)
[stacktrace]
#0 [internal function]: Illuminate\\Foundation\\Bootstrap\\HandleExceptions->handleError(2, 'file_put_conten...', '/home/customs1/...', 122, Array)
#1 /home/customs1/public_html/projects/newsportal/vendor/laravel/framework/src/Illuminate/Filesystem/Filesystem.php(122): file_put_contents('A:\\\\laragon\\\\www\\\\...', '<?php $__env->s...', 0)
#2 /home/customs1/public_html/projects/newsportal/vendor/laravel/framework/src/Illuminate/View/Compilers/BladeCompiler.php(122): Illuminate\\Filesystem\\Filesystem->put('A:\\\\laragon\\\\www\\\\...', '<?php $__env->s...')
#3 /home/customs1/public_html/projects/newsportal/vendor/laravel/framework/src/Illuminate/View/Engines/CompilerEngine.php(51): Illuminate\\View\\Compilers\\BladeCompiler->compile('/home/customs1/...')
#4 /home/customs1/public_html/projects/newsportal/vendor/laravel/framework/src/Illuminate/View/View.php(142): Illuminate\\View\\Engines\\CompilerEngine->get('/home/customs1/...', Array)
#5 /home/customs1/public_html/projects/newsportal/vendor/laravel/framework/src/Illuminate/View/View.php(125): Illuminate\\View\\View->getContents()
#6 /home/customs1/public_html/projects/newsportal/vendor/laravel/framework/src/Illuminate/View/View.php(90): Illuminate\\View\\View->renderContents()
#7 /home/customs1/public_html/projects/newsportal/vendor/laravel/framework/src/Illuminate/Http/Response.php(42): Illuminate\\View\\View->render()
#8 /home/customs1/public_html/projects/newsportal/vendor/symfony/http-foundation/Response.php(205): Illuminate\\Http\\Response->setContent(Object(Illuminate\\View\\View))
#9 /home/customs1/public_html/projects/newsportal/vendor/laravel/framework/src/Illuminate/Routing/ResponseFactory.php(55): Symfony\\Component\\HttpFoundation\\Response->__construct(Object(Illuminate\\View\\View), 500, Array)
#10 /home/customs1/public_html/projects/newsportal/vendor/laravel/framework/src/Illuminate/Routing/ResponseFactory.php(81): Illuminate\\Routing\\ResponseFactory->make(Object(Illuminate\\View\\View), 500, Array)
#11 /home/customs1/public_html/projects/newsportal/vendor/laravel/framework/src/Illuminate/Foundation/Exceptions/Handler.php(380): Illuminate\\Routing\\ResponseFactory->view('errors::500', Array, 500, Array)
#12 /home/customs1/public_html/projects/newsportal/vendor/laravel/framework/src/Illuminate/Foundation/Exceptions/Handler.php(289): Illuminate\\Foundation\\Exceptions\\Handler->renderHttpException(Object(Symfony\\Component\\HttpKernel\\Exception\\HttpException))
#13 /home/customs1/public_html/projects/newsportal/vendor/laravel/framework/src/Illuminate/Foundation/Exceptions/Handler.php(188): Illuminate\\Foundation\\Exceptions\\Handler->prepareResponse(Object(Illuminate\\Http\\Request), Object(Symfony\\Component\\HttpKernel\\Exception\\HttpException))
#14 /home/customs1/public_html/projects/newsportal/app/Exceptions/Handler.php(49): Illuminate\\Foundation\\Exceptions\\Handler->render(Object(Illuminate\\Http\\Request), Object(ErrorException))
#15 /home/customs1/public_html/projects/newsportal/vendor/laravel/framework/src/Illuminate/Routing/Pipeline.php(83): App\\Exceptions\\Handler->render(Object(Illuminate\\Http\\Request), Object(ErrorException))
#16 /home/customs1/public_html/projects/newsportal/vendor/laravel/framework/src/Illuminate/Routing/Pipeline.php(55): Illuminate\\Routing\\Pipeline->handleException(Object(Illuminate\\Http\\Request), Object(ErrorException))
#17 /home/customs1/public_html/projects/newsportal/vendor/laravel/framework/src/Illuminate/Pipeline/Pipeline.php(104): Illuminate\\Routing\\Pipeline->Illuminate\\Routing\\{closure}(Object(Illuminate\\Http\\Request))
#18 /home/customs1/public_html/projects/newsportal/vendor/laravel/framework/src/Illuminate/Foundation/Http/Kernel.php(151): Illuminate\\Pipeline\\Pipeline->then(Object(Closure))
#19 /home/customs1/public_html/projects/newsportal/vendor/laravel/framework/src/Illuminate/Foundation/Http/Kernel.php(116): Illuminate\\Foundation\\Http\\Kernel->sendRequestThroughRouter(Object(Illuminate\\Http\\Request))
#20 /home/customs1/public_html/projects/newsportal/public/index.php(55): Illuminate\\Foundation\\Http\\Kernel->handle(Object(Illuminate\\Http\\Request))
#21 {main}
"} 
[2021-07-19 18:53:52] local.ERROR: file_put_contents(A:\laragon\www\newsportal\storage\framework\views/586248950626724bb1f966444695ee13b153f512.php): failed to open stream: No such file or directory {"exception":"[object] (ErrorException(code: 0): file_put_contents(A:\\laragon\\www\
ewsportal\\storage\\framework\\views/586248950626724bb1f966444695ee13b153f512.php): failed to open stream: No such file or directory at /home/customs1/public_html/projects/newsportal/vendor/laravel/framework/src/Illuminate/Filesystem/Filesystem.php:122)
[stacktrace]
#0 [internal function]: Illuminate\\Foundation\\Bootstrap\\HandleExceptions->handleError(2, 'file_put_conten...', '/home/customs1/...', 122, Array)
#1 /home/customs1/public_html/projects/newsportal/vendor/laravel/framework/src/Illuminate/Filesystem/Filesystem.php(122): file_put_contents('A:\\\\laragon\\\\www\\\\...', '<?php $__env->s...', 0)
#2 /home/customs1/public_html/projects/newsportal/vendor/laravel/framework/src/Illuminate/View/Compilers/BladeCompiler.php(122): Illuminate\\Filesystem\\Filesystem->put('A:\\\\laragon\\\\www\\\\...', '<?php $__env->s...')
#3 /home/customs1/public_html/projects/newsportal/vendor/laravel/framework/src/Illuminate/View/Engines/CompilerEngine.php(51): Illuminate\\View\\Compilers\\BladeCompiler->compile('/home/customs1/...')
#4 /home/customs1/public_html/projects/newsportal/vendor/laravel/framework/src/Illuminate/View/View.php(142): Illuminate\\View\\Engines\\CompilerEngine->get('/home/customs1/...', Array)
#5 /home/customs1/public_html/projects/newsportal/vendor/laravel/framework/src/Illuminate/View/View.php(125): Illuminate\\View\\View->getContents()
#6 /home/customs1/public_html/projects/newsportal/vendor/laravel/framework/src/Illuminate/View/View.php(90): Illuminate\\View\\View->renderContents()
#7 /home/customs1/public_html/projects/newsportal/vendor/laravel/framework/src/Illuminate/Http/Response.php(42): Illuminate\\View\\View->render()
#8 /home/customs1/public_html/projects/newsportal/vendor/symfony/http-foundation/Response.php(205): Illuminate\\Http\\Response->setContent(Object(Illuminate\\View\\View))
#9 /home/customs1/public_html/projects/newsportal/vendor/laravel/framework/src/Illuminate/Routing/ResponseFactory.php(55): Symfony\\Component\\HttpFoundation\\Response->__construct(Object(Illuminate\\View\\View), 500, Array)
#10 /home/customs1/public_html/projects/newsportal/vendor/laravel/framework/src/Illuminate/Routing/ResponseFactory.php(81): Illuminate\\Routing\\ResponseFactory->make(Object(Illuminate\\View\\View), 500, Array)
#11 /home/customs1/public_html/projects/newsportal/vendor/laravel/framework/src/Illuminate/Foundation/Exceptions/Handler.php(380): Illuminate\\Routing\\ResponseFactory->view('errors::500', Array, 500, Array)
#12 /home/customs1/public_html/projects/newsportal/vendor/laravel/framework/src/Illuminate/Foundation/Exceptions/Handler.php(289): Illuminate\\Foundation\\Exceptions\\Handler->renderHttpException(Object(Symfony\\Component\\HttpKernel\\Exception\\HttpException))
#13 /home/customs1/public_html/projects/newsportal/vendor/laravel/framework/src/Illuminate/Foundation/Exceptions/Handler.php(188): Illuminate\\Foundation\\Exceptions\\Handler->prepareResponse(Object(Illuminate\\Http\\Request), Object(Symfony\\Component\\HttpKernel\\Exception\\HttpException))
#14 /home/customs1/public_html/projects/newsportal/app/Exceptions/Handler.php(49): Illuminate\\Foundation\\Exceptions\\Handler->render(Object(Illuminate\\Http\\Request), Object(ErrorException))
#15 /home/customs1/public_html/projects/newsportal/vendor/laravel/framework/src/Illuminate/Foundation/Http/Kernel.php(326): App\\Exceptions\\Handler->render(Object(Illuminate\\Http\\Request), Object(ErrorException))
#16 /home/customs1/public_html/projects/newsportal/vendor/laravel/framework/src/Illuminate/Foundation/Http/Kernel.php(120): Illuminate\\Foundation\\Http\\Kernel->renderException(Object(Illuminate\\Http\\Request), Object(ErrorException))
#17 /home/customs1/public_html/projects/newsportal/public/index.php(55): Illuminate\\Foundation\\Http\\Kernel->handle(Object(Illuminate\\Http\\Request))
#18 {main}
"} 
[2021-07-19 18:53:52] local.ERROR: Uncaught ErrorException: file_put_contents(A:\laragon\www\newsportal\storage\framework\views/586248950626724bb1f966444695ee13b153f512.php): failed to open stream: No such file or directory in /home/customs1/public_html/projects/newsportal/vendor/laravel/framework/src/Illuminate/Filesystem/Filesystem.php:122
Stack trace:
#0 [internal function]: Illuminate\Foundation\Bootstrap\HandleExceptions->handleError(2, 'file_put_conten...', '/home/customs1/...', 122, Array)
#1 /home/customs1/public_html/projects/newsportal/vendor/laravel/framework/src/Illuminate/Filesystem/Filesystem.php(122): file_put_contents('A:\\laragon\\www\\...', '<?php $__env->s...', 0)
#2 /home/customs1/public_html/projects/newsportal/vendor/laravel/framework/src/Illuminate/View/Compilers/BladeCompiler.php(122): Illuminate\Filesystem\Filesystem->put('A:\\laragon\\www\\...', '<?php $__env->s...')
#3 /home/customs1/public_html/projects/newsportal/vendor/laravel/framework/src/Illuminate/View/Engines/CompilerEngine.php(51): Illuminate\View\Compilers\ {"exception":"[object] (Symfony\\Component\\Debug\\Exception\\FatalErrorException(code: 1): Uncaught ErrorException: file_put_contents(A:\\laragon\\www\
ewsportal\\storage\\framework\\views/586248950626724bb1f966444695ee13b153f512.php): failed to open stream: No such file or directory in /home/customs1/public_html/projects/newsportal/vendor/laravel/framework/src/Illuminate/Filesystem/Filesystem.php:122
Stack trace:
#0 [internal function]: Illuminate\\Foundation\\Bootstrap\\HandleExceptions->handleError(2, 'file_put_conten...', '/home/customs1/...', 122, Array)
#1 /home/customs1/public_html/projects/newsportal/vendor/laravel/framework/src/Illuminate/Filesystem/Filesystem.php(122): file_put_contents('A:\\\\laragon\\\\www\\\\...', '<?php $__env->s...', 0)
#2 /home/customs1/public_html/projects/newsportal/vendor/laravel/framework/src/Illuminate/View/Compilers/BladeCompiler.php(122): Illuminate\\Filesystem\\Filesystem->put('A:\\\\laragon\\\\www\\\\...', '<?php $__env->s...')
#3 /home/customs1/public_html/projects/newsportal/vendor/laravel/framework/src/Illuminate/View/Engines/CompilerEngine.php(51): Illuminate\\View\\Compilers\\ at /home/customs1/public_html/projects/newsportal/vendor/laravel/framework/src/Illuminate/Filesystem/Filesystem.php:122)
[stacktrace]
#0 {main}
"} 
[2021-07-19 18:54:17] local.ERROR: SQLSTATE[HY000] [1045] Access denied for user 'root'@'localhost' (using password: NO) (SQL: select * from `set_as` where `set_as` in (lead_news_1, lead_news_2, lead_news_3) order by `set_as` asc) {"exception":"[object] (Illuminate\\Database\\QueryException(code: 1045): SQLSTATE[HY000] [1045] Access denied for user 'root'@'localhost' (using password: NO) (SQL: select * from `set_as` where `set_as` in (lead_news_1, lead_news_2, lead_news_3) order by `set_as` asc) at /home/customs1/public_html/projects/newsportal/vendor/laravel/framework/src/Illuminate/Database/Connection.php:664, PDOException(code: 1045): SQLSTATE[HY000] [1045] Access denied for user 'root'@'localhost' (using password: NO) at /home/customs1/public_html/projects/newsportal/vendor/laravel/framework/src/Illuminate/Database/Connectors/Connector.php:70)
[stacktrace]
#0 /home/customs1/public_html/projects/newsportal/vendor/laravel/framework/src/Illuminate/Database/Connection.php(624): Illuminate\\Database\\Connection->runQueryCallback('select * from `...', Array, Object(Closure))
#1 /home/customs1/public_html/projects/newsportal/vendor/laravel/framework/src/Illuminate/Database/Connection.php(333): Illuminate\\Database\\Connection->run('select * from `...', Array, Object(Closure))
#2 /home/customs1/public_html/projects/newsportal/vendor/laravel/framework/src/Illuminate/Database/Query/Builder.php(2095): Illuminate\\Database\\Connection->select('select * from `...', Array, true)
#3 /home/customs1/public_html/projects/newsportal/vendor/laravel/framework/src/Illuminate/Database/Query/Builder.php(2083): Illuminate\\Database\\Query\\Builder->runSelect()
#4 /home/customs1/public_html/projects/newsportal/vendor/laravel/framework/src/Illuminate/Database/Query/Builder.php(2569): Illuminate\\Database\\Query\\Builder->Illuminate\\Database\\Query\\{closure}()
#5 /home/customs1/public_html/projects/newsportal/vendor/laravel/framework/src/Illuminate/Database/Query/Builder.php(2084): Illuminate\\Database\\Query\\Builder->onceWithColumns(Array, Object(Closure))
#6 /home/customs1/public_html/projects/newsportal/vendor/laravel/framework/src/Illuminate/Database/Eloquent/Builder.php(519): Illuminate\\Database\\Query\\Builder->get(Array)
#7 /home/customs1/public_html/projects/newsportal/vendor/laravel/framework/src/Illuminate/Database/Eloquent/Builder.php(503): Illuminate\\Database\\Eloquent\\Builder->getModels(Array)
#8 /home/customs1/public_html/projects/newsportal/app/Http/Controllers/sksController.php(23): Illuminate\\Database\\Eloquent\\Builder->get()
#9 [internal function]: App\\Http\\Controllers\\sksController->index()
#10 /home/customs1/public_html/projects/newsportal/vendor/laravel/framework/src/Illuminate/Routing/Controller.php(54): call_user_func_array(Array, Array)
#11 /home/customs1/public_html/projects/newsportal/vendor/laravel/framework/src/Illuminate/Routing/ControllerDispatcher.php(45): Illuminate\\Routing\\Controller->callAction('index', Array)
#12 /home/customs1/public_html/projects/newsportal/vendor/laravel/framework/src/Illuminate/Routing/Route.php(219): Illuminate\\Routing\\ControllerDispatcher->dispatch(Object(Illuminate\\Routing\\Route), Object(App\\Http\\Controllers\\sksController), 'index')
#13 /home/customs1/public_html/projects/newsportal/vendor/laravel/framework/src/Illuminate/Routing/Route.php(176): Illuminate\\Routing\\Route->runController()
#14 /home/customs1/public_html/projects/newsportal/vendor/laravel/framework/src/Illuminate/Routing/Router.php(682): Illuminate\\Routing\\Route->run()
#15 /home/customs1/public_html/projects/newsportal/vendor/laravel/framework/src/Illuminate/Routing/Pipeline.php(30): Illuminate\\Routing\\Router->Illuminate\\Routing\\{closure}(Object(Illuminate\\Http\\Request))
#16 /home/customs1/public_html/projects/newsportal/vendor/laravel/framework/src/Illuminate/Routing/Middleware/SubstituteBindings.php(41): Illuminate\\Routing\\Pipeline->Illuminate\\Routing\\{closure}(Object(Illuminate\\Http\\Request))
#17 /home/customs1/public_html/projects/newsportal/vendor/laravel/framework/src/Illuminate/Pipeline/Pipeline.php(163): Illuminate\\Routing\\Middleware\\SubstituteBindings->handle(Object(Illuminate\\Http\\Request), Object(Closure))
#18 /home/customs1/public_html/projects/newsportal/vendor/laravel/framework/src/Illuminate/Routing/Pipeline.php(53): Illuminate\\Pipeline\\Pipeline->Illuminate\\Pipeline\\{closure}(Object(Illuminate\\Http\\Request))
#19 /home/customs1/public_html/projects/newsportal/vendor/laravel/framework/src/Illuminate/Foundation/Http/Middleware/VerifyCsrfToken.php(75): Illuminate\\Routing\\Pipeline->Illuminate\\Routing\\{closure}(Object(Illuminate\\Http\\Request))
#20 /home/customs1/public_html/projects/newsportal/vendor/laravel/framework/src/Illuminate/Pipeline/Pipeline.php(163): Illuminate\\Foundation\\Http\\Middleware\\VerifyCsrfToken->handle(Object(Illuminate\\Http\\Request), Object(Closure))
#21 /home/customs1/public_html/projects/newsportal/vendor/laravel/framework/src/Illuminate/Routing/Pipeline.php(53): Illuminate\\Pipeline\\Pipeline->Illuminate\\Pipeline\\{closure}(Object(Illuminate\\Http\\Request))
#22 /home/customs1/public_html/projects/newsportal/vendor/laravel/framework/src/Illuminate/View/Middleware/ShareErrorsFromSession.php(49): Illuminate\\Routing\\Pipeline->Illuminate\\Routing\\{closure}(Object(Illuminate\\Http\\Request))
#23 /home/customs1/public_html/projects/newsportal/vendor/laravel/framework/src/Illuminate/Pipeline/Pipeline.php(163): Illuminate\\View\\Middleware\\ShareErrorsFromSession->handle(Object(Illuminate\\Http\\Request), Object(Closure))
#24 /home/customs1/public_html/projects/newsportal/vendor/laravel/framework/src/Illuminate/Routing/Pipeline.php(53): Illuminate\\Pipeline\\Pipeline->Illuminate\\Pipeline\\{closure}(Object(Illuminate\\Http\\Request))
#25 /home/customs1/public_html/projects/newsportal/vendor/laravel/framework/src/Illuminate/Session/Middleware/StartSession.php(63): Illuminate\\Routing\\Pipeline->Illuminate\\Routing\\{closure}(Object(Illuminate\\Http\\Request))
#26 /home/customs1/public_html/projects/newsportal/vendor/laravel/framework/src/Illuminate/Pipeline/Pipeline.php(163): Illuminate\\Session\\Middleware\\StartSession->handle(Object(Illuminate\\Http\\Request), Object(Closure))
#27 /home/customs1/public_html/projects/newsportal/vendor/laravel/framework/src/Illuminate/Routing/Pipeline.php(53): Illuminate\\Pipeline\\Pipeline->Illuminate\\Pipeline\\{closure}(Object(Illuminate\\Http\\Request))
#28 /home/customs1/public_html/projects/newsportal/vendor/laravel/framework/src/Illuminate/Cookie/Middleware/AddQueuedCookiesToResponse.php(37): Illuminate\\Routing\\Pipeline->Illuminate\\Routing\\{closure}(Object(Illuminate\\Http\\Request))
#29 /home/customs1/public_html/projects/newsportal/vendor/laravel/framework/src/Illuminate/Pipeline/Pipeline.php(163): Illuminate\\Cookie\\Middleware\\AddQueuedCookiesToResponse->handle(Object(Illuminate\\Http\\Request), Object(Closure))
#30 /home/customs1/public_html/projects/newsportal/vendor/laravel/framework/src/Illuminate/Routing/Pipeline.php(53): Illuminate\\Pipeline\\Pipeline->Illuminate\\Pipeline\\{closure}(Object(Illuminate\\Http\\Request))
#31 /home/customs1/public_html/projects/newsportal/vendor/laravel/framework/src/Illuminate/Cookie/Middleware/EncryptCookies.php(66): Illuminate\\Routing\\Pipeline->Illuminate\\Routing\\{closure}(Object(Illuminate\\Http\\Request))
#32 /home/customs1/public_html/projects/newsportal/vendor/laravel/framework/src/Illuminate/Pipeline/Pipeline.php(163): Illuminate\\Cookie\\Middleware\\EncryptCookies->handle(Object(Illuminate\\Http\\Request), Object(Closure))
#33 /home/customs1/public_html/projects/newsportal/vendor/laravel/framework/src/Illuminate/Routing/Pipeline.php(53): Illuminate\\Pipeline\\Pipeline->Illuminate\\Pipeline\\{closure}(Object(Illuminate\\Http\\Request))
#34 /home/customs1/public_html/projects/newsportal/vendor/laravel/framework/src/Illuminate/Pipeline/Pipeline.php(104): Illuminate\\Routing\\Pipeline->Illuminate\\Routing\\{closure}(Object(Illuminate\\Http\\Request))
#35 /home/customs1/public_html/projects/newsportal/vendor/laravel/framework/src/Illuminate/Routing/Router.php(684): Illuminate\\Pipeline\\Pipeline->then(Object(Closure))
#36 /home/customs1/public_html/projects/newsportal/vendor/laravel/framework/src/Illuminate/Routing/Router.php(659): Illuminate\\Routing\\Router->runRouteWithinStack(Object(Illuminate\\Routing\\Route), Object(Illuminate\\Http\\Request))
#37 /home/customs1/public_html/projects/newsportal/vendor/laravel/framework/src/Illuminate/Routing/Router.php(625): Illuminate\\Routing\\Router->runRoute(Object(Illuminate\\Http\\Request), Object(Illuminate\\Routing\\Route))
#38 /home/customs1/public_html/projects/newsportal/vendor/laravel/framework/src/Illuminate/Routing/Router.php(614): Illuminate\\Routing\\Router->dispatchToRoute(Object(Illuminate\\Http\\Request))
#39 /home/customs1/public_html/projects/newsportal/vendor/laravel/framework/src/Illuminate/Foundation/Http/Kernel.php(176): Illuminate\\Routing\\Router->dispatch(Object(Illuminate\\Http\\Request))
#40 /home/customs1/public_html/projects/newsportal/vendor/laravel/framework/src/Illuminate/Routing/Pipeline.php(30): Illuminate\\Foundation\\Http\\Kernel->Illuminate\\Foundation\\Http\\{closure}(Object(Illuminate\\Http\\Request))
#41 /home/customs1/public_html/projects/newsportal/vendor/barryvdh/laravel-debugbar/src/Middleware/InjectDebugbar.php(58): Illuminate\\Routing\\Pipeline->Illuminate\\Routing\\{closure}(Object(Illuminate\\Http\\Request))
#42 /home/customs1/public_html/projects/newsportal/vendor/laravel/framework/src/Illuminate/Pipeline/Pipeline.php(163): Barryvdh\\Debugbar\\Middleware\\InjectDebugbar->handle(Object(Illuminate\\Http\\Request), Object(Closure))
#43 /home/customs1/public_html/projects/newsportal/vendor/laravel/framework/src/Illuminate/Routing/Pipeline.php(53): Illuminate\\Pipeline\\Pipeline->Illuminate\\Pipeline\\{closure}(Object(Illuminate\\Http\\Request))
#44 /home/customs1/public_html/projects/newsportal/vendor/fideloper/proxy/src/TrustProxies.php(57): Illuminate\\Routing\\Pipeline->Illuminate\\Routing\\{closure}(Object(Illuminate\\Http\\Request))
#45 /home/customs1/public_html/projects/newsportal/vendor/laravel/framework/src/Illuminate/Pipeline/Pipeline.php(163): Fideloper\\Proxy\\TrustProxies->handle(Object(Illuminate\\Http\\Request), Object(Closure))
#46 /home/customs1/public_html/projects/newsportal/vendor/laravel/framework/src/Illuminate/Routing/Pipeline.php(53): Illuminate\\Pipeline\\Pipeline->Illuminate\\Pipeline\\{closure}(Object(Illuminate\\Http\\Request))
#47 /home/customs1/public_html/projects/newsportal/vendor/laravel/framework/src/Illuminate/Foundation/Http/Middleware/TransformsRequest.php(31): Illuminate\\Routing\\Pipeline->Illuminate\\Routing\\{closure}(Object(Illuminate\\Http\\Request))
#48 /home/customs1/public_html/projects/newsportal/vendor/laravel/framework/src/Illuminate/Pipeline/Pipeline.php(163): Illuminate\\Foundation\\Http\\Middleware\\TransformsRequest->handle(Object(Illuminate\\Http\\Request), Object(Closure))
#49 /home/customs1/public_html/projects/newsportal/vendor/laravel/framework/src/Illuminate/Routing/Pipeline.php(53): Illuminate\\Pipeline\\Pipeline->Illuminate\\Pipeline\\{closure}(Object(Illuminate\\Http\\Request))
#50 /home/customs1/public_html/projects/newsportal/vendor/laravel/framework/src/Illuminate/Foundation/Http/Middleware/TransformsRequest.php(31): Illuminate\\Routing\\Pipeline->Illuminate\\Routing\\{closure}(Object(Illuminate\\Http\\Request))
#51 /home/customs1/public_html/projects/newsportal/vendor/laravel/framework/src/Illuminate/Pipeline/Pipeline.php(163): Illuminate\\Foundation\\Http\\Middleware\\TransformsRequest->handle(Object(Illuminate\\Http\\Request), Object(Closure))
#52 /home/customs1/public_html/projects/newsportal/vendor/laravel/framework/src/Illuminate/Routing/Pipeline.php(53): Illuminate\\Pipeline\\Pipeline->Illuminate\\Pipeline\\{closure}(Object(Illuminate\\Http\\Request))
#53 /home/customs1/public_html/projects/newsportal/vendor/laravel/framework/src/Illuminate/Foundation/Http/Middleware/ValidatePostSize.php(27): Illuminate\\Routing\\Pipeline->Illuminate\\Routing\\{closure}(Object(Illuminate\\Http\\Request))
#54 /home/customs1/public_html/projects/newsportal/vendor/laravel/framework/src/Illuminate/Pipeline/Pipeline.php(163): Illuminate\\Foundation\\Http\\Middleware\\ValidatePostSize->handle(Object(Illuminate\\Http\\Request), Object(Closure))
#55 /home/customs1/public_html/projects/newsportal/vendor/laravel/framework/src/Illuminate/Routing/Pipeline.php(53): Illuminate\\Pipeline\\Pipeline->Illuminate\\Pipeline\\{closure}(Object(Illuminate\\Http\\Request))
#56 /home/customs1/public_html/projects/newsportal/vendor/laravel/framework/src/Illuminate/Foundation/Http/Middleware/CheckForMaintenanceMode.php(62): Illuminate\\Routing\\Pipeline->Illuminate\\Routing\\{closure}(Object(Illuminate\\Http\\Request))
#57 /home/customs1/public_html/projects/newsportal/vendor/laravel/framework/src/Illuminate/Pipeline/Pipeline.php(163): Illuminate\\Foundation\\Http\\Middleware\\CheckForMaintenanceMode->handle(Object(Illuminate\\Http\\Request), Object(Closure))
#58 /home/customs1/public_html/projects/newsportal/vendor/laravel/framework/src/Illuminate/Routing/Pipeline.php(53): Illuminate\\Pipeline\\Pipeline->Illuminate\\Pipeline\\{closure}(Object(Illuminate\\Http\\Request))
#59 /home/customs1/public_html/projects/newsportal/vendor/laravel/framework/src/Illuminate/Pipeline/Pipeline.php(104): Illuminate\\Routing\\Pipeline->Illuminate\\Routing\\{closure}(Object(Illuminate\\Http\\Request))
#60 /home/customs1/public_html/projects/newsportal/vendor/laravel/framework/src/Illuminate/Foundation/Http/Kernel.php(151): Illuminate\\Pipeline\\Pipeline->then(Object(Closure))
#61 /home/customs1/public_html/projects/newsportal/vendor/laravel/framework/src/Illuminate/Foundation/Http/Kernel.php(116): Illuminate\\Foundation\\Http\\Kernel->sendRequestThroughRouter(Object(Illuminate\\Http\\Request))
#62 /home/customs1/public_html/projects/newsportal/public/index.php(55): Illuminate\\Foundation\\Http\\Kernel->handle(Object(Illuminate\\Http\\Request))
#63 {main}
"} 
[2021-07-19 18:54:17] local.ERROR: file_put_contents(A:\laragon\www\newsportal\storage\framework\views/586248950626724bb1f966444695ee13b153f512.php): failed to open stream: No such file or directory {"exception":"[object] (ErrorException(code: 0): file_put_contents(A:\\laragon\\www\
ewsportal\\storage\\framework\\views/586248950626724bb1f966444695ee13b153f512.php): failed to open stream: No such file or directory at /home/customs1/public_html/projects/newsportal/vendor/laravel/framework/src/Illuminate/Filesystem/Filesystem.php:122)
[stacktrace]
#0 [internal function]: Illuminate\\Foundation\\Bootstrap\\HandleExceptions->handleError(2, 'file_put_conten...', '/home/customs1/...', 122, Array)
#1 /home/customs1/public_html/projects/newsportal/vendor/laravel/framework/src/Illuminate/Filesystem/Filesystem.php(122): file_put_contents('A:\\\\laragon\\\\www\\\\...', '<?php $__env->s...', 0)
#2 /home/customs1/public_html/projects/newsportal/vendor/laravel/framework/src/Illuminate/View/Compilers/BladeCompiler.php(122): Illuminate\\Filesystem\\Filesystem->put('A:\\\\laragon\\\\www\\\\...', '<?php $__env->s...')
#3 /home/customs1/public_html/projects/newsportal/vendor/laravel/framework/src/Illuminate/View/Engines/CompilerEngine.php(51): Illuminate\\View\\Compilers\\BladeCompiler->compile('/home/customs1/...')
#4 /home/customs1/public_html/projects/newsportal/vendor/laravel/framework/src/Illuminate/View/View.php(142): Illuminate\\View\\Engines\\CompilerEngine->get('/home/customs1/...', Array)
#5 /home/customs1/public_html/projects/newsportal/vendor/laravel/framework/src/Illuminate/View/View.php(125): Illuminate\\View\\View->getContents()
#6 /home/customs1/public_html/projects/newsportal/vendor/laravel/framework/src/Illuminate/View/View.php(90): Illuminate\\View\\View->renderContents()
#7 /home/customs1/public_html/projects/newsportal/vendor/laravel/framework/src/Illuminate/Http/Response.php(42): Illuminate\\View\\View->render()
#8 /home/customs1/public_html/projects/newsportal/vendor/symfony/http-foundation/Response.php(205): Illuminate\\Http\\Response->setContent(Object(Illuminate\\View\\View))
#9 /home/customs1/public_html/projects/newsportal/vendor/laravel/framework/src/Illuminate/Routing/ResponseFactory.php(55): Symfony\\Component\\HttpFoundation\\Response->__construct(Object(Illuminate\\View\\View), 500, Array)
#10 /home/customs1/public_html/projects/newsportal/vendor/laravel/framework/src/Illuminate/Routing/ResponseFactory.php(81): Illuminate\\Routing\\ResponseFactory->make(Object(Illuminate\\View\\View), 500, Array)
#11 /home/customs1/public_html/projects/newsportal/vendor/laravel/framework/src/Illuminate/Foundation/Exceptions/Handler.php(380): Illuminate\\Routing\\ResponseFactory->view('errors::500', Array, 500, Array)
#12 /home/customs1/public_html/projects/newsportal/vendor/laravel/framework/src/Illuminate/Foundation/Exceptions/Handler.php(289): Illuminate\\Foundation\\Exceptions\\Handler->renderHttpException(Object(Symfony\\Component\\HttpKernel\\Exception\\HttpException))
#13 /home/customs1/public_html/projects/newsportal/vendor/laravel/framework/src/Illuminate/Foundation/Exceptions/Handler.php(188): Illuminate\\Foundation\\Exceptions\\Handler->prepareResponse(Object(Illuminate\\Http\\Request), Object(Symfony\\Component\\HttpKernel\\Exception\\HttpException))
#14 /home/customs1/public_html/projects/newsportal/app/Exceptions/Handler.php(49): Illuminate\\Foundation\\Exceptions\\Handler->render(Object(Illuminate\\Http\\Request), Object(Illuminate\\Database\\QueryException))
#15 /home/customs1/public_html/projects/newsportal/vendor/laravel/framework/src/Illuminate/Routing/Pipeline.php(83): App\\Exceptions\\Handler->render(Object(Illuminate\\Http\\Request), Object(Illuminate\\Database\\QueryException))
#16 /home/customs1/public_html/projects/newsportal/vendor/laravel/framework/src/Illuminate/Routing/Pipeline.php(32): Illuminate\\Routing\\Pipeline->handleException(Object(Illuminate\\Http\\Request), Object(Illuminate\\Database\\QueryException))
#17 /home/customs1/public_html/projects/newsportal/vendor/laravel/framework/src/Illuminate/Routing/Middleware/SubstituteBindings.php(41): Illuminate\\Routing\\Pipeline->Illuminate\\Routing\\{closure}(Object(Illuminate\\Http\\Request))
#18 /home/customs1/public_html/projects/newsportal/vendor/laravel/framework/src/Illuminate/Pipeline/Pipeline.php(163): Illuminate\\Routing\\Middleware\\SubstituteBindings->handle(Object(Illuminate\\Http\\Request), Object(Closure))
#19 /home/customs1/public_html/projects/newsportal/vendor/laravel/framework/src/Illuminate/Routing/Pipeline.php(53): Illuminate\\Pipeline\\Pipeline->Illuminate\\Pipeline\\{closure}(Object(Illuminate\\Http\\Request))
#20 /home/customs1/public_html/projects/newsportal/vendor/laravel/framework/src/Illuminate/Foundation/Http/Middleware/VerifyCsrfToken.php(75): Illuminate\\Routing\\Pipeline->Illuminate\\Routing\\{closure}(Object(Illuminate\\Http\\Request))
#21 /home/customs1/public_html/projects/newsportal/vendor/laravel/framework/src/Illuminate/Pipeline/Pipeline.php(163): Illuminate\\Foundation\\Http\\Middleware\\VerifyCsrfToken->handle(Object(Illuminate\\Http\\Request), Object(Closure))
#22 /home/customs1/public_html/projects/newsportal/vendor/laravel/framework/src/Illuminate/Routing/Pipeline.php(53): Illuminate\\Pipeline\\Pipeline->Illuminate\\Pipeline\\{closure}(Object(Illuminate\\Http\\Request))
#23 /home/customs1/public_html/projects/newsportal/vendor/laravel/framework/src/Illuminate/View/Middleware/ShareErrorsFromSession.php(49): Illuminate\\Routing\\Pipeline->Illuminate\\Routing\\{closure}(Object(Illuminate\\Http\\Request))
#24 /home/customs1/public_html/projects/newsportal/vendor/laravel/framework/src/Illuminate/Pipeline/Pipeline.php(163): Illuminate\\View\\Middleware\\ShareErrorsFromSession->handle(Object(Illuminate\\Http\\Request), Object(Closure))
#25 /home/customs1/public_html/projects/newsportal/vendor/laravel/framework/src/Illuminate/Routing/Pipeline.php(53): Illuminate\\Pipeline\\Pipeline->Illuminate\\Pipeline\\{closure}(Object(Illuminate\\Http\\Request))
#26 /home/customs1/public_html/projects/newsportal/vendor/laravel/framework/src/Illuminate/Session/Middleware/StartSession.php(63): Illuminate\\Routing\\Pipeline->Illuminate\\Routing\\{closure}(Object(Illuminate\\Http\\Request))
#27 /home/customs1/public_html/projects/newsportal/vendor/laravel/framework/src/Illuminate/Pipeline/Pipeline.php(163): Illuminate\\Session\\Middleware\\StartSession->handle(Object(Illuminate\\Http\\Request), Object(Closure))
#28 /home/customs1/public_html/projects/newsportal/vendor/laravel/framework/src/Illuminate/Routing/Pipeline.php(53): Illuminate\\Pipeline\\Pipeline->Illuminate\\Pipeline\\{closure}(Object(Illuminate\\Http\\Request))
#29 /home/customs1/public_html/projects/newsportal/vendor/laravel/framework/src/Illuminate/Cookie/Middleware/AddQueuedCookiesToResponse.php(37): Illuminate\\Routing\\Pipeline->Illuminate\\Routing\\{closure}(Object(Illuminate\\Http\\Request))
#30 /home/customs1/public_html/projects/newsportal/vendor/laravel/framework/src/Illuminate/Pipeline/Pipeline.php(163): Illuminate\\Cookie\\Middleware\\AddQueuedCookiesToResponse->handle(Object(Illuminate\\Http\\Request), Object(Closure))
#31 /home/customs1/public_html/projects/newsportal/vendor/laravel/framework/src/Illuminate/Routing/Pipeline.php(53): Illuminate\\Pipeline\\Pipeline->Illuminate\\Pipeline\\{closure}(Object(Illuminate\\Http\\Request))
#32 /home/customs1/public_html/projects/newsportal/vendor/laravel/framework/src/Illuminate/Cookie/Middleware/EncryptCookies.php(66): Illuminate\\Routing\\Pipeline->Illuminate\\Routing\\{closure}(Object(Illuminate\\Http\\Request))
#33 /home/customs1/public_html/projects/newsportal/vendor/laravel/framework/src/Illuminate/Pipeline/Pipeline.php(163): Illuminate\\Cookie\\Middleware\\EncryptCookies->handle(Object(Illuminate\\Http\\Request), Object(Closure))
#34 /home/customs1/public_html/projects/newsportal/vendor/laravel/framework/src/Illuminate/Routing/Pipeline.php(53): Illuminate\\Pipeline\\Pipeline->Illuminate\\Pipeline\\{closure}(Object(Illuminate\\Http\\Request))
#35 /home/customs1/public_html/projects/newsportal/vendor/laravel/framework/src/Illuminate/Pipeline/Pipeline.php(104): Illuminate\\Routing\\Pipeline->Illuminate\\Routing\\{closure}(Object(Illuminate\\Http\\Request))
#36 /home/customs1/public_html/projects/newsportal/vendor/laravel/framework/src/Illuminate/Routing/Router.php(684): Illuminate\\Pipeline\\Pipeline->then(Object(Closure))
#37 /home/customs1/public_html/projects/newsportal/vendor/laravel/framework/src/Illuminate/Routing/Router.php(659): Illuminate\\Routing\\Router->runRouteWithinStack(Object(Illuminate\\Routing\\Route), Object(Illuminate\\Http\\Request))
#38 /home/customs1/public_html/projects/newsportal/vendor/laravel/framework/src/Illuminate/Routing/Router.php(625): Illuminate\\Routing\\Router->runRoute(Object(Illuminate\\Http\\Request), Object(Illuminate\\Routing\\Route))
#39 /home/customs1/public_html/projects/newsportal/vendor/laravel/framework/src/Illuminate/Routing/Router.php(614): Illuminate\\Routing\\Router->dispatchToRoute(Object(Illuminate\\Http\\Request))
#40 /home/customs1/public_html/projects/newsportal/vendor/laravel/framework/src/Illuminate/Foundation/Http/Kernel.php(176): Illuminate\\Routing\\Router->dispatch(Object(Illuminate\\Http\\Request))
#41 /home/customs1/public_html/projects/newsportal/vendor/laravel/framework/src/Illuminate/Routing/Pipeline.php(30): Illuminate\\Foundation\\Http\\Kernel->Illuminate\\Foundation\\Http\\{closure}(Object(Illuminate\\Http\\Request))
#42 /home/customs1/public_html/projects/newsportal/vendor/barryvdh/laravel-debugbar/src/Middleware/InjectDebugbar.php(58): Illuminate\\Routing\\Pipeline->Illuminate\\Routing\\{closure}(Object(Illuminate\\Http\\Request))
#43 /home/customs1/public_html/projects/newsportal/vendor/laravel/framework/src/Illuminate/Pipeline/Pipeline.php(163): Barryvdh\\Debugbar\\Middleware\\InjectDebugbar->handle(Object(Illuminate\\Http\\Request), Object(Closure))
#44 /home/customs1/public_html/projects/newsportal/vendor/laravel/framework/src/Illuminate/Routing/Pipeline.php(53): Illuminate\\Pipeline\\Pipeline->Illuminate\\Pipeline\\{closure}(Object(Illuminate\\Http\\Request))
#45 /home/customs1/public_html/projects/newsportal/vendor/fideloper/proxy/src/TrustProxies.php(57): Illuminate\\Routing\\Pipeline->Illuminate\\Routing\\{closure}(Object(Illuminate\\Http\\Request))
#46 /home/customs1/public_html/projects/newsportal/vendor/laravel/framework/src/Illuminate/Pipeline/Pipeline.php(163): Fideloper\\Proxy\\TrustProxies->handle(Object(Illuminate\\Http\\Request), Object(Closure))
#47 /home/customs1/public_html/projects/newsportal/vendor/laravel/framework/src/Illuminate/Routing/Pipeline.php(53): Illuminate\\Pipeline\\Pipeline->Illuminate\\Pipeline\\{closure}(Object(Illuminate\\Http\\Request))
#48 /home/customs1/public_html/projects/newsportal/vendor/laravel/framework/src/Illuminate/Foundation/Http/Middleware/TransformsRequest.php(31): Illuminate\\Routing\\Pipeline->Illuminate\\Routing\\{closure}(Object(Illuminate\\Http\\Request))
#49 /home/customs1/public_html/projects/newsportal/vendor/laravel/framework/src/Illuminate/Pipeline/Pipeline.php(163): Illuminate\\Foundation\\Http\\Middleware\\TransformsRequest->handle(Object(Illuminate\\Http\\Request), Object(Closure))
#50 /home/customs1/public_html/projects/newsportal/vendor/laravel/framework/src/Illuminate/Routing/Pipeline.php(53): Illuminate\\Pipeline\\Pipeline->Illuminate\\Pipeline\\{closure}(Object(Illuminate\\Http\\Request))
#51 /home/customs1/public_html/projects/newsportal/vendor/laravel/framework/src/Illuminate/Foundation/Http/Middleware/TransformsRequest.php(31): Illuminate\\Routing\\Pipeline->Illuminate\\Routing\\{closure}(Object(Illuminate\\Http\\Request))
#52 /home/customs1/public_html/projects/newsportal/vendor/laravel/framework/src/Illuminate/Pipeline/Pipeline.php(163): Illuminate\\Foundation\\Http\\Middleware\\TransformsRequest->handle(Object(Illuminate\\Http\\Request), Object(Closure))
#53 /home/customs1/public_html/projects/newsportal/vendor/laravel/framework/src/Illuminate/Routing/Pipeline.php(53): Illuminate\\Pipeline\\Pipeline->Illuminate\\Pipeline\\{closure}(Object(Illuminate\\Http\\Request))
#54 /home/customs1/public_html/projects/newsportal/vendor/laravel/framework/src/Illuminate/Foundation/Http/Middleware/ValidatePostSize.php(27): Illuminate\\Routing\\Pipeline->Illuminate\\Routing\\{closure}(Object(Illuminate\\Http\\Request))
#55 /home/customs1/public_html/projects/newsportal/vendor/laravel/framework/src/Illuminate/Pipeline/Pipeline.php(163): Illuminate\\Foundation\\Http\\Middleware\\ValidatePostSize->handle(Object(Illuminate\\Http\\Request), Object(Closure))
#56 /home/customs1/public_html/projects/newsportal/vendor/laravel/framework/src/Illuminate/Routing/Pipeline.php(53): Illuminate\\Pipeline\\Pipeline->Illuminate\\Pipeline\\{closure}(Object(Illuminate\\Http\\Request))
#57 /home/customs1/public_html/projects/newsportal/vendor/laravel/framework/src/Illuminate/Foundation/Http/Middleware/CheckForMaintenanceMode.php(62): Illuminate\\Routing\\Pipeline->Illuminate\\Routing\\{closure}(Object(Illuminate\\Http\\Request))
#58 /home/customs1/public_html/projects/newsportal/vendor/laravel/framework/src/Illuminate/Pipeline/Pipeline.php(163): Illuminate\\Foundation\\Http\\Middleware\\CheckForMaintenanceMode->handle(Object(Illuminate\\Http\\Request), Object(Closure))
#59 /home/customs1/public_html/projects/newsportal/vendor/laravel/framework/src/Illuminate/Routing/Pipeline.php(53): Illuminate\\Pipeline\\Pipeline->Illuminate\\Pipeline\\{closure}(Object(Illuminate\\Http\\Request))
#60 /home/customs1/public_html/projects/newsportal/vendor/laravel/framework/src/Illuminate/Pipeline/Pipeline.php(104): Illuminate\\Routing\\Pipeline->Illuminate\\Routing\\{closure}(Object(Illuminate\\Http\\Request))
#61 /home/customs1/public_html/projects/newsportal/vendor/laravel/framework/src/Illuminate/Foundation/Http/Kernel.php(151): Illuminate\\Pipeline\\Pipeline->then(Object(Closure))
#62 /home/customs1/public_html/projects/newsportal/vendor/laravel/framework/src/Illuminate/Foundation/Http/Kernel.php(116): Illuminate\\Foundation\\Http\\Kernel->sendRequestThroughRouter(Object(Illuminate\\Http\\Request))
#63 /home/customs1/public_html/projects/newsportal/public/index.php(55): Illuminate\\Foundation\\Http\\Kernel->handle(Object(Illuminate\\Http\\Request))
#64 {main}
"} 
[2021-07-19 18:54:17] local.ERROR: file_put_contents(A:\laragon\www\newsportal\storage\framework\views/586248950626724bb1f966444695ee13b153f512.php): failed to open stream: No such file or directory {"exception":"[object] (ErrorException(code: 0): file_put_contents(A:\\laragon\\www\
ewsportal\\storage\\framework\\views/586248950626724bb1f966444695ee13b153f512.php): failed to open stream: No such file or directory at /home/customs1/public_html/projects/newsportal/vendor/laravel/framework/src/Illuminate/Filesystem/Filesystem.php:122)
[stacktrace]
#0 [internal function]: Illuminate\\Foundation\\Bootstrap\\HandleExceptions->handleError(2, 'file_put_conten...', '/home/customs1/...', 122, Array)
#1 /home/customs1/public_html/projects/newsportal/vendor/laravel/framework/src/Illuminate/Filesystem/Filesystem.php(122): file_put_contents('A:\\\\laragon\\\\www\\\\...', '<?php $__env->s...', 0)
#2 /home/customs1/public_html/projects/newsportal/vendor/laravel/framework/src/Illuminate/View/Compilers/BladeCompiler.php(122): Illuminate\\Filesystem\\Filesystem->put('A:\\\\laragon\\\\www\\\\...', '<?php $__env->s...')
#3 /home/customs1/public_html/projects/newsportal/vendor/laravel/framework/src/Illuminate/View/Engines/CompilerEngine.php(51): Illuminate\\View\\Compilers\\BladeCompiler->compile('/home/customs1/...')
#4 /home/customs1/public_html/projects/newsportal/vendor/laravel/framework/src/Illuminate/View/View.php(142): Illuminate\\View\\Engines\\CompilerEngine->get('/home/customs1/...', Array)
#5 /home/customs1/public_html/projects/newsportal/vendor/laravel/framework/src/Illuminate/View/View.php(125): Illuminate\\View\\View->getContents()
#6 /home/customs1/public_html/projects/newsportal/vendor/laravel/framework/src/Illuminate/View/View.php(90): Illuminate\\View\\View->renderContents()
#7 /home/customs1/public_html/projects/newsportal/vendor/laravel/framework/src/Illuminate/Http/Response.php(42): Illuminate\\View\\View->render()
#8 /home/customs1/public_html/projects/newsportal/vendor/symfony/http-foundation/Response.php(205): Illuminate\\Http\\Response->setContent(Object(Illuminate\\View\\View))
#9 /home/customs1/public_html/projects/newsportal/vendor/laravel/framework/src/Illuminate/Routing/ResponseFactory.php(55): Symfony\\Component\\HttpFoundation\\Response->__construct(Object(Illuminate\\View\\View), 500, Array)
#10 /home/customs1/public_html/projects/newsportal/vendor/laravel/framework/src/Illuminate/Routing/ResponseFactory.php(81): Illuminate\\Routing\\ResponseFactory->make(Object(Illuminate\\View\\View), 500, Array)
#11 /home/customs1/public_html/projects/newsportal/vendor/laravel/framework/src/Illuminate/Foundation/Exceptions/Handler.php(380): Illuminate\\Routing\\ResponseFactory->view('errors::500', Array, 500, Array)
#12 /home/customs1/public_html/projects/newsportal/vendor/laravel/framework/src/Illuminate/Foundation/Exceptions/Handler.php(289): Illuminate\\Foundation\\Exceptions\\Handler->renderHttpException(Object(Symfony\\Component\\HttpKernel\\Exception\\HttpException))
#13 /home/customs1/public_html/projects/newsportal/vendor/laravel/framework/src/Illuminate/Foundation/Exceptions/Handler.php(188): Illuminate\\Foundation\\Exceptions\\Handler->prepareResponse(Object(Illuminate\\Http\\Request), Object(Symfony\\Component\\HttpKernel\\Exception\\HttpException))
#14 /home/customs1/public_html/projects/newsportal/app/Exceptions/Handler.php(49): Illuminate\\Foundation\\Exceptions\\Handler->render(Object(Illuminate\\Http\\Request), Object(ErrorException))
#15 /home/customs1/public_html/projects/newsportal/vendor/laravel/framework/src/Illuminate/Routing/Pipeline.php(83): App\\Exceptions\\Handler->render(Object(Illuminate\\Http\\Request), Object(ErrorException))
#16 /home/customs1/public_html/projects/newsportal/vendor/laravel/framework/src/Illuminate/Routing/Pipeline.php(55): Illuminate\\Routing\\Pipeline->handleException(Object(Illuminate\\Http\\Request), Object(ErrorException))
#17 /home/customs1/public_html/projects/newsportal/vendor/laravel/framework/src/Illuminate/Foundation/Http/Middleware/VerifyCsrfToken.php(75): Illuminate\\Routing\\Pipeline->Illuminate\\Routing\\{closure}(Object(Illuminate\\Http\\Request))
#18 /home/customs1/public_html/projects/newsportal/vendor/laravel/framework/src/Illuminate/Pipeline/Pipeline.php(163): Illuminate\\Foundation\\Http\\Middleware\\VerifyCsrfToken->handle(Object(Illuminate\\Http\\Request), Object(Closure))
#19 /home/customs1/public_html/projects/newsportal/vendor/laravel/framework/src/Illuminate/Routing/Pipeline.php(53): Illuminate\\Pipeline\\Pipeline->Illuminate\\Pipeline\\{closure}(Object(Illuminate\\Http\\Request))
#20 /home/customs1/public_html/projects/newsportal/vendor/laravel/framework/src/Illuminate/View/Middleware/ShareErrorsFromSession.php(49): Illuminate\\Routing\\Pipeline->Illuminate\\Routing\\{closure}(Object(Illuminate\\Http\\Request))
#21 /home/customs1/public_html/projects/newsportal/vendor/laravel/framework/src/Illuminate/Pipeline/Pipeline.php(163): Illuminate\\View\\Middleware\\ShareErrorsFromSession->handle(Object(Illuminate\\Http\\Request), Object(Closure))
#22 /home/customs1/public_html/projects/newsportal/vendor/laravel/framework/src/Illuminate/Routing/Pipeline.php(53): Illuminate\\Pipeline\\Pipeline->Illuminate\\Pipeline\\{closure}(Object(Illuminate\\Http\\Request))
#23 /home/customs1/public_html/projects/newsportal/vendor/laravel/framework/src/Illuminate/Session/Middleware/StartSession.php(63): Illuminate\\Routing\\Pipeline->Illuminate\\Routing\\{closure}(Object(Illuminate\\Http\\Request))
#24 /home/customs1/public_html/projects/newsportal/vendor/laravel/framework/src/Illuminate/Pipeline/Pipeline.php(163): Illuminate\\Session\\Middleware\\StartSession->handle(Object(Illuminate\\Http\\Request), Object(Closure))
#25 /home/customs1/public_html/projects/newsportal/vendor/laravel/framework/src/Illuminate/Routing/Pipeline.php(53): Illuminate\\Pipeline\\Pipeline->Illuminate\\Pipeline\\{closure}(Object(Illuminate\\Http\\Request))
#26 /home/customs1/public_html/projects/newsportal/vendor/laravel/framework/src/Illuminate/Cookie/Middleware/AddQueuedCookiesToResponse.php(37): Illuminate\\Routing\\Pipeline->Illuminate\\Routing\\{closure}(Object(Illuminate\\Http\\Request))
#27 /home/customs1/public_html/projects/newsportal/vendor/laravel/framework/src/Illuminate/Pipeline/Pipeline.php(163): Illuminate\\Cookie\\Middleware\\AddQueuedCookiesToResponse->handle(Object(Illuminate\\Http\\Request), Object(Closure))
#28 /home/customs1/public_html/projects/newsportal/vendor/laravel/framework/src/Illuminate/Routing/Pipeline.php(53): Illuminate\\Pipeline\\Pipeline->Illuminate\\Pipeline\\{closure}(Object(Illuminate\\Http\\Request))
#29 /home/customs1/public_html/projects/newsportal/vendor/laravel/framework/src/Illuminate/Cookie/Middleware/EncryptCookies.php(66): Illuminate\\Routing\\Pipeline->Illuminate\\Routing\\{closure}(Object(Illuminate\\Http\\Request))
#30 /home/customs1/public_html/projects/newsportal/vendor/laravel/framework/src/Illuminate/Pipeline/Pipeline.php(163): Illuminate\\Cookie\\Middleware\\EncryptCookies->handle(Object(Illuminate\\Http\\Request), Object(Closure))
#31 /home/customs1/public_html/projects/newsportal/vendor/laravel/framework/src/Illuminate/Routing/Pipeline.php(53): Illuminate\\Pipeline\\Pipeline->Illuminate\\Pipeline\\{closure}(Object(Illuminate\\Http\\Request))
#32 /home/customs1/public_html/projects/newsportal/vendor/laravel/framework/src/Illuminate/Pipeline/Pipeline.php(104): Illuminate\\Routing\\Pipeline->Illuminate\\Routing\\{closure}(Object(Illuminate\\Http\\Request))
#33 /home/customs1/public_html/projects/newsportal/vendor/laravel/framework/src/Illuminate/Routing/Router.php(684): Illuminate\\Pipeline\\Pipeline->then(Object(Closure))
#34 /home/customs1/public_html/projects/newsportal/vendor/laravel/framework/src/Illuminate/Routing/Router.php(659): Illuminate\\Routing\\Router->runRouteWithinStack(Object(Illuminate\\Routing\\Route), Object(Illuminate\\Http\\Request))
#35 /home/customs1/public_html/projects/newsportal/vendor/laravel/framework/src/Illuminate/Routing/Router.php(625): Illuminate\\Routing\\Router->runRoute(Object(Illuminate\\Http\\Request), Object(Illuminate\\Routing\\Route))
#36 /home/customs1/public_html/projects/newsportal/vendor/laravel/framework/src/Illuminate/Routing/Router.php(614): Illuminate\\Routing\\Router->dispatchToRoute(Object(Illuminate\\Http\\Request))
#37 /home/customs1/public_html/projects/newsportal/vendor/laravel/framework/src/Illuminate/Foundation/Http/Kernel.php(176): Illuminate\\Routing\\Router->dispatch(Object(Illuminate\\Http\\Request))
#38 /home/customs1/public_html/projects/newsportal/vendor/laravel/framework/src/Illuminate/Routing/Pipeline.php(30): Illuminate\\Foundation\\Http\\Kernel->Illuminate\\Foundation\\Http\\{closure}(Object(Illuminate\\Http\\Request))
#39 /home/customs1/public_html/projects/newsportal/vendor/barryvdh/laravel-debugbar/src/Middleware/InjectDebugbar.php(58): Illuminate\\Routing\\Pipeline->Illuminate\\Routing\\{closure}(Object(Illuminate\\Http\\Request))
#40 /home/customs1/public_html/projects/newsportal/vendor/laravel/framework/src/Illuminate/Pipeline/Pipeline.php(163): Barryvdh\\Debugbar\\Middleware\\InjectDebugbar->handle(Object(Illuminate\\Http\\Request), Object(Closure))
#41 /home/customs1/public_html/projects/newsportal/vendor/laravel/framework/src/Illuminate/Routing/Pipeline.php(53): Illuminate\\Pipeline\\Pipeline->Illuminate\\Pipeline\\{closure}(Object(Illuminate\\Http\\Request))
#42 /home/customs1/public_html/projects/newsportal/vendor/fideloper/proxy/src/TrustProxies.php(57): Illuminate\\Routing\\Pipeline->Illuminate\\Routing\\{closure}(Object(Illuminate\\Http\\Request))
#43 /home/customs1/public_html/projects/newsportal/vendor/laravel/framework/src/Illuminate/Pipeline/Pipeline.php(163): Fideloper\\Proxy\\TrustProxies->handle(Object(Illuminate\\Http\\Request), Object(Closure))
#44 /home/customs1/public_html/projects/newsportal/vendor/laravel/framework/src/Illuminate/Routing/Pipeline.php(53): Illuminate\\Pipeline\\Pipeline->Illuminate\\Pipeline\\{closure}(Object(Illuminate\\Http\\Request))
#45 /home/customs1/public_html/projects/newsportal/vendor/laravel/framework/src/Illuminate/Foundation/Http/Middleware/TransformsRequest.php(31): Illuminate\\Routing\\Pipeline->Illuminate\\Routing\\{closure}(Object(Illuminate\\Http\\Request))
#46 /home/customs1/public_html/projects/newsportal/vendor/laravel/framework/src/Illuminate/Pipeline/Pipeline.php(163): Illuminate\\Foundation\\Http\\Middleware\\TransformsRequest->handle(Object(Illuminate\\Http\\Request), Object(Closure))
#47 /home/customs1/public_html/projects/newsportal/vendor/laravel/framework/src/Illuminate/Routing/Pipeline.php(53): Illuminate\\Pipeline\\Pipeline->Illuminate\\Pipeline\\{closure}(Object(Illuminate\\Http\\Request))
#48 /home/customs1/public_html/projects/newsportal/vendor/laravel/framework/src/Illuminate/Foundation/Http/Middleware/TransformsRequest.php(31): Illuminate\\Routing\\Pipeline->Illuminate\\Routing\\{closure}(Object(Illuminate\\Http\\Request))
#49 /home/customs1/public_html/projects/newsportal/vendor/laravel/framework/src/Illuminate/Pipeline/Pipeline.php(163): Illuminate\\Foundation\\Http\\Middleware\\TransformsRequest->handle(Object(Illuminate\\Http\\Request), Object(Closure))
#50 /home/customs1/public_html/projects/newsportal/vendor/laravel/framework/src/Illuminate/Routing/Pipeline.php(53): Illuminate\\Pipeline\\Pipeline->Illuminate\\Pipeline\\{closure}(Object(Illuminate\\Http\\Request))
#51 /home/customs1/public_html/projects/newsportal/vendor/laravel/framework/src/Illuminate/Foundation/Http/Middleware/ValidatePostSize.php(27): Illuminate\\Routing\\Pipeline->Illuminate\\Routing\\{closure}(Object(Illuminate\\Http\\Request))
#52 /home/customs1/public_html/projects/newsportal/vendor/laravel/framework/src/Illuminate/Pipeline/Pipeline.php(163): Illuminate\\Foundation\\Http\\Middleware\\ValidatePostSize->handle(Object(Illuminate\\Http\\Request), Object(Closure))
#53 /home/customs1/public_html/projects/newsportal/vendor/laravel/framework/src/Illuminate/Routing/Pipeline.php(53): Illuminate\\Pipeline\\Pipeline->Illuminate\\Pipeline\\{closure}(Object(Illuminate\\Http\\Request))
#54 /home/customs1/public_html/projects/newsportal/vendor/laravel/framework/src/Illuminate/Foundation/Http/Middleware/CheckForMaintenanceMode.php(62): Illuminate\\Routing\\Pipeline->Illuminate\\Routing\\{closure}(Object(Illuminate\\Http\\Request))
#55 /home/customs1/public_html/projects/newsportal/vendor/laravel/framework/src/Illuminate/Pipeline/Pipeline.php(163): Illuminate\\Foundation\\Http\\Middleware\\CheckForMaintenanceMode->handle(Object(Illuminate\\Http\\Request), Object(Closure))
#56 /home/customs1/public_html/projects/newsportal/vendor/laravel/framework/src/Illuminate/Routing/Pipeline.php(53): Illuminate\\Pipeline\\Pipeline->Illuminate\\Pipeline\\{closure}(Object(Illuminate\\Http\\Request))
#57 /home/customs1/public_html/projects/newsportal/vendor/laravel/framework/src/Illuminate/Pipeline/Pipeline.php(104): Illuminate\\Routing\\Pipeline->Illuminate\\Routing\\{closure}(Object(Illuminate\\Http\\Request))
#58 /home/customs1/public_html/projects/newsportal/vendor/laravel/framework/src/Illuminate/Foundation/Http/Kernel.php(151): Illuminate\\Pipeline\\Pipeline->then(Object(Closure))
#59 /home/customs1/public_html/projects/newsportal/vendor/laravel/framework/src/Illuminate/Foundation/Http/Kernel.php(116): Illuminate\\Foundation\\Http\\Kernel->sendRequestThroughRouter(Object(Illuminate\\Http\\Request))
#60 /home/customs1/public_html/projects/newsportal/public/index.php(55): Illuminate\\Foundation\\Http\\Kernel->handle(Object(Illuminate\\Http\\Request))
#61 {main}
"} 
[2021-07-19 18:54:17] local.ERROR: file_put_contents(A:\laragon\www\newsportal\storage\framework\views/586248950626724bb1f966444695ee13b153f512.php): failed to open stream: No such file or directory {"exception":"[object] (ErrorException(code: 0): file_put_contents(A:\\laragon\\www\
ewsportal\\storage\\framework\\views/586248950626724bb1f966444695ee13b153f512.php): failed to open stream: No such file or directory at /home/customs1/public_html/projects/newsportal/vendor/laravel/framework/src/Illuminate/Filesystem/Filesystem.php:122)
[stacktrace]
#0 [internal function]: Illuminate\\Foundation\\Bootstrap\\HandleExceptions->handleError(2, 'file_put_conten...', '/home/customs1/...', 122, Array)
#1 /home/customs1/public_html/projects/newsportal/vendor/laravel/framework/src/Illuminate/Filesystem/Filesystem.php(122): file_put_contents('A:\\\\laragon\\\\www\\\\...', '<?php $__env->s...', 0)
#2 /home/customs1/public_html/projects/newsportal/vendor/laravel/framework/src/Illuminate/View/Compilers/BladeCompiler.php(122): Illuminate\\Filesystem\\Filesystem->put('A:\\\\laragon\\\\www\\\\...', '<?php $__env->s...')
#3 /home/customs1/public_html/projects/newsportal/vendor/laravel/framework/src/Illuminate/View/Engines/CompilerEngine.php(51): Illuminate\\View\\Compilers\\BladeCompiler->compile('/home/customs1/...')
#4 /home/customs1/public_html/projects/newsportal/vendor/laravel/framework/src/Illuminate/View/View.php(142): Illuminate\\View\\Engines\\CompilerEngine->get('/home/customs1/...', Array)
#5 /home/customs1/public_html/projects/newsportal/vendor/laravel/framework/src/Illuminate/View/View.php(125): Illuminate\\View\\View->getContents()
#6 /home/customs1/public_html/projects/newsportal/vendor/laravel/framework/src/Illuminate/View/View.php(90): Illuminate\\View\\View->renderContents()
#7 /home/customs1/public_html/projects/newsportal/vendor/laravel/framework/src/Illuminate/Http/Response.php(42): Illuminate\\View\\View->render()
#8 /home/customs1/public_html/projects/newsportal/vendor/symfony/http-foundation/Response.php(205): Illuminate\\Http\\Response->setContent(Object(Illuminate\\View\\View))
#9 /home/customs1/public_html/projects/newsportal/vendor/laravel/framework/src/Illuminate/Routing/ResponseFactory.php(55): Symfony\\Component\\HttpFoundation\\Response->__construct(Object(Illuminate\\View\\View), 500, Array)
#10 /home/customs1/public_html/projects/newsportal/vendor/laravel/framework/src/Illuminate/Routing/ResponseFactory.php(81): Illuminate\\Routing\\ResponseFactory->make(Object(Illuminate\\View\\View), 500, Array)
#11 /home/customs1/public_html/projects/newsportal/vendor/laravel/framework/src/Illuminate/Foundation/Exceptions/Handler.php(380): Illuminate\\Routing\\ResponseFactory->view('errors::500', Array, 500, Array)
#12 /home/customs1/public_html/projects/newsportal/vendor/laravel/framework/src/Illuminate/Foundation/Exceptions/Handler.php(289): Illuminate\\Foundation\\Exceptions\\Handler->renderHttpException(Object(Symfony\\Component\\HttpKernel\\Exception\\HttpException))
#13 /home/customs1/public_html/projects/newsportal/vendor/laravel/framework/src/Illuminate/Foundation/Exceptions/Handler.php(188): Illuminate\\Foundation\\Exceptions\\Handler->prepareResponse(Object(Illuminate\\Http\\Request), Object(Symfony\\Component\\HttpKernel\\Exception\\HttpException))
#14 /home/customs1/public_html/projects/newsportal/app/Exceptions/Handler.php(49): Illuminate\\Foundation\\Exceptions\\Handler->render(Object(Illuminate\\Http\\Request), Object(ErrorException))
#15 /home/customs1/public_html/projects/newsportal/vendor/laravel/framework/src/Illuminate/Routing/Pipeline.php(83): App\\Exceptions\\Handler->render(Object(Illuminate\\Http\\Request), Object(ErrorException))
#16 /home/customs1/public_html/projects/newsportal/vendor/laravel/framework/src/Illuminate/Routing/Pipeline.php(55): Illuminate\\Routing\\Pipeline->handleException(Object(Illuminate\\Http\\Request), Object(ErrorException))
#17 /home/customs1/public_html/projects/newsportal/vendor/laravel/framework/src/Illuminate/View/Middleware/ShareErrorsFromSession.php(49): Illuminate\\Routing\\Pipeline->Illuminate\\Routing\\{closure}(Object(Illuminate\\Http\\Request))
#18 /home/customs1/public_html/projects/newsportal/vendor/laravel/framework/src/Illuminate/Pipeline/Pipeline.php(163): Illuminate\\View\\Middleware\\ShareErrorsFromSession->handle(Object(Illuminate\\Http\\Request), Object(Closure))
#19 /home/customs1/public_html/projects/newsportal/vendor/laravel/framework/src/Illuminate/Routing/Pipeline.php(53): Illuminate\\Pipeline\\Pipeline->Illuminate\\Pipeline\\{closure}(Object(Illuminate\\Http\\Request))
#20 /home/customs1/public_html/projects/newsportal/vendor/laravel/framework/src/Illuminate/Session/Middleware/StartSession.php(63): Illuminate\\Routing\\Pipeline->Illuminate\\Routing\\{closure}(Object(Illuminate\\Http\\Request))
#21 /home/customs1/public_html/projects/newsportal/vendor/laravel/framework/src/Illuminate/Pipeline/Pipeline.php(163): Illuminate\\Session\\Middleware\\StartSession->handle(Object(Illuminate\\Http\\Request), Object(Closure))
#22 /home/customs1/public_html/projects/newsportal/vendor/laravel/framework/src/Illuminate/Routing/Pipeline.php(53): Illuminate\\Pipeline\\Pipeline->Illuminate\\Pipeline\\{closure}(Object(Illuminate\\Http\\Request))
#23 /home/customs1/public_html/projects/newsportal/vendor/laravel/framework/src/Illuminate/Cookie/Middleware/AddQueuedCookiesToResponse.php(37): Illuminate\\Routing\\Pipeline->Illuminate\\Routing\\{closure}(Object(Illuminate\\Http\\Request))
#24 /home/customs1/public_html/projects/newsportal/vendor/laravel/framework/src/Illuminate/Pipeline/Pipeline.php(163): Illuminate\\Cookie\\Middleware\\AddQueuedCookiesToResponse->handle(Object(Illuminate\\Http\\Request), Object(Closure))
#25 /home/customs1/public_html/projects/newsportal/vendor/laravel/framework/src/Illuminate/Routing/Pipeline.php(53): Illuminate\\Pipeline\\Pipeline->Illuminate\\Pipeline\\{closure}(Object(Illuminate\\Http\\Request))
#26 /home/customs1/public_html/projects/newsportal/vendor/laravel/framework/src/Illuminate/Cookie/Middleware/EncryptCookies.php(66): Illuminate\\Routing\\Pipeline->Illuminate\\Routing\\{closure}(Object(Illuminate\\Http\\Request))
#27 /home/customs1/public_html/projects/newsportal/vendor/laravel/framework/src/Illuminate/Pipeline/Pipeline.php(163): Illuminate\\Cookie\\Middleware\\EncryptCookies->handle(Object(Illuminate\\Http\\Request), Object(Closure))
#28 /home/customs1/public_html/projects/newsportal/vendor/laravel/framework/src/Illuminate/Routing/Pipeline.php(53): Illuminate\\Pipeline\\Pipeline->Illuminate\\Pipeline\\{closure}(Object(Illuminate\\Http\\Request))
#29 /home/customs1/public_html/projects/newsportal/vendor/laravel/framework/src/Illuminate/Pipeline/Pipeline.php(104): Illuminate\\Routing\\Pipeline->Illuminate\\Routing\\{closure}(Object(Illuminate\\Http\\Request))
#30 /home/customs1/public_html/projects/newsportal/vendor/laravel/framework/src/Illuminate/Routing/Router.php(684): Illuminate\\Pipeline\\Pipeline->then(Object(Closure))
#31 /home/customs1/public_html/projects/newsportal/vendor/laravel/framework/src/Illuminate/Routing/Router.php(659): Illuminate\\Routing\\Router->runRouteWithinStack(Object(Illuminate\\Routing\\Route), Object(Illuminate\\Http\\Request))
#32 /home/customs1/public_html/projects/newsportal/vendor/laravel/framework/src/Illuminate/Routing/Router.php(625): Illuminate\\Routing\\Router->runRoute(Object(Illuminate\\Http\\Request), Object(Illuminate\\Routing\\Route))
#33 /home/customs1/public_html/projects/newsportal/vendor/laravel/framework/src/Illuminate/Routing/Router.php(614): Illuminate\\Routing\\Router->dispatchToRoute(Object(Illuminate\\Http\\Request))
#34 /home/customs1/public_html/projects/newsportal/vendor/laravel/framework/src/Illuminate/Foundation/Http/Kernel.php(176): Illuminate\\Routing\\Router->dispatch(Object(Illuminate\\Http\\Request))
#35 /home/customs1/public_html/projects/newsportal/vendor/laravel/framework/src/Illuminate/Routing/Pipeline.php(30): Illuminate\\Foundation\\Http\\Kernel->Illuminate\\Foundation\\Http\\{closure}(Object(Illuminate\\Http\\Request))
#36 /home/customs1/public_html/projects/newsportal/vendor/barryvdh/laravel-debugbar/src/Middleware/InjectDebugbar.php(58): Illuminate\\Routing\\Pipeline->Illuminate\\Routing\\{closure}(Object(Illuminate\\Http\\Request))
#37 /home/customs1/public_html/projects/newsportal/vendor/laravel/framework/src/Illuminate/Pipeline/Pipeline.php(163): Barryvdh\\Debugbar\\Middleware\\InjectDebugbar->handle(Object(Illuminate\\Http\\Request), Object(Closure))
#38 /home/customs1/public_html/projects/newsportal/vendor/laravel/framework/src/Illuminate/Routing/Pipeline.php(53): Illuminate\\Pipeline\\Pipeline->Illuminate\\Pipeline\\{closure}(Object(Illuminate\\Http\\Request))
#39 /home/customs1/public_html/projects/newsportal/vendor/fideloper/proxy/src/TrustProxies.php(57): Illuminate\\Routing\\Pipeline->Illuminate\\Routing\\{closure}(Object(Illuminate\\Http\\Request))
#40 /home/customs1/public_html/projects/newsportal/vendor/laravel/framework/src/Illuminate/Pipeline/Pipeline.php(163): Fideloper\\Proxy\\TrustProxies->handle(Object(Illuminate\\Http\\Request), Object(Closure))
#41 /home/customs1/public_html/projects/newsportal/vendor/laravel/framework/src/Illuminate/Routing/Pipeline.php(53): Illuminate\\Pipeline\\Pipeline->Illuminate\\Pipeline\\{closure}(Object(Illuminate\\Http\\Request))
#42 /home/customs1/public_html/projects/newsportal/vendor/laravel/framework/src/Illuminate/Foundation/Http/Middleware/TransformsRequest.php(31): Illuminate\\Routing\\Pipeline->Illuminate\\Routing\\{closure}(Object(Illuminate\\Http\\Request))
#43 /home/customs1/public_html/projects/newsportal/vendor/laravel/framework/src/Illuminate/Pipeline/Pipeline.php(163): Illuminate\\Foundation\\Http\\Middleware\\TransformsRequest->handle(Object(Illuminate\\Http\\Request), Object(Closure))
#44 /home/customs1/public_html/projects/newsportal/vendor/laravel/framework/src/Illuminate/Routing/Pipeline.php(53): Illuminate\\Pipeline\\Pipeline->Illuminate\\Pipeline\\{closure}(Object(Illuminate\\Http\\Request))
#45 /home/customs1/public_html/projects/newsportal/vendor/laravel/framework/src/Illuminate/Foundation/Http/Middleware/TransformsRequest.php(31): Illuminate\\Routing\\Pipeline->Illuminate\\Routing\\{closure}(Object(Illuminate\\Http\\Request))
#46 /home/customs1/public_html/projects/newsportal/vendor/laravel/framework/src/Illuminate/Pipeline/Pipeline.php(163): Illuminate\\Foundation\\Http\\Middleware\\TransformsRequest->handle(Object(Illuminate\\Http\\Request), Object(Closure))
#47 /home/customs1/public_html/projects/newsportal/vendor/laravel/framework/src/Illuminate/Routing/Pipeline.php(53): Illuminate\\Pipeline\\Pipeline->Illuminate\\Pipeline\\{closure}(Object(Illuminate\\Http\\Request))
#48 /home/customs1/public_html/projects/newsportal/vendor/laravel/framework/src/Illuminate/Foundation/Http/Middleware/ValidatePostSize.php(27): Illuminate\\Routing\\Pipeline->Illuminate\\Routing\\{closure}(Object(Illuminate\\Http\\Request))
#49 /home/customs1/public_html/projects/newsportal/vendor/laravel/framework/src/Illuminate/Pipeline/Pipeline.php(163): Illuminate\\Foundation\\Http\\Middleware\\ValidatePostSize->handle(Object(Illuminate\\Http\\Request), Object(Closure))
#50 /home/customs1/public_html/projects/newsportal/vendor/laravel/framework/src/Illuminate/Routing/Pipeline.php(53): Illuminate\\Pipeline\\Pipeline->Illuminate\\Pipeline\\{closure}(Object(Illuminate\\Http\\Request))
#51 /home/customs1/public_html/projects/newsportal/vendor/laravel/framework/src/Illuminate/Foundation/Http/Middleware/CheckForMaintenanceMode.php(62): Illuminate\\Routing\\Pipeline->Illuminate\\Routing\\{closure}(Object(Illuminate\\Http\\Request))
#52 /home/customs1/public_html/projects/newsportal/vendor/laravel/framework/src/Illuminate/Pipeline/Pipeline.php(163): Illuminate\\Foundation\\Http\\Middleware\\CheckForMaintenanceMode->handle(Object(Illuminate\\Http\\Request), Object(Closure))
#53 /home/customs1/public_html/projects/newsportal/vendor/laravel/framework/src/Illuminate/Routing/Pipeline.php(53): Illuminate\\Pipeline\\Pipeline->Illuminate\\Pipeline\\{closure}(Object(Illuminate\\Http\\Request))
#54 /home/customs1/public_html/projects/newsportal/vendor/laravel/framework/src/Illuminate/Pipeline/Pipeline.php(104): Illuminate\\Routing\\Pipeline->Illuminate\\Routing\\{closure}(Object(Illuminate\\Http\\Request))
#55 /home/customs1/public_html/projects/newsportal/vendor/laravel/framework/src/Illuminate/Foundation/Http/Kernel.php(151): Illuminate\\Pipeline\\Pipeline->then(Object(Closure))
#56 /home/customs1/public_html/projects/newsportal/vendor/laravel/framework/src/Illuminate/Foundation/Http/Kernel.php(116): Illuminate\\Foundation\\Http\\Kernel->sendRequestThroughRouter(Object(Illuminate\\Http\\Request))
#57 /home/customs1/public_html/projects/newsportal/public/index.php(55): Illuminate\\Foundation\\Http\\Kernel->handle(Object(Illuminate\\Http\\Request))
#58 {main}
"} 
[2021-07-19 18:54:17] local.ERROR: file_put_contents(A:\laragon\www\newsportal\storage\framework\views/586248950626724bb1f966444695ee13b153f512.php): failed to open stream: No such file or directory {"exception":"[object] (ErrorException(code: 0): file_put_contents(A:\\laragon\\www\
ewsportal\\storage\\framework\\views/586248950626724bb1f966444695ee13b153f512.php): failed to open stream: No such file or directory at /home/customs1/public_html/projects/newsportal/vendor/laravel/framework/src/Illuminate/Filesystem/Filesystem.php:122)
[stacktrace]
#0 [internal function]: Illuminate\\Foundation\\Bootstrap\\HandleExceptions->handleError(2, 'file_put_conten...', '/home/customs1/...', 122, Array)
#1 /home/customs1/public_html/projects/newsportal/vendor/laravel/framework/src/Illuminate/Filesystem/Filesystem.php(122): file_put_contents('A:\\\\laragon\\\\www\\\\...', '<?php $__env->s...', 0)
#2 /home/customs1/public_html/projects/newsportal/vendor/laravel/framework/src/Illuminate/View/Compilers/BladeCompiler.php(122): Illuminate\\Filesystem\\Filesystem->put('A:\\\\laragon\\\\www\\\\...', '<?php $__env->s...')
#3 /home/customs1/public_html/projects/newsportal/vendor/laravel/framework/src/Illuminate/View/Engines/CompilerEngine.php(51): Illuminate\\View\\Compilers\\BladeCompiler->compile('/home/customs1/...')
#4 /home/customs1/public_html/projects/newsportal/vendor/laravel/framework/src/Illuminate/View/View.php(142): Illuminate\\View\\Engines\\CompilerEngine->get('/home/customs1/...', Array)
#5 /home/customs1/public_html/projects/newsportal/vendor/laravel/framework/src/Illuminate/View/View.php(125): Illuminate\\View\\View->getContents()
#6 /home/customs1/public_html/projects/newsportal/vendor/laravel/framework/src/Illuminate/View/View.php(90): Illuminate\\View\\View->renderContents()
#7 /home/customs1/public_html/projects/newsportal/vendor/laravel/framework/src/Illuminate/Http/Response.php(42): Illuminate\\View\\View->render()
#8 /home/customs1/public_html/projects/newsportal/vendor/symfony/http-foundation/Response.php(205): Illuminate\\Http\\Response->setContent(Object(Illuminate\\View\\View))
#9 /home/customs1/public_html/projects/newsportal/vendor/laravel/framework/src/Illuminate/Routing/ResponseFactory.php(55): Symfony\\Component\\HttpFoundation\\Response->__construct(Object(Illuminate\\View\\View), 500, Array)
#10 /home/customs1/public_html/projects/newsportal/vendor/laravel/framework/src/Illuminate/Routing/ResponseFactory.php(81): Illuminate\\Routing\\ResponseFactory->make(Object(Illuminate\\View\\View), 500, Array)
#11 /home/customs1/public_html/projects/newsportal/vendor/laravel/framework/src/Illuminate/Foundation/Exceptions/Handler.php(380): Illuminate\\Routing\\ResponseFactory->view('errors::500', Array, 500, Array)
#12 /home/customs1/public_html/projects/newsportal/vendor/laravel/framework/src/Illuminate/Foundation/Exceptions/Handler.php(289): Illuminate\\Foundation\\Exceptions\\Handler->renderHttpException(Object(Symfony\\Component\\HttpKernel\\Exception\\HttpException))
#13 /home/customs1/public_html/projects/newsportal/vendor/laravel/framework/src/Illuminate/Foundation/Exceptions/Handler.php(188): Illuminate\\Foundation\\Exceptions\\Handler->prepareResponse(Object(Illuminate\\Http\\Request), Object(Symfony\\Component\\HttpKernel\\Exception\\HttpException))
#14 /home/customs1/public_html/projects/newsportal/app/Exceptions/Handler.php(49): Illuminate\\Foundation\\Exceptions\\Handler->render(Object(Illuminate\\Http\\Request), Object(ErrorException))
#15 /home/customs1/public_html/projects/newsportal/vendor/laravel/framework/src/Illuminate/Routing/Pipeline.php(83): App\\Exceptions\\Handler->render(Object(Illuminate\\Http\\Request), Object(ErrorException))
#16 /home/customs1/public_html/projects/newsportal/vendor/laravel/framework/src/Illuminate/Routing/Pipeline.php(55): Illuminate\\Routing\\Pipeline->handleException(Object(Illuminate\\Http\\Request), Object(ErrorException))
#17 /home/customs1/public_html/projects/newsportal/vendor/laravel/framework/src/Illuminate/Session/Middleware/StartSession.php(63): Illuminate\\Routing\\Pipeline->Illuminate\\Routing\\{closure}(Object(Illuminate\\Http\\Request))
#18 /home/customs1/public_html/projects/newsportal/vendor/laravel/framework/src/Illuminate/Pipeline/Pipeline.php(163): Illuminate\\Session\\Middleware\\StartSession->handle(Object(Illuminate\\Http\\Request), Object(Closure))
#19 /home/customs1/public_html/projects/newsportal/vendor/laravel/framework/src/Illuminate/Routing/Pipeline.php(53): Illuminate\\Pipeline\\Pipeline->Illuminate\\Pipeline\\{closure}(Object(Illuminate\\Http\\Request))
#20 /home/customs1/public_html/projects/newsportal/vendor/laravel/framework/src/Illuminate/Cookie/Middleware/AddQueuedCookiesToResponse.php(37): Illuminate\\Routing\\Pipeline->Illuminate\\Routing\\{closure}(Object(Illuminate\\Http\\Request))
#21 /home/customs1/public_html/projects/newsportal/vendor/laravel/framework/src/Illuminate/Pipeline/Pipeline.php(163): Illuminate\\Cookie\\Middleware\\AddQueuedCookiesToResponse->handle(Object(Illuminate\\Http\\Request), Object(Closure))
#22 /home/customs1/public_html/projects/newsportal/vendor/laravel/framework/src/Illuminate/Routing/Pipeline.php(53): Illuminate\\Pipeline\\Pipeline->Illuminate\\Pipeline\\{closure}(Object(Illuminate\\Http\\Request))
#23 /home/customs1/public_html/projects/newsportal/vendor/laravel/framework/src/Illuminate/Cookie/Middleware/EncryptCookies.php(66): Illuminate\\Routing\\Pipeline->Illuminate\\Routing\\{closure}(Object(Illuminate\\Http\\Request))
#24 /home/customs1/public_html/projects/newsportal/vendor/laravel/framework/src/Illuminate/Pipeline/Pipeline.php(163): Illuminate\\Cookie\\Middleware\\EncryptCookies->handle(Object(Illuminate\\Http\\Request), Object(Closure))
#25 /home/customs1/public_html/projects/newsportal/vendor/laravel/framework/src/Illuminate/Routing/Pipeline.php(53): Illuminate\\Pipeline\\Pipeline->Illuminate\\Pipeline\\{closure}(Object(Illuminate\\Http\\Request))
#26 /home/customs1/public_html/projects/newsportal/vendor/laravel/framework/src/Illuminate/Pipeline/Pipeline.php(104): Illuminate\\Routing\\Pipeline->Illuminate\\Routing\\{closure}(Object(Illuminate\\Http\\Request))
#27 /home/customs1/public_html/projects/newsportal/vendor/laravel/framework/src/Illuminate/Routing/Router.php(684): Illuminate\\Pipeline\\Pipeline->then(Object(Closure))
#28 /home/customs1/public_html/projects/newsportal/vendor/laravel/framework/src/Illuminate/Routing/Router.php(659): Illuminate\\Routing\\Router->runRouteWithinStack(Object(Illuminate\\Routing\\Route), Object(Illuminate\\Http\\Request))
#29 /home/customs1/public_html/projects/newsportal/vendor/laravel/framework/src/Illuminate/Routing/Router.php(625): Illuminate\\Routing\\Router->runRoute(Object(Illuminate\\Http\\Request), Object(Illuminate\\Routing\\Route))
#30 /home/customs1/public_html/projects/newsportal/vendor/laravel/framework/src/Illuminate/Routing/Router.php(614): Illuminate\\Routing\\Router->dispatchToRoute(Object(Illuminate\\Http\\Request))
#31 /home/customs1/public_html/projects/newsportal/vendor/laravel/framework/src/Illuminate/Foundation/Http/Kernel.php(176): Illuminate\\Routing\\Router->dispatch(Object(Illuminate\\Http\\Request))
#32 /home/customs1/public_html/projects/newsportal/vendor/laravel/framework/src/Illuminate/Routing/Pipeline.php(30): Illuminate\\Foundation\\Http\\Kernel->Illuminate\\Foundation\\Http\\{closure}(Object(Illuminate\\Http\\Request))
#33 /home/customs1/public_html/projects/newsportal/vendor/barryvdh/laravel-debugbar/src/Middleware/InjectDebugbar.php(58): Illuminate\\Routing\\Pipeline->Illuminate\\Routing\\{closure}(Object(Illuminate\\Http\\Request))
#34 /home/customs1/public_html/projects/newsportal/vendor/laravel/framework/src/Illuminate/Pipeline/Pipeline.php(163): Barryvdh\\Debugbar\\Middleware\\InjectDebugbar->handle(Object(Illuminate\\Http\\Request), Object(Closure))
#35 /home/customs1/public_html/projects/newsportal/vendor/laravel/framework/src/Illuminate/Routing/Pipeline.php(53): Illuminate\\Pipeline\\Pipeline->Illuminate\\Pipeline\\{closure}(Object(Illuminate\\Http\\Request))
#36 /home/customs1/public_html/projects/newsportal/vendor/fideloper/proxy/src/TrustProxies.php(57): Illuminate\\Routing\\Pipeline->Illuminate\\Routing\\{closure}(Object(Illuminate\\Http\\Request))
#37 /home/customs1/public_html/projects/newsportal/vendor/laravel/framework/src/Illuminate/Pipeline/Pipeline.php(163): Fideloper\\Proxy\\TrustProxies->handle(Object(Illuminate\\Http\\Request), Object(Closure))
#38 /home/customs1/public_html/projects/newsportal/vendor/laravel/framework/src/Illuminate/Routing/Pipeline.php(53): Illuminate\\Pipeline\\Pipeline->Illuminate\\Pipeline\\{closure}(Object(Illuminate\\Http\\Request))
#39 /home/customs1/public_html/projects/newsportal/vendor/laravel/framework/src/Illuminate/Foundation/Http/Middleware/TransformsRequest.php(31): Illuminate\\Routing\\Pipeline->Illuminate\\Routing\\{closure}(Object(Illuminate\\Http\\Request))
#40 /home/customs1/public_html/projects/newsportal/vendor/laravel/framework/src/Illuminate/Pipeline/Pipeline.php(163): Illuminate\\Foundation\\Http\\Middleware\\TransformsRequest->handle(Object(Illuminate\\Http\\Request), Object(Closure))
#41 /home/customs1/public_html/projects/newsportal/vendor/laravel/framework/src/Illuminate/Routing/Pipeline.php(53): Illuminate\\Pipeline\\Pipeline->Illuminate\\Pipeline\\{closure}(Object(Illuminate\\Http\\Request))
#42 /home/customs1/public_html/projects/newsportal/vendor/laravel/framework/src/Illuminate/Foundation/Http/Middleware/TransformsRequest.php(31): Illuminate\\Routing\\Pipeline->Illuminate\\Routing\\{closure}(Object(Illuminate\\Http\\Request))
#43 /home/customs1/public_html/projects/newsportal/vendor/laravel/framework/src/Illuminate/Pipeline/Pipeline.php(163): Illuminate\\Foundation\\Http\\Middleware\\TransformsRequest->handle(Object(Illuminate\\Http\\Request), Object(Closure))
#44 /home/customs1/public_html/projects/newsportal/vendor/laravel/framework/src/Illuminate/Routing/Pipeline.php(53): Illuminate\\Pipeline\\Pipeline->Illuminate\\Pipeline\\{closure}(Object(Illuminate\\Http\\Request))
#45 /home/customs1/public_html/projects/newsportal/vendor/laravel/framework/src/Illuminate/Foundation/Http/Middleware/ValidatePostSize.php(27): Illuminate\\Routing\\Pipeline->Illuminate\\Routing\\{closure}(Object(Illuminate\\Http\\Request))
#46 /home/customs1/public_html/projects/newsportal/vendor/laravel/framework/src/Illuminate/Pipeline/Pipeline.php(163): Illuminate\\Foundation\\Http\\Middleware\\ValidatePostSize->handle(Object(Illuminate\\Http\\Request), Object(Closure))
#47 /home/customs1/public_html/projects/newsportal/vendor/laravel/framework/src/Illuminate/Routing/Pipeline.php(53): Illuminate\\Pipeline\\Pipeline->Illuminate\\Pipeline\\{closure}(Object(Illuminate\\Http\\Request))
#48 /home/customs1/public_html/projects/newsportal/vendor/laravel/framework/src/Illuminate/Foundation/Http/Middleware/CheckForMaintenanceMode.php(62): Illuminate\\Routing\\Pipeline->Illuminate\\Routing\\{closure}(Object(Illuminate\\Http\\Request))
#49 /home/customs1/public_html/projects/newsportal/vendor/laravel/framework/src/Illuminate/Pipeline/Pipeline.php(163): Illuminate\\Foundation\\Http\\Middleware\\CheckForMaintenanceMode->handle(Object(Illuminate\\Http\\Request), Object(Closure))
#50 /home/customs1/public_html/projects/newsportal/vendor/laravel/framework/src/Illuminate/Routing/Pipeline.php(53): Illuminate\\Pipeline\\Pipeline->Illuminate\\Pipeline\\{closure}(Object(Illuminate\\Http\\Request))
#51 /home/customs1/public_html/projects/newsportal/vendor/laravel/framework/src/Illuminate/Pipeline/Pipeline.php(104): Illuminate\\Routing\\Pipeline->Illuminate\\Routing\\{closure}(Object(Illuminate\\Http\\Request))
#52 /home/customs1/public_html/projects/newsportal/vendor/laravel/framework/src/Illuminate/Foundation/Http/Kernel.php(151): Illuminate\\Pipeline\\Pipeline->then(Object(Closure))
#53 /home/customs1/public_html/projects/newsportal/vendor/laravel/framework/src/Illuminate/Foundation/Http/Kernel.php(116): Illuminate\\Foundation\\Http\\Kernel->sendRequestThroughRouter(Object(Illuminate\\Http\\Request))
#54 /home/customs1/public_html/projects/newsportal/public/index.php(55): Illuminate\\Foundation\\Http\\Kernel->handle(Object(Illuminate\\Http\\Request))
#55 {main}
"} 
[2021-07-19 18:54:17] local.ERROR: file_put_contents(A:\laragon\www\newsportal\storage\framework\views/586248950626724bb1f966444695ee13b153f512.php): failed to open stream: No such file or directory {"exception":"[object] (ErrorException(code: 0): file_put_contents(A:\\laragon\\www\
ewsportal\\storage\\framework\\views/586248950626724bb1f966444695ee13b153f512.php): failed to open stream: No such file or directory at /home/customs1/public_html/projects/newsportal/vendor/laravel/framework/src/Illuminate/Filesystem/Filesystem.php:122)
[stacktrace]
#0 [internal function]: Illuminate\\Foundation\\Bootstrap\\HandleExceptions->handleError(2, 'file_put_conten...', '/home/customs1/...', 122, Array)
#1 /home/customs1/public_html/projects/newsportal/vendor/laravel/framework/src/Illuminate/Filesystem/Filesystem.php(122): file_put_contents('A:\\\\laragon\\\\www\\\\...', '<?php $__env->s...', 0)
#2 /home/customs1/public_html/projects/newsportal/vendor/laravel/framework/src/Illuminate/View/Compilers/BladeCompiler.php(122): Illuminate\\Filesystem\\Filesystem->put('A:\\\\laragon\\\\www\\\\...', '<?php $__env->s...')
#3 /home/customs1/public_html/projects/newsportal/vendor/laravel/framework/src/Illuminate/View/Engines/CompilerEngine.php(51): Illuminate\\View\\Compilers\\BladeCompiler->compile('/home/customs1/...')
#4 /home/customs1/public_html/projects/newsportal/vendor/laravel/framework/src/Illuminate/View/View.php(142): Illuminate\\View\\Engines\\CompilerEngine->get('/home/customs1/...', Array)
#5 /home/customs1/public_html/projects/newsportal/vendor/laravel/framework/src/Illuminate/View/View.php(125): Illuminate\\View\\View->getContents()
#6 /home/customs1/public_html/projects/newsportal/vendor/laravel/framework/src/Illuminate/View/View.php(90): Illuminate\\View\\View->renderContents()
#7 /home/customs1/public_html/projects/newsportal/vendor/laravel/framework/src/Illuminate/Http/Response.php(42): Illuminate\\View\\View->render()
#8 /home/customs1/public_html/projects/newsportal/vendor/symfony/http-foundation/Response.php(205): Illuminate\\Http\\Response->setContent(Object(Illuminate\\View\\View))
#9 /home/customs1/public_html/projects/newsportal/vendor/laravel/framework/src/Illuminate/Routing/ResponseFactory.php(55): Symfony\\Component\\HttpFoundation\\Response->__construct(Object(Illuminate\\View\\View), 500, Array)
#10 /home/customs1/public_html/projects/newsportal/vendor/laravel/framework/src/Illuminate/Routing/ResponseFactory.php(81): Illuminate\\Routing\\ResponseFactory->make(Object(Illuminate\\View\\View), 500, Array)
#11 /home/customs1/public_html/projects/newsportal/vendor/laravel/framework/src/Illuminate/Foundation/Exceptions/Handler.php(380): Illuminate\\Routing\\ResponseFactory->view('errors::500', Array, 500, Array)
#12 /home/customs1/public_html/projects/newsportal/vendor/laravel/framework/src/Illuminate/Foundation/Exceptions/Handler.php(289): Illuminate\\Foundation\\Exceptions\\Handler->renderHttpException(Object(Symfony\\Component\\HttpKernel\\Exception\\HttpException))
#13 /home/customs1/public_html/projects/newsportal/vendor/laravel/framework/src/Illuminate/Foundation/Exceptions/Handler.php(188): Illuminate\\Foundation\\Exceptions\\Handler->prepareResponse(Object(Illuminate\\Http\\Request), Object(Symfony\\Component\\HttpKernel\\Exception\\HttpException))
#14 /home/customs1/public_html/projects/newsportal/app/Exceptions/Handler.php(49): Illuminate\\Foundation\\Exceptions\\Handler->render(Object(Illuminate\\Http\\Request), Object(ErrorException))
#15 /home/customs1/public_html/projects/newsportal/vendor/laravel/framework/src/Illuminate/Routing/Pipeline.php(83): App\\Exceptions\\Handler->render(Object(Illuminate\\Http\\Request), Object(ErrorException))
#16 /home/customs1/public_html/projects/newsportal/vendor/laravel/framework/src/Illuminate/Routing/Pipeline.php(55): Illuminate\\Routing\\Pipeline->handleException(Object(Illuminate\\Http\\Request), Object(ErrorException))
#17 /home/customs1/public_html/projects/newsportal/vendor/laravel/framework/src/Illuminate/Cookie/Middleware/AddQueuedCookiesToResponse.php(37): Illuminate\\Routing\\Pipeline->Illuminate\\Routing\\{closure}(Object(Illuminate\\Http\\Request))
#18 /home/customs1/public_html/projects/newsportal/vendor/laravel/framework/src/Illuminate/Pipeline/Pipeline.php(163): Illuminate\\Cookie\\Middleware\\AddQueuedCookiesToResponse->handle(Object(Illuminate\\Http\\Request), Object(Closure))
#19 /home/customs1/public_html/projects/newsportal/vendor/laravel/framework/src/Illuminate/Routing/Pipeline.php(53): Illuminate\\Pipeline\\Pipeline->Illuminate\\Pipeline\\{closure}(Object(Illuminate\\Http\\Request))
#20 /home/customs1/public_html/projects/newsportal/vendor/laravel/framework/src/Illuminate/Cookie/Middleware/EncryptCookies.php(66): Illuminate\\Routing\\Pipeline->Illuminate\\Routing\\{closure}(Object(Illuminate\\Http\\Request))
#21 /home/customs1/public_html/projects/newsportal/vendor/laravel/framework/src/Illuminate/Pipeline/Pipeline.php(163): Illuminate\\Cookie\\Middleware\\EncryptCookies->handle(Object(Illuminate\\Http\\Request), Object(Closure))
#22 /home/customs1/public_html/projects/newsportal/vendor/laravel/framework/src/Illuminate/Routing/Pipeline.php(53): Illuminate\\Pipeline\\Pipeline->Illuminate\\Pipeline\\{closure}(Object(Illuminate\\Http\\Request))
#23 /home/customs1/public_html/projects/newsportal/vendor/laravel/framework/src/Illuminate/Pipeline/Pipeline.php(104): Illuminate\\Routing\\Pipeline->Illuminate\\Routing\\{closure}(Object(Illuminate\\Http\\Request))
#24 /home/customs1/public_html/projects/newsportal/vendor/laravel/framework/src/Illuminate/Routing/Router.php(684): Illuminate\\Pipeline\\Pipeline->then(Object(Closure))
#25 /home/customs1/public_html/projects/newsportal/vendor/laravel/framework/src/Illuminate/Routing/Router.php(659): Illuminate\\Routing\\Router->runRouteWithinStack(Object(Illuminate\\Routing\\Route), Object(Illuminate\\Http\\Request))
#26 /home/customs1/public_html/projects/newsportal/vendor/laravel/framework/src/Illuminate/Routing/Router.php(625): Illuminate\\Routing\\Router->runRoute(Object(Illuminate\\Http\\Request), Object(Illuminate\\Routing\\Route))
#27 /home/customs1/public_html/projects/newsportal/vendor/laravel/framework/src/Illuminate/Routing/Router.php(614): Illuminate\\Routing\\Router->dispatchToRoute(Object(Illuminate\\Http\\Request))
#28 /home/customs1/public_html/projects/newsportal/vendor/laravel/framework/src/Illuminate/Foundation/Http/Kernel.php(176): Illuminate\\Routing\\Router->dispatch(Object(Illuminate\\Http\\Request))
#29 /home/customs1/public_html/projects/newsportal/vendor/laravel/framework/src/Illuminate/Routing/Pipeline.php(30): Illuminate\\Foundation\\Http\\Kernel->Illuminate\\Foundation\\Http\\{closure}(Object(Illuminate\\Http\\Request))
#30 /home/customs1/public_html/projects/newsportal/vendor/barryvdh/laravel-debugbar/src/Middleware/InjectDebugbar.php(58): Illuminate\\Routing\\Pipeline->Illuminate\\Routing\\{closure}(Object(Illuminate\\Http\\Request))
#31 /home/customs1/public_html/projects/newsportal/vendor/laravel/framework/src/Illuminate/Pipeline/Pipeline.php(163): Barryvdh\\Debugbar\\Middleware\\InjectDebugbar->handle(Object(Illuminate\\Http\\Request), Object(Closure))
#32 /home/customs1/public_html/projects/newsportal/vendor/laravel/framework/src/Illuminate/Routing/Pipeline.php(53): Illuminate\\Pipeline\\Pipeline->Illuminate\\Pipeline\\{closure}(Object(Illuminate\\Http\\Request))
#33 /home/customs1/public_html/projects/newsportal/vendor/fideloper/proxy/src/TrustProxies.php(57): Illuminate\\Routing\\Pipeline->Illuminate\\Routing\\{closure}(Object(Illuminate\\Http\\Request))
#34 /home/customs1/public_html/projects/newsportal/vendor/laravel/framework/src/Illuminate/Pipeline/Pipeline.php(163): Fideloper\\Proxy\\TrustProxies->handle(Object(Illuminate\\Http\\Request), Object(Closure))
#35 /home/customs1/public_html/projects/newsportal/vendor/laravel/framework/src/Illuminate/Routing/Pipeline.php(53): Illuminate\\Pipeline\\Pipeline->Illuminate\\Pipeline\\{closure}(Object(Illuminate\\Http\\Request))
#36 /home/customs1/public_html/projects/newsportal/vendor/laravel/framework/src/Illuminate/Foundation/Http/Middleware/TransformsRequest.php(31): Illuminate\\Routing\\Pipeline->Illuminate\\Routing\\{closure}(Object(Illuminate\\Http\\Request))
#37 /home/customs1/public_html/projects/newsportal/vendor/laravel/framework/src/Illuminate/Pipeline/Pipeline.php(163): Illuminate\\Foundation\\Http\\Middleware\\TransformsRequest->handle(Object(Illuminate\\Http\\Request), Object(Closure))
#38 /home/customs1/public_html/projects/newsportal/vendor/laravel/framework/src/Illuminate/Routing/Pipeline.php(53): Illuminate\\Pipeline\\Pipeline->Illuminate\\Pipeline\\{closure}(Object(Illuminate\\Http\\Request))
#39 /home/customs1/public_html/projects/newsportal/vendor/laravel/framework/src/Illuminate/Foundation/Http/Middleware/TransformsRequest.php(31): Illuminate\\Routing\\Pipeline->Illuminate\\Routing\\{closure}(Object(Illuminate\\Http\\Request))
#40 /home/customs1/public_html/projects/newsportal/vendor/laravel/framework/src/Illuminate/Pipeline/Pipeline.php(163): Illuminate\\Foundation\\Http\\Middleware\\TransformsRequest->handle(Object(Illuminate\\Http\\Request), Object(Closure))
#41 /home/customs1/public_html/projects/newsportal/vendor/laravel/framework/src/Illuminate/Routing/Pipeline.php(53): Illuminate\\Pipeline\\Pipeline->Illuminate\\Pipeline\\{closure}(Object(Illuminate\\Http\\Request))
#42 /home/customs1/public_html/projects/newsportal/vendor/laravel/framework/src/Illuminate/Foundation/Http/Middleware/ValidatePostSize.php(27): Illuminate\\Routing\\Pipeline->Illuminate\\Routing\\{closure}(Object(Illuminate\\Http\\Request))
#43 /home/customs1/public_html/projects/newsportal/vendor/laravel/framework/src/Illuminate/Pipeline/Pipeline.php(163): Illuminate\\Foundation\\Http\\Middleware\\ValidatePostSize->handle(Object(Illuminate\\Http\\Request), Object(Closure))
#44 /home/customs1/public_html/projects/newsportal/vendor/laravel/framework/src/Illuminate/Routing/Pipeline.php(53): Illuminate\\Pipeline\\Pipeline->Illuminate\\Pipeline\\{closure}(Object(Illuminate\\Http\\Request))
#45 /home/customs1/public_html/projects/newsportal/vendor/laravel/framework/src/Illuminate/Foundation/Http/Middleware/CheckForMaintenanceMode.php(62): Illuminate\\Routing\\Pipeline->Illuminate\\Routing\\{closure}(Object(Illuminate\\Http\\Request))
#46 /home/customs1/public_html/projects/newsportal/vendor/laravel/framework/src/Illuminate/Pipeline/Pipeline.php(163): Illuminate\\Foundation\\Http\\Middleware\\CheckForMaintenanceMode->handle(Object(Illuminate\\Http\\Request), Object(Closure))
#47 /home/customs1/public_html/projects/newsportal/vendor/laravel/framework/src/Illuminate/Routing/Pipeline.php(53): Illuminate\\Pipeline\\Pipeline->Illuminate\\Pipeline\\{closure}(Object(Illuminate\\Http\\Request))
#48 /home/customs1/public_html/projects/newsportal/vendor/laravel/framework/src/Illuminate/Pipeline/Pipeline.php(104): Illuminate\\Routing\\Pipeline->Illuminate\\Routing\\{closure}(Object(Illuminate\\Http\\Request))
#49 /home/customs1/public_html/projects/newsportal/vendor/laravel/framework/src/Illuminate/Foundation/Http/Kernel.php(151): Illuminate\\Pipeline\\Pipeline->then(Object(Closure))
#50 /home/customs1/public_html/projects/newsportal/vendor/laravel/framework/src/Illuminate/Foundation/Http/Kernel.php(116): Illuminate\\Foundation\\Http\\Kernel->sendRequestThroughRouter(Object(Illuminate\\Http\\Request))
#51 /home/customs1/public_html/projects/newsportal/public/index.php(55): Illuminate\\Foundation\\Http\\Kernel->handle(Object(Illuminate\\Http\\Request))
#52 {main}
"} 
[2021-07-19 18:54:17] local.ERROR: file_put_contents(A:\laragon\www\newsportal\storage\framework\views/586248950626724bb1f966444695ee13b153f512.php): failed to open stream: No such file or directory {"exception":"[object] (ErrorException(code: 0): file_put_contents(A:\\laragon\\www\
ewsportal\\storage\\framework\\views/586248950626724bb1f966444695ee13b153f512.php): failed to open stream: No such file or directory at /home/customs1/public_html/projects/newsportal/vendor/laravel/framework/src/Illuminate/Filesystem/Filesystem.php:122)
[stacktrace]
#0 [internal function]: Illuminate\\Foundation\\Bootstrap\\HandleExceptions->handleError(2, 'file_put_conten...', '/home/customs1/...', 122, Array)
#1 /home/customs1/public_html/projects/newsportal/vendor/laravel/framework/src/Illuminate/Filesystem/Filesystem.php(122): file_put_contents('A:\\\\laragon\\\\www\\\\...', '<?php $__env->s...', 0)
#2 /home/customs1/public_html/projects/newsportal/vendor/laravel/framework/src/Illuminate/View/Compilers/BladeCompiler.php(122): Illuminate\\Filesystem\\Filesystem->put('A:\\\\laragon\\\\www\\\\...', '<?php $__env->s...')
#3 /home/customs1/public_html/projects/newsportal/vendor/laravel/framework/src/Illuminate/View/Engines/CompilerEngine.php(51): Illuminate\\View\\Compilers\\BladeCompiler->compile('/home/customs1/...')
#4 /home/customs1/public_html/projects/newsportal/vendor/laravel/framework/src/Illuminate/View/View.php(142): Illuminate\\View\\Engines\\CompilerEngine->get('/home/customs1/...', Array)
#5 /home/customs1/public_html/projects/newsportal/vendor/laravel/framework/src/Illuminate/View/View.php(125): Illuminate\\View\\View->getContents()
#6 /home/customs1/public_html/projects/newsportal/vendor/laravel/framework/src/Illuminate/View/View.php(90): Illuminate\\View\\View->renderContents()
#7 /home/customs1/public_html/projects/newsportal/vendor/laravel/framework/src/Illuminate/Http/Response.php(42): Illuminate\\View\\View->render()
#8 /home/customs1/public_html/projects/newsportal/vendor/symfony/http-foundation/Response.php(205): Illuminate\\Http\\Response->setContent(Object(Illuminate\\View\\View))
#9 /home/customs1/public_html/projects/newsportal/vendor/laravel/framework/src/Illuminate/Routing/ResponseFactory.php(55): Symfony\\Component\\HttpFoundation\\Response->__construct(Object(Illuminate\\View\\View), 500, Array)
#10 /home/customs1/public_html/projects/newsportal/vendor/laravel/framework/src/Illuminate/Routing/ResponseFactory.php(81): Illuminate\\Routing\\ResponseFactory->make(Object(Illuminate\\View\\View), 500, Array)
#11 /home/customs1/public_html/projects/newsportal/vendor/laravel/framework/src/Illuminate/Foundation/Exceptions/Handler.php(380): Illuminate\\Routing\\ResponseFactory->view('errors::500', Array, 500, Array)
#12 /home/customs1/public_html/projects/newsportal/vendor/laravel/framework/src/Illuminate/Foundation/Exceptions/Handler.php(289): Illuminate\\Foundation\\Exceptions\\Handler->renderHttpException(Object(Symfony\\Component\\HttpKernel\\Exception\\HttpException))
#13 /home/customs1/public_html/projects/newsportal/vendor/laravel/framework/src/Illuminate/Foundation/Exceptions/Handler.php(188): Illuminate\\Foundation\\Exceptions\\Handler->prepareResponse(Object(Illuminate\\Http\\Request), Object(Symfony\\Component\\HttpKernel\\Exception\\HttpException))
#14 /home/customs1/public_html/projects/newsportal/app/Exceptions/Handler.php(49): Illuminate\\Foundation\\Exceptions\\Handler->render(Object(Illuminate\\Http\\Request), Object(ErrorException))
#15 /home/customs1/public_html/projects/newsportal/vendor/laravel/framework/src/Illuminate/Routing/Pipeline.php(83): App\\Exceptions\\Handler->render(Object(Illuminate\\Http\\Request), Object(ErrorException))
#16 /home/customs1/public_html/projects/newsportal/vendor/laravel/framework/src/Illuminate/Routing/Pipeline.php(55): Illuminate\\Routing\\Pipeline->handleException(Object(Illuminate\\Http\\Request), Object(ErrorException))
#17 /home/customs1/public_html/projects/newsportal/vendor/laravel/framework/src/Illuminate/Cookie/Middleware/EncryptCookies.php(66): Illuminate\\Routing\\Pipeline->Illuminate\\Routing\\{closure}(Object(Illuminate\\Http\\Request))
#18 /home/customs1/public_html/projects/newsportal/vendor/laravel/framework/src/Illuminate/Pipeline/Pipeline.php(163): Illuminate\\Cookie\\Middleware\\EncryptCookies->handle(Object(Illuminate\\Http\\Request), Object(Closure))
#19 /home/customs1/public_html/projects/newsportal/vendor/laravel/framework/src/Illuminate/Routing/Pipeline.php(53): Illuminate\\Pipeline\\Pipeline->Illuminate\\Pipeline\\{closure}(Object(Illuminate\\Http\\Request))
#20 /home/customs1/public_html/projects/newsportal/vendor/laravel/framework/src/Illuminate/Pipeline/Pipeline.php(104): Illuminate\\Routing\\Pipeline->Illuminate\\Routing\\{closure}(Object(Illuminate\\Http\\Request))
#21 /home/customs1/public_html/projects/newsportal/vendor/laravel/framework/src/Illuminate/Routing/Router.php(684): Illuminate\\Pipeline\\Pipeline->then(Object(Closure))
#22 /home/customs1/public_html/projects/newsportal/vendor/laravel/framework/src/Illuminate/Routing/Router.php(659): Illuminate\\Routing\\Router->runRouteWithinStack(Object(Illuminate\\Routing\\Route), Object(Illuminate\\Http\\Request))
#23 /home/customs1/public_html/projects/newsportal/vendor/laravel/framework/src/Illuminate/Routing/Router.php(625): Illuminate\\Routing\\Router->runRoute(Object(Illuminate\\Http\\Request), Object(Illuminate\\Routing\\Route))
#24 /home/customs1/public_html/projects/newsportal/vendor/laravel/framework/src/Illuminate/Routing/Router.php(614): Illuminate\\Routing\\Router->dispatchToRoute(Object(Illuminate\\Http\\Request))
#25 /home/customs1/public_html/projects/newsportal/vendor/laravel/framework/src/Illuminate/Foundation/Http/Kernel.php(176): Illuminate\\Routing\\Router->dispatch(Object(Illuminate\\Http\\Request))
#26 /home/customs1/public_html/projects/newsportal/vendor/laravel/framework/src/Illuminate/Routing/Pipeline.php(30): Illuminate\\Foundation\\Http\\Kernel->Illuminate\\Foundation\\Http\\{closure}(Object(Illuminate\\Http\\Request))
#27 /home/customs1/public_html/projects/newsportal/vendor/barryvdh/laravel-debugbar/src/Middleware/InjectDebugbar.php(58): Illuminate\\Routing\\Pipeline->Illuminate\\Routing\\{closure}(Object(Illuminate\\Http\\Request))
#28 /home/customs1/public_html/projects/newsportal/vendor/laravel/framework/src/Illuminate/Pipeline/Pipeline.php(163): Barryvdh\\Debugbar\\Middleware\\InjectDebugbar->handle(Object(Illuminate\\Http\\Request), Object(Closure))
#29 /home/customs1/public_html/projects/newsportal/vendor/laravel/framework/src/Illuminate/Routing/Pipeline.php(53): Illuminate\\Pipeline\\Pipeline->Illuminate\\Pipeline\\{closure}(Object(Illuminate\\Http\\Request))
#30 /home/customs1/public_html/projects/newsportal/vendor/fideloper/proxy/src/TrustProxies.php(57): Illuminate\\Routing\\Pipeline->Illuminate\\Routing\\{closure}(Object(Illuminate\\Http\\Request))
#31 /home/customs1/public_html/projects/newsportal/vendor/laravel/framework/src/Illuminate/Pipeline/Pipeline.php(163): Fideloper\\Proxy\\TrustProxies->handle(Object(Illuminate\\Http\\Request), Object(Closure))
#32 /home/customs1/public_html/projects/newsportal/vendor/laravel/framework/src/Illuminate/Routing/Pipeline.php(53): Illuminate\\Pipeline\\Pipeline->Illuminate\\Pipeline\\{closure}(Object(Illuminate\\Http\\Request))
#33 /home/customs1/public_html/projects/newsportal/vendor/laravel/framework/src/Illuminate/Foundation/Http/Middleware/TransformsRequest.php(31): Illuminate\\Routing\\Pipeline->Illuminate\\Routing\\{closure}(Object(Illuminate\\Http\\Request))
#34 /home/customs1/public_html/projects/newsportal/vendor/laravel/framework/src/Illuminate/Pipeline/Pipeline.php(163): Illuminate\\Foundation\\Http\\Middleware\\TransformsRequest->handle(Object(Illuminate\\Http\\Request), Object(Closure))
#35 /home/customs1/public_html/projects/newsportal/vendor/laravel/framework/src/Illuminate/Routing/Pipeline.php(53): Illuminate\\Pipeline\\Pipeline->Illuminate\\Pipeline\\{closure}(Object(Illuminate\\Http\\Request))
#36 /home/customs1/public_html/projects/newsportal/vendor/laravel/framework/src/Illuminate/Foundation/Http/Middleware/TransformsRequest.php(31): Illuminate\\Routing\\Pipeline->Illuminate\\Routing\\{closure}(Object(Illuminate\\Http\\Request))
#37 /home/customs1/public_html/projects/newsportal/vendor/laravel/framework/src/Illuminate/Pipeline/Pipeline.php(163): Illuminate\\Foundation\\Http\\Middleware\\TransformsRequest->handle(Object(Illuminate\\Http\\Request), Object(Closure))
#38 /home/customs1/public_html/projects/newsportal/vendor/laravel/framework/src/Illuminate/Routing/Pipeline.php(53): Illuminate\\Pipeline\\Pipeline->Illuminate\\Pipeline\\{closure}(Object(Illuminate\\Http\\Request))
#39 /home/customs1/public_html/projects/newsportal/vendor/laravel/framework/src/Illuminate/Foundation/Http/Middleware/ValidatePostSize.php(27): Illuminate\\Routing\\Pipeline->Illuminate\\Routing\\{closure}(Object(Illuminate\\Http\\Request))
#40 /home/customs1/public_html/projects/newsportal/vendor/laravel/framework/src/Illuminate/Pipeline/Pipeline.php(163): Illuminate\\Foundation\\Http\\Middleware\\ValidatePostSize->handle(Object(Illuminate\\Http\\Request), Object(Closure))
#41 /home/customs1/public_html/projects/newsportal/vendor/laravel/framework/src/Illuminate/Routing/Pipeline.php(53): Illuminate\\Pipeline\\Pipeline->Illuminate\\Pipeline\\{closure}(Object(Illuminate\\Http\\Request))
#42 /home/customs1/public_html/projects/newsportal/vendor/laravel/framework/src/Illuminate/Foundation/Http/Middleware/CheckForMaintenanceMode.php(62): Illuminate\\Routing\\Pipeline->Illuminate\\Routing\\{closure}(Object(Illuminate\\Http\\Request))
#43 /home/customs1/public_html/projects/newsportal/vendor/laravel/framework/src/Illuminate/Pipeline/Pipeline.php(163): Illuminate\\Foundation\\Http\\Middleware\\CheckForMaintenanceMode->handle(Object(Illuminate\\Http\\Request), Object(Closure))
#44 /home/customs1/public_html/projects/newsportal/vendor/laravel/framework/src/Illuminate/Routing/Pipeline.php(53): Illuminate\\Pipeline\\Pipeline->Illuminate\\Pipeline\\{closure}(Object(Illuminate\\Http\\Request))
#45 /home/customs1/public_html/projects/newsportal/vendor/laravel/framework/src/Illuminate/Pipeline/Pipeline.php(104): Illuminate\\Routing\\Pipeline->Illuminate\\Routing\\{closure}(Object(Illuminate\\Http\\Request))
#46 /home/customs1/public_html/projects/newsportal/vendor/laravel/framework/src/Illuminate/Foundation/Http/Kernel.php(151): Illuminate\\Pipeline\\Pipeline->then(Object(Closure))
#47 /home/customs1/public_html/projects/newsportal/vendor/laravel/framework/src/Illuminate/Foundation/Http/Kernel.php(116): Illuminate\\Foundation\\Http\\Kernel->sendRequestThroughRouter(Object(Illuminate\\Http\\Request))
#48 /home/customs1/public_html/projects/newsportal/public/index.php(55): Illuminate\\Foundation\\Http\\Kernel->handle(Object(Illuminate\\Http\\Request))
#49 {main}
"} 
[2021-07-19 18:54:17] local.ERROR: file_put_contents(A:\laragon\www\newsportal\storage\framework\views/586248950626724bb1f966444695ee13b153f512.php): failed to open stream: No such file or directory {"exception":"[object] (ErrorException(code: 0): file_put_contents(A:\\laragon\\www\
ewsportal\\storage\\framework\\views/586248950626724bb1f966444695ee13b153f512.php): failed to open stream: No such file or directory at /home/customs1/public_html/projects/newsportal/vendor/laravel/framework/src/Illuminate/Filesystem/Filesystem.php:122)
[stacktrace]
#0 [internal function]: Illuminate\\Foundation\\Bootstrap\\HandleExceptions->handleError(2, 'file_put_conten...', '/home/customs1/...', 122, Array)
#1 /home/customs1/public_html/projects/newsportal/vendor/laravel/framework/src/Illuminate/Filesystem/Filesystem.php(122): file_put_contents('A:\\\\laragon\\\\www\\\\...', '<?php $__env->s...', 0)
#2 /home/customs1/public_html/projects/newsportal/vendor/laravel/framework/src/Illuminate/View/Compilers/BladeCompiler.php(122): Illuminate\\Filesystem\\Filesystem->put('A:\\\\laragon\\\\www\\\\...', '<?php $__env->s...')
#3 /home/customs1/public_html/projects/newsportal/vendor/laravel/framework/src/Illuminate/View/Engines/CompilerEngine.php(51): Illuminate\\View\\Compilers\\BladeCompiler->compile('/home/customs1/...')
#4 /home/customs1/public_html/projects/newsportal/vendor/laravel/framework/src/Illuminate/View/View.php(142): Illuminate\\View\\Engines\\CompilerEngine->get('/home/customs1/...', Array)
#5 /home/customs1/public_html/projects/newsportal/vendor/laravel/framework/src/Illuminate/View/View.php(125): Illuminate\\View\\View->getContents()
#6 /home/customs1/public_html/projects/newsportal/vendor/laravel/framework/src/Illuminate/View/View.php(90): Illuminate\\View\\View->renderContents()
#7 /home/customs1/public_html/projects/newsportal/vendor/laravel/framework/src/Illuminate/Http/Response.php(42): Illuminate\\View\\View->render()
#8 /home/customs1/public_html/projects/newsportal/vendor/symfony/http-foundation/Response.php(205): Illuminate\\Http\\Response->setContent(Object(Illuminate\\View\\View))
#9 /home/customs1/public_html/projects/newsportal/vendor/laravel/framework/src/Illuminate/Routing/ResponseFactory.php(55): Symfony\\Component\\HttpFoundation\\Response->__construct(Object(Illuminate\\View\\View), 500, Array)
#10 /home/customs1/public_html/projects/newsportal/vendor/laravel/framework/src/Illuminate/Routing/ResponseFactory.php(81): Illuminate\\Routing\\ResponseFactory->make(Object(Illuminate\\View\\View), 500, Array)
#11 /home/customs1/public_html/projects/newsportal/vendor/laravel/framework/src/Illuminate/Foundation/Exceptions/Handler.php(380): Illuminate\\Routing\\ResponseFactory->view('errors::500', Array, 500, Array)
#12 /home/customs1/public_html/projects/newsportal/vendor/laravel/framework/src/Illuminate/Foundation/Exceptions/Handler.php(289): Illuminate\\Foundation\\Exceptions\\Handler->renderHttpException(Object(Symfony\\Component\\HttpKernel\\Exception\\HttpException))
#13 /home/customs1/public_html/projects/newsportal/vendor/laravel/framework/src/Illuminate/Foundation/Exceptions/Handler.php(188): Illuminate\\Foundation\\Exceptions\\Handler->prepareResponse(Object(Illuminate\\Http\\Request), Object(Symfony\\Component\\HttpKernel\\Exception\\HttpException))
#14 /home/customs1/public_html/projects/newsportal/app/Exceptions/Handler.php(49): Illuminate\\Foundation\\Exceptions\\Handler->render(Object(Illuminate\\Http\\Request), Object(ErrorException))
#15 /home/customs1/public_html/projects/newsportal/vendor/laravel/framework/src/Illuminate/Routing/Pipeline.php(83): App\\Exceptions\\Handler->render(Object(Illuminate\\Http\\Request), Object(ErrorException))
#16 /home/customs1/public_html/projects/newsportal/vendor/laravel/framework/src/Illuminate/Routing/Pipeline.php(55): Illuminate\\Routing\\Pipeline->handleException(Object(Illuminate\\Http\\Request), Object(ErrorException))
#17 /home/customs1/public_html/projects/newsportal/vendor/laravel/framework/src/Illuminate/Pipeline/Pipeline.php(104): Illuminate\\Routing\\Pipeline->Illuminate\\Routing\\{closure}(Object(Illuminate\\Http\\Request))
#18 /home/customs1/public_html/projects/newsportal/vendor/laravel/framework/src/Illuminate/Routing/Router.php(684): Illuminate\\Pipeline\\Pipeline->then(Object(Closure))
#19 /home/customs1/public_html/projects/newsportal/vendor/laravel/framework/src/Illuminate/Routing/Router.php(659): Illuminate\\Routing\\Router->runRouteWithinStack(Object(Illuminate\\Routing\\Route), Object(Illuminate\\Http\\Request))
#20 /home/customs1/public_html/projects/newsportal/vendor/laravel/framework/src/Illuminate/Routing/Router.php(625): Illuminate\\Routing\\Router->runRoute(Object(Illuminate\\Http\\Request), Object(Illuminate\\Routing\\Route))
#21 /home/customs1/public_html/projects/newsportal/vendor/laravel/framework/src/Illuminate/Routing/Router.php(614): Illuminate\\Routing\\Router->dispatchToRoute(Object(Illuminate\\Http\\Request))
#22 /home/customs1/public_html/projects/newsportal/vendor/laravel/framework/src/Illuminate/Foundation/Http/Kernel.php(176): Illuminate\\Routing\\Router->dispatch(Object(Illuminate\\Http\\Request))
#23 /home/customs1/public_html/projects/newsportal/vendor/laravel/framework/src/Illuminate/Routing/Pipeline.php(30): Illuminate\\Foundation\\Http\\Kernel->Illuminate\\Foundation\\Http\\{closure}(Object(Illuminate\\Http\\Request))
#24 /home/customs1/public_html/projects/newsportal/vendor/barryvdh/laravel-debugbar/src/Middleware/InjectDebugbar.php(58): Illuminate\\Routing\\Pipeline->Illuminate\\Routing\\{closure}(Object(Illuminate\\Http\\Request))
#25 /home/customs1/public_html/projects/newsportal/vendor/laravel/framework/src/Illuminate/Pipeline/Pipeline.php(163): Barryvdh\\Debugbar\\Middleware\\InjectDebugbar->handle(Object(Illuminate\\Http\\Request), Object(Closure))
#26 /home/customs1/public_html/projects/newsportal/vendor/laravel/framework/src/Illuminate/Routing/Pipeline.php(53): Illuminate\\Pipeline\\Pipeline->Illuminate\\Pipeline\\{closure}(Object(Illuminate\\Http\\Request))
#27 /home/customs1/public_html/projects/newsportal/vendor/fideloper/proxy/src/TrustProxies.php(57): Illuminate\\Routing\\Pipeline->Illuminate\\Routing\\{closure}(Object(Illuminate\\Http\\Request))
#28 /home/customs1/public_html/projects/newsportal/vendor/laravel/framework/src/Illuminate/Pipeline/Pipeline.php(163): Fideloper\\Proxy\\TrustProxies->handle(Object(Illuminate\\Http\\Request), Object(Closure))
#29 /home/customs1/public_html/projects/newsportal/vendor/laravel/framework/src/Illuminate/Routing/Pipeline.php(53): Illuminate\\Pipeline\\Pipeline->Illuminate\\Pipeline\\{closure}(Object(Illuminate\\Http\\Request))
#30 /home/customs1/public_html/projects/newsportal/vendor/laravel/framework/src/Illuminate/Foundation/Http/Middleware/TransformsRequest.php(31): Illuminate\\Routing\\Pipeline->Illuminate\\Routing\\{closure}(Object(Illuminate\\Http\\Request))
#31 /home/customs1/public_html/projects/newsportal/vendor/laravel/framework/src/Illuminate/Pipeline/Pipeline.php(163): Illuminate\\Foundation\\Http\\Middleware\\TransformsRequest->handle(Object(Illuminate\\Http\\Request), Object(Closure))
#32 /home/customs1/public_html/projects/newsportal/vendor/laravel/framework/src/Illuminate/Routing/Pipeline.php(53): Illuminate\\Pipeline\\Pipeline->Illuminate\\Pipeline\\{closure}(Object(Illuminate\\Http\\Request))
#33 /home/customs1/public_html/projects/newsportal/vendor/laravel/framework/src/Illuminate/Foundation/Http/Middleware/TransformsRequest.php(31): Illuminate\\Routing\\Pipeline->Illuminate\\Routing\\{closure}(Object(Illuminate\\Http\\Request))
#34 /home/customs1/public_html/projects/newsportal/vendor/laravel/framework/src/Illuminate/Pipeline/Pipeline.php(163): Illuminate\\Foundation\\Http\\Middleware\\TransformsRequest->handle(Object(Illuminate\\Http\\Request), Object(Closure))
#35 /home/customs1/public_html/projects/newsportal/vendor/laravel/framework/src/Illuminate/Routing/Pipeline.php(53): Illuminate\\Pipeline\\Pipeline->Illuminate\\Pipeline\\{closure}(Object(Illuminate\\Http\\Request))
#36 /home/customs1/public_html/projects/newsportal/vendor/laravel/framework/src/Illuminate/Foundation/Http/Middleware/ValidatePostSize.php(27): Illuminate\\Routing\\Pipeline->Illuminate\\Routing\\{closure}(Object(Illuminate\\Http\\Request))
#37 /home/customs1/public_html/projects/newsportal/vendor/laravel/framework/src/Illuminate/Pipeline/Pipeline.php(163): Illuminate\\Foundation\\Http\\Middleware\\ValidatePostSize->handle(Object(Illuminate\\Http\\Request), Object(Closure))
#38 /home/customs1/public_html/projects/newsportal/vendor/laravel/framework/src/Illuminate/Routing/Pipeline.php(53): Illuminate\\Pipeline\\Pipeline->Illuminate\\Pipeline\\{closure}(Object(Illuminate\\Http\\Request))
#39 /home/customs1/public_html/projects/newsportal/vendor/laravel/framework/src/Illuminate/Foundation/Http/Middleware/CheckForMaintenanceMode.php(62): Illuminate\\Routing\\Pipeline->Illuminate\\Routing\\{closure}(Object(Illuminate\\Http\\Request))
#40 /home/customs1/public_html/projects/newsportal/vendor/laravel/framework/src/Illuminate/Pipeline/Pipeline.php(163): Illuminate\\Foundation\\Http\\Middleware\\CheckForMaintenanceMode->handle(Object(Illuminate\\Http\\Request), Object(Closure))
#41 /home/customs1/public_html/projects/newsportal/vendor/laravel/framework/src/Illuminate/Routing/Pipeline.php(53): Illuminate\\Pipeline\\Pipeline->Illuminate\\Pipeline\\{closure}(Object(Illuminate\\Http\\Request))
#42 /home/customs1/public_html/projects/newsportal/vendor/laravel/framework/src/Illuminate/Pipeline/Pipeline.php(104): Illuminate\\Routing\\Pipeline->Illuminate\\Routing\\{closure}(Object(Illuminate\\Http\\Request))
#43 /home/customs1/public_html/projects/newsportal/vendor/laravel/framework/src/Illuminate/Foundation/Http/Kernel.php(151): Illuminate\\Pipeline\\Pipeline->then(Object(Closure))
#44 /home/customs1/public_html/projects/newsportal/vendor/laravel/framework/src/Illuminate/Foundation/Http/Kernel.php(116): Illuminate\\Foundation\\Http\\Kernel->sendRequestThroughRouter(Object(Illuminate\\Http\\Request))
#45 /home/customs1/public_html/projects/newsportal/public/index.php(55): Illuminate\\Foundation\\Http\\Kernel->handle(Object(Illuminate\\Http\\Request))
#46 {main}
"} 
[2021-07-19 18:54:17] local.ERROR: file_put_contents(A:\laragon\www\newsportal\storage\framework\views/586248950626724bb1f966444695ee13b153f512.php): failed to open stream: No such file or directory {"exception":"[object] (ErrorException(code: 0): file_put_contents(A:\\laragon\\www\
ewsportal\\storage\\framework\\views/586248950626724bb1f966444695ee13b153f512.php): failed to open stream: No such file or directory at /home/customs1/public_html/projects/newsportal/vendor/laravel/framework/src/Illuminate/Filesystem/Filesystem.php:122)
[stacktrace]
#0 [internal function]: Illuminate\\Foundation\\Bootstrap\\HandleExceptions->handleError(2, 'file_put_conten...', '/home/customs1/...', 122, Array)
#1 /home/customs1/public_html/projects/newsportal/vendor/laravel/framework/src/Illuminate/Filesystem/Filesystem.php(122): file_put_contents('A:\\\\laragon\\\\www\\\\...', '<?php $__env->s...', 0)
#2 /home/customs1/public_html/projects/newsportal/vendor/laravel/framework/src/Illuminate/View/Compilers/BladeCompiler.php(122): Illuminate\\Filesystem\\Filesystem->put('A:\\\\laragon\\\\www\\\\...', '<?php $__env->s...')
#3 /home/customs1/public_html/projects/newsportal/vendor/laravel/framework/src/Illuminate/View/Engines/CompilerEngine.php(51): Illuminate\\View\\Compilers\\BladeCompiler->compile('/home/customs1/...')
#4 /home/customs1/public_html/projects/newsportal/vendor/laravel/framework/src/Illuminate/View/View.php(142): Illuminate\\View\\Engines\\CompilerEngine->get('/home/customs1/...', Array)
#5 /home/customs1/public_html/projects/newsportal/vendor/laravel/framework/src/Illuminate/View/View.php(125): Illuminate\\View\\View->getContents()
#6 /home/customs1/public_html/projects/newsportal/vendor/laravel/framework/src/Illuminate/View/View.php(90): Illuminate\\View\\View->renderContents()
#7 /home/customs1/public_html/projects/newsportal/vendor/laravel/framework/src/Illuminate/Http/Response.php(42): Illuminate\\View\\View->render()
#8 /home/customs1/public_html/projects/newsportal/vendor/symfony/http-foundation/Response.php(205): Illuminate\\Http\\Response->setContent(Object(Illuminate\\View\\View))
#9 /home/customs1/public_html/projects/newsportal/vendor/laravel/framework/src/Illuminate/Routing/ResponseFactory.php(55): Symfony\\Component\\HttpFoundation\\Response->__construct(Object(Illuminate\\View\\View), 500, Array)
#10 /home/customs1/public_html/projects/newsportal/vendor/laravel/framework/src/Illuminate/Routing/ResponseFactory.php(81): Illuminate\\Routing\\ResponseFactory->make(Object(Illuminate\\View\\View), 500, Array)
#11 /home/customs1/public_html/projects/newsportal/vendor/laravel/framework/src/Illuminate/Foundation/Exceptions/Handler.php(380): Illuminate\\Routing\\ResponseFactory->view('errors::500', Array, 500, Array)
#12 /home/customs1/public_html/projects/newsportal/vendor/laravel/framework/src/Illuminate/Foundation/Exceptions/Handler.php(289): Illuminate\\Foundation\\Exceptions\\Handler->renderHttpException(Object(Symfony\\Component\\HttpKernel\\Exception\\HttpException))
#13 /home/customs1/public_html/projects/newsportal/vendor/laravel/framework/src/Illuminate/Foundation/Exceptions/Handler.php(188): Illuminate\\Foundation\\Exceptions\\Handler->prepareResponse(Object(Illuminate\\Http\\Request), Object(Symfony\\Component\\HttpKernel\\Exception\\HttpException))
#14 /home/customs1/public_html/projects/newsportal/app/Exceptions/Handler.php(49): Illuminate\\Foundation\\Exceptions\\Handler->render(Object(Illuminate\\Http\\Request), Object(ErrorException))
#15 /home/customs1/public_html/projects/newsportal/vendor/laravel/framework/src/Illuminate/Routing/Pipeline.php(83): App\\Exceptions\\Handler->render(Object(Illuminate\\Http\\Request), Object(ErrorException))
#16 /home/customs1/public_html/projects/newsportal/vendor/laravel/framework/src/Illuminate/Routing/Pipeline.php(32): Illuminate\\Routing\\Pipeline->handleException(Object(Illuminate\\Http\\Request), Object(ErrorException))
#17 /home/customs1/public_html/projects/newsportal/vendor/barryvdh/laravel-debugbar/src/Middleware/InjectDebugbar.php(58): Illuminate\\Routing\\Pipeline->Illuminate\\Routing\\{closure}(Object(Illuminate\\Http\\Request))
#18 /home/customs1/public_html/projects/newsportal/vendor/laravel/framework/src/Illuminate/Pipeline/Pipeline.php(163): Barryvdh\\Debugbar\\Middleware\\InjectDebugbar->handle(Object(Illuminate\\Http\\Request), Object(Closure))
#19 /home/customs1/public_html/projects/newsportal/vendor/laravel/framework/src/Illuminate/Routing/Pipeline.php(53): Illuminate\\Pipeline\\Pipeline->Illuminate\\Pipeline\\{closure}(Object(Illuminate\\Http\\Request))
#20 /home/customs1/public_html/projects/newsportal/vendor/fideloper/proxy/src/TrustProxies.php(57): Illuminate\\Routing\\Pipeline->Illuminate\\Routing\\{closure}(Object(Illuminate\\Http\\Request))
#21 /home/customs1/public_html/projects/newsportal/vendor/laravel/framework/src/Illuminate/Pipeline/Pipeline.php(163): Fideloper\\Proxy\\TrustProxies->handle(Object(Illuminate\\Http\\Request), Object(Closure))
#22 /home/customs1/public_html/projects/newsportal/vendor/laravel/framework/src/Illuminate/Routing/Pipeline.php(53): Illuminate\\Pipeline\\Pipeline->Illuminate\\Pipeline\\{closure}(Object(Illuminate\\Http\\Request))
#23 /home/customs1/public_html/projects/newsportal/vendor/laravel/framework/src/Illuminate/Foundation/Http/Middleware/TransformsRequest.php(31): Illuminate\\Routing\\Pipeline->Illuminate\\Routing\\{closure}(Object(Illuminate\\Http\\Request))
#24 /home/customs1/public_html/projects/newsportal/vendor/laravel/framework/src/Illuminate/Pipeline/Pipeline.php(163): Illuminate\\Foundation\\Http\\Middleware\\TransformsRequest->handle(Object(Illuminate\\Http\\Request), Object(Closure))
#25 /home/customs1/public_html/projects/newsportal/vendor/laravel/framework/src/Illuminate/Routing/Pipeline.php(53): Illuminate\\Pipeline\\Pipeline->Illuminate\\Pipeline\\{closure}(Object(Illuminate\\Http\\Request))
#26 /home/customs1/public_html/projects/newsportal/vendor/laravel/framework/src/Illuminate/Foundation/Http/Middleware/TransformsRequest.php(31): Illuminate\\Routing\\Pipeline->Illuminate\\Routing\\{closure}(Object(Illuminate\\Http\\Request))
#27 /home/customs1/public_html/projects/newsportal/vendor/laravel/framework/src/Illuminate/Pipeline/Pipeline.php(163): Illuminate\\Foundation\\Http\\Middleware\\TransformsRequest->handle(Object(Illuminate\\Http\\Request), Object(Closure))
#28 /home/customs1/public_html/projects/newsportal/vendor/laravel/framework/src/Illuminate/Routing/Pipeline.php(53): Illuminate\\Pipeline\\Pipeline->Illuminate\\Pipeline\\{closure}(Object(Illuminate\\Http\\Request))
#29 /home/customs1/public_html/projects/newsportal/vendor/laravel/framework/src/Illuminate/Foundation/Http/Middleware/ValidatePostSize.php(27): Illuminate\\Routing\\Pipeline->Illuminate\\Routing\\{closure}(Object(Illuminate\\Http\\Request))
#30 /home/customs1/public_html/projects/newsportal/vendor/laravel/framework/src/Illuminate/Pipeline/Pipeline.php(163): Illuminate\\Foundation\\Http\\Middleware\\ValidatePostSize->handle(Object(Illuminate\\Http\\Request), Object(Closure))
#31 /home/customs1/public_html/projects/newsportal/vendor/laravel/framework/src/Illuminate/Routing/Pipeline.php(53): Illuminate\\Pipeline\\Pipeline->Illuminate\\Pipeline\\{closure}(Object(Illuminate\\Http\\Request))
#32 /home/customs1/public_html/projects/newsportal/vendor/laravel/framework/src/Illuminate/Foundation/Http/Middleware/CheckForMaintenanceMode.php(62): Illuminate\\Routing\\Pipeline->Illuminate\\Routing\\{closure}(Object(Illuminate\\Http\\Request))
#33 /home/customs1/public_html/projects/newsportal/vendor/laravel/framework/src/Illuminate/Pipeline/Pipeline.php(163): Illuminate\\Foundation\\Http\\Middleware\\CheckForMaintenanceMode->handle(Object(Illuminate\\Http\\Request), Object(Closure))
#34 /home/customs1/public_html/projects/newsportal/vendor/laravel/framework/src/Illuminate/Routing/Pipeline.php(53): Illuminate\\Pipeline\\Pipeline->Illuminate\\Pipeline\\{closure}(Object(Illuminate\\Http\\Request))
#35 /home/customs1/public_html/projects/newsportal/vendor/laravel/framework/src/Illuminate/Pipeline/Pipeline.php(104): Illuminate\\Routing\\Pipeline->Illuminate\\Routing\\{closure}(Object(Illuminate\\Http\\Request))
#36 /home/customs1/public_html/projects/newsportal/vendor/laravel/framework/src/Illuminate/Foundation/Http/Kernel.php(151): Illuminate\\Pipeline\\Pipeline->then(Object(Closure))
#37 /home/customs1/public_html/projects/newsportal/vendor/laravel/framework/src/Illuminate/Foundation/Http/Kernel.php(116): Illuminate\\Foundation\\Http\\Kernel->sendRequestThroughRouter(Object(Illuminate\\Http\\Request))
#38 /home/customs1/public_html/projects/newsportal/public/index.php(55): Illuminate\\Foundation\\Http\\Kernel->handle(Object(Illuminate\\Http\\Request))
#39 {main}
"} 
[2021-07-19 18:54:17] local.ERROR: file_put_contents(A:\laragon\www\newsportal\storage\framework\views/586248950626724bb1f966444695ee13b153f512.php): failed to open stream: No such file or directory {"exception":"[object] (ErrorException(code: 0): file_put_contents(A:\\laragon\\www\
ewsportal\\storage\\framework\\views/586248950626724bb1f966444695ee13b153f512.php): failed to open stream: No such file or directory at /home/customs1/public_html/projects/newsportal/vendor/laravel/framework/src/Illuminate/Filesystem/Filesystem.php:122)
[stacktrace]
#0 [internal function]: Illuminate\\Foundation\\Bootstrap\\HandleExceptions->handleError(2, 'file_put_conten...', '/home/customs1/...', 122, Array)
#1 /home/customs1/public_html/projects/newsportal/vendor/laravel/framework/src/Illuminate/Filesystem/Filesystem.php(122): file_put_contents('A:\\\\laragon\\\\www\\\\...', '<?php $__env->s...', 0)
#2 /home/customs1/public_html/projects/newsportal/vendor/laravel/framework/src/Illuminate/View/Compilers/BladeCompiler.php(122): Illuminate\\Filesystem\\Filesystem->put('A:\\\\laragon\\\\www\\\\...', '<?php $__env->s...')
#3 /home/customs1/public_html/projects/newsportal/vendor/laravel/framework/src/Illuminate/View/Engines/CompilerEngine.php(51): Illuminate\\View\\Compilers\\BladeCompiler->compile('/home/customs1/...')
#4 /home/customs1/public_html/projects/newsportal/vendor/laravel/framework/src/Illuminate/View/View.php(142): Illuminate\\View\\Engines\\CompilerEngine->get('/home/customs1/...', Array)
#5 /home/customs1/public_html/projects/newsportal/vendor/laravel/framework/src/Illuminate/View/View.php(125): Illuminate\\View\\View->getContents()
#6 /home/customs1/public_html/projects/newsportal/vendor/laravel/framework/src/Illuminate/View/View.php(90): Illuminate\\View\\View->renderContents()
#7 /home/customs1/public_html/projects/newsportal/vendor/laravel/framework/src/Illuminate/Http/Response.php(42): Illuminate\\View\\View->render()
#8 /home/customs1/public_html/projects/newsportal/vendor/symfony/http-foundation/Response.php(205): Illuminate\\Http\\Response->setContent(Object(Illuminate\\View\\View))
#9 /home/customs1/public_html/projects/newsportal/vendor/laravel/framework/src/Illuminate/Routing/ResponseFactory.php(55): Symfony\\Component\\HttpFoundation\\Response->__construct(Object(Illuminate\\View\\View), 500, Array)
#10 /home/customs1/public_html/projects/newsportal/vendor/laravel/framework/src/Illuminate/Routing/ResponseFactory.php(81): Illuminate\\Routing\\ResponseFactory->make(Object(Illuminate\\View\\View), 500, Array)
#11 /home/customs1/public_html/projects/newsportal/vendor/laravel/framework/src/Illuminate/Foundation/Exceptions/Handler.php(380): Illuminate\\Routing\\ResponseFactory->view('errors::500', Array, 500, Array)
#12 /home/customs1/public_html/projects/newsportal/vendor/laravel/framework/src/Illuminate/Foundation/Exceptions/Handler.php(289): Illuminate\\Foundation\\Exceptions\\Handler->renderHttpException(Object(Symfony\\Component\\HttpKernel\\Exception\\HttpException))
#13 /home/customs1/public_html/projects/newsportal/vendor/laravel/framework/src/Illuminate/Foundation/Exceptions/Handler.php(188): Illuminate\\Foundation\\Exceptions\\Handler->prepareResponse(Object(Illuminate\\Http\\Request), Object(Symfony\\Component\\HttpKernel\\Exception\\HttpException))
#14 /home/customs1/public_html/projects/newsportal/app/Exceptions/Handler.php(49): Illuminate\\Foundation\\Exceptions\\Handler->render(Object(Illuminate\\Http\\Request), Object(ErrorException))
#15 /home/customs1/public_html/projects/newsportal/vendor/laravel/framework/src/Illuminate/Routing/Pipeline.php(83): App\\Exceptions\\Handler->render(Object(Illuminate\\Http\\Request), Object(ErrorException))
#16 /home/customs1/public_html/projects/newsportal/vendor/laravel/framework/src/Illuminate/Routing/Pipeline.php(55): Illuminate\\Routing\\Pipeline->handleException(Object(Illuminate\\Http\\Request), Object(ErrorException))
#17 /home/customs1/public_html/projects/newsportal/vendor/fideloper/proxy/src/TrustProxies.php(57): Illuminate\\Routing\\Pipeline->Illuminate\\Routing\\{closure}(Object(Illuminate\\Http\\Request))
#18 /home/customs1/public_html/projects/newsportal/vendor/laravel/framework/src/Illuminate/Pipeline/Pipeline.php(163): Fideloper\\Proxy\\TrustProxies->handle(Object(Illuminate\\Http\\Request), Object(Closure))
#19 /home/customs1/public_html/projects/newsportal/vendor/laravel/framework/src/Illuminate/Routing/Pipeline.php(53): Illuminate\\Pipeline\\Pipeline->Illuminate\\Pipeline\\{closure}(Object(Illuminate\\Http\\Request))
#20 /home/customs1/public_html/projects/newsportal/vendor/laravel/framework/src/Illuminate/Foundation/Http/Middleware/TransformsRequest.php(31): Illuminate\\Routing\\Pipeline->Illuminate\\Routing\\{closure}(Object(Illuminate\\Http\\Request))
#21 /home/customs1/public_html/projects/newsportal/vendor/laravel/framework/src/Illuminate/Pipeline/Pipeline.php(163): Illuminate\\Foundation\\Http\\Middleware\\TransformsRequest->handle(Object(Illuminate\\Http\\Request), Object(Closure))
#22 /home/customs1/public_html/projects/newsportal/vendor/laravel/framework/src/Illuminate/Routing/Pipeline.php(53): Illuminate\\Pipeline\\Pipeline->Illuminate\\Pipeline\\{closure}(Object(Illuminate\\Http\\Request))
#23 /home/customs1/public_html/projects/newsportal/vendor/laravel/framework/src/Illuminate/Foundation/Http/Middleware/TransformsRequest.php(31): Illuminate\\Routing\\Pipeline->Illuminate\\Routing\\{closure}(Object(Illuminate\\Http\\Request))
#24 /home/customs1/public_html/projects/newsportal/vendor/laravel/framework/src/Illuminate/Pipeline/Pipeline.php(163): Illuminate\\Foundation\\Http\\Middleware\\TransformsRequest->handle(Object(Illuminate\\Http\\Request), Object(Closure))
#25 /home/customs1/public_html/projects/newsportal/vendor/laravel/framework/src/Illuminate/Routing/Pipeline.php(53): Illuminate\\Pipeline\\Pipeline->Illuminate\\Pipeline\\{closure}(Object(Illuminate\\Http\\Request))
#26 /home/customs1/public_html/projects/newsportal/vendor/laravel/framework/src/Illuminate/Foundation/Http/Middleware/ValidatePostSize.php(27): Illuminate\\Routing\\Pipeline->Illuminate\\Routing\\{closure}(Object(Illuminate\\Http\\Request))
#27 /home/customs1/public_html/projects/newsportal/vendor/laravel/framework/src/Illuminate/Pipeline/Pipeline.php(163): Illuminate\\Foundation\\Http\\Middleware\\ValidatePostSize->handle(Object(Illuminate\\Http\\Request), Object(Closure))
#28 /home/customs1/public_html/projects/newsportal/vendor/laravel/framework/src/Illuminate/Routing/Pipeline.php(53): Illuminate\\Pipeline\\Pipeline->Illuminate\\Pipeline\\{closure}(Object(Illuminate\\Http\\Request))
#29 /home/customs1/public_html/projects/newsportal/vendor/laravel/framework/src/Illuminate/Foundation/Http/Middleware/CheckForMaintenanceMode.php(62): Illuminate\\Routing\\Pipeline->Illuminate\\Routing\\{closure}(Object(Illuminate\\Http\\Request))
#30 /home/customs1/public_html/projects/newsportal/vendor/laravel/framework/src/Illuminate/Pipeline/Pipeline.php(163): Illuminate\\Foundation\\Http\\Middleware\\CheckForMaintenanceMode->handle(Object(Illuminate\\Http\\Request), Object(Closure))
#31 /home/customs1/public_html/projects/newsportal/vendor/laravel/framework/src/Illuminate/Routing/Pipeline.php(53): Illuminate\\Pipeline\\Pipeline->Illuminate\\Pipeline\\{closure}(Object(Illuminate\\Http\\Request))
#32 /home/customs1/public_html/projects/newsportal/vendor/laravel/framework/src/Illuminate/Pipeline/Pipeline.php(104): Illuminate\\Routing\\Pipeline->Illuminate\\Routing\\{closure}(Object(Illuminate\\Http\\Request))
#33 /home/customs1/public_html/projects/newsportal/vendor/laravel/framework/src/Illuminate/Foundation/Http/Kernel.php(151): Illuminate\\Pipeline\\Pipeline->then(Object(Closure))
#34 /home/customs1/public_html/projects/newsportal/vendor/laravel/framework/src/Illuminate/Foundation/Http/Kernel.php(116): Illuminate\\Foundation\\Http\\Kernel->sendRequestThroughRouter(Object(Illuminate\\Http\\Request))
#35 /home/customs1/public_html/projects/newsportal/public/index.php(55): Illuminate\\Foundation\\Http\\Kernel->handle(Object(Illuminate\\Http\\Request))
#36 {main}
"} 
[2021-07-19 18:54:17] local.ERROR: file_put_contents(A:\laragon\www\newsportal\storage\framework\views/586248950626724bb1f966444695ee13b153f512.php): failed to open stream: No such file or directory {"exception":"[object] (ErrorException(code: 0): file_put_contents(A:\\laragon\\www\
ewsportal\\storage\\framework\\views/586248950626724bb1f966444695ee13b153f512.php): failed to open stream: No such file or directory at /home/customs1/public_html/projects/newsportal/vendor/laravel/framework/src/Illuminate/Filesystem/Filesystem.php:122)
[stacktrace]
#0 [internal function]: Illuminate\\Foundation\\Bootstrap\\HandleExceptions->handleError(2, 'file_put_conten...', '/home/customs1/...', 122, Array)
#1 /home/customs1/public_html/projects/newsportal/vendor/laravel/framework/src/Illuminate/Filesystem/Filesystem.php(122): file_put_contents('A:\\\\laragon\\\\www\\\\...', '<?php $__env->s...', 0)
#2 /home/customs1/public_html/projects/newsportal/vendor/laravel/framework/src/Illuminate/View/Compilers/BladeCompiler.php(122): Illuminate\\Filesystem\\Filesystem->put('A:\\\\laragon\\\\www\\\\...', '<?php $__env->s...')
#3 /home/customs1/public_html/projects/newsportal/vendor/laravel/framework/src/Illuminate/View/Engines/CompilerEngine.php(51): Illuminate\\View\\Compilers\\BladeCompiler->compile('/home/customs1/...')
#4 /home/customs1/public_html/projects/newsportal/vendor/laravel/framework/src/Illuminate/View/View.php(142): Illuminate\\View\\Engines\\CompilerEngine->get('/home/customs1/...', Array)
#5 /home/customs1/public_html/projects/newsportal/vendor/laravel/framework/src/Illuminate/View/View.php(125): Illuminate\\View\\View->getContents()
#6 /home/customs1/public_html/projects/newsportal/vendor/laravel/framework/src/Illuminate/View/View.php(90): Illuminate\\View\\View->renderContents()
#7 /home/customs1/public_html/projects/newsportal/vendor/laravel/framework/src/Illuminate/Http/Response.php(42): Illuminate\\View\\View->render()
#8 /home/customs1/public_html/projects/newsportal/vendor/symfony/http-foundation/Response.php(205): Illuminate\\Http\\Response->setContent(Object(Illuminate\\View\\View))
#9 /home/customs1/public_html/projects/newsportal/vendor/laravel/framework/src/Illuminate/Routing/ResponseFactory.php(55): Symfony\\Component\\HttpFoundation\\Response->__construct(Object(Illuminate\\View\\View), 500, Array)
#10 /home/customs1/public_html/projects/newsportal/vendor/laravel/framework/src/Illuminate/Routing/ResponseFactory.php(81): Illuminate\\Routing\\ResponseFactory->make(Object(Illuminate\\View\\View), 500, Array)
#11 /home/customs1/public_html/projects/newsportal/vendor/laravel/framework/src/Illuminate/Foundation/Exceptions/Handler.php(380): Illuminate\\Routing\\ResponseFactory->view('errors::500', Array, 500, Array)
#12 /home/customs1/public_html/projects/newsportal/vendor/laravel/framework/src/Illuminate/Foundation/Exceptions/Handler.php(289): Illuminate\\Foundation\\Exceptions\\Handler->renderHttpException(Object(Symfony\\Component\\HttpKernel\\Exception\\HttpException))
#13 /home/customs1/public_html/projects/newsportal/vendor/laravel/framework/src/Illuminate/Foundation/Exceptions/Handler.php(188): Illuminate\\Foundation\\Exceptions\\Handler->prepareResponse(Object(Illuminate\\Http\\Request), Object(Symfony\\Component\\HttpKernel\\Exception\\HttpException))
#14 /home/customs1/public_html/projects/newsportal/app/Exceptions/Handler.php(49): Illuminate\\Foundation\\Exceptions\\Handler->render(Object(Illuminate\\Http\\Request), Object(ErrorException))
#15 /home/customs1/public_html/projects/newsportal/vendor/laravel/framework/src/Illuminate/Routing/Pipeline.php(83): App\\Exceptions\\Handler->render(Object(Illuminate\\Http\\Request), Object(ErrorException))
#16 /home/customs1/public_html/projects/newsportal/vendor/laravel/framework/src/Illuminate/Routing/Pipeline.php(55): Illuminate\\Routing\\Pipeline->handleException(Object(Illuminate\\Http\\Request), Object(ErrorException))
#17 /home/customs1/public_html/projects/newsportal/vendor/laravel/framework/src/Illuminate/Foundation/Http/Middleware/TransformsRequest.php(31): Illuminate\\Routing\\Pipeline->Illuminate\\Routing\\{closure}(Object(Illuminate\\Http\\Request))
#18 /home/customs1/public_html/projects/newsportal/vendor/laravel/framework/src/Illuminate/Pipeline/Pipeline.php(163): Illuminate\\Foundation\\Http\\Middleware\\TransformsRequest->handle(Object(Illuminate\\Http\\Request), Object(Closure))
#19 /home/customs1/public_html/projects/newsportal/vendor/laravel/framework/src/Illuminate/Routing/Pipeline.php(53): Illuminate\\Pipeline\\Pipeline->Illuminate\\Pipeline\\{closure}(Object(Illuminate\\Http\\Request))
#20 /home/customs1/public_html/projects/newsportal/vendor/laravel/framework/src/Illuminate/Foundation/Http/Middleware/TransformsRequest.php(31): Illuminate\\Routing\\Pipeline->Illuminate\\Routing\\{closure}(Object(Illuminate\\Http\\Request))
#21 /home/customs1/public_html/projects/newsportal/vendor/laravel/framework/src/Illuminate/Pipeline/Pipeline.php(163): Illuminate\\Foundation\\Http\\Middleware\\TransformsRequest->handle(Object(Illuminate\\Http\\Request), Object(Closure))
#22 /home/customs1/public_html/projects/newsportal/vendor/laravel/framework/src/Illuminate/Routing/Pipeline.php(53): Illuminate\\Pipeline\\Pipeline->Illuminate\\Pipeline\\{closure}(Object(Illuminate\\Http\\Request))
#23 /home/customs1/public_html/projects/newsportal/vendor/laravel/framework/src/Illuminate/Foundation/Http/Middleware/ValidatePostSize.php(27): Illuminate\\Routing\\Pipeline->Illuminate\\Routing\\{closure}(Object(Illuminate\\Http\\Request))
#24 /home/customs1/public_html/projects/newsportal/vendor/laravel/framework/src/Illuminate/Pipeline/Pipeline.php(163): Illuminate\\Foundation\\Http\\Middleware\\ValidatePostSize->handle(Object(Illuminate\\Http\\Request), Object(Closure))
#25 /home/customs1/public_html/projects/newsportal/vendor/laravel/framework/src/Illuminate/Routing/Pipeline.php(53): Illuminate\\Pipeline\\Pipeline->Illuminate\\Pipeline\\{closure}(Object(Illuminate\\Http\\Request))
#26 /home/customs1/public_html/projects/newsportal/vendor/laravel/framework/src/Illuminate/Foundation/Http/Middleware/CheckForMaintenanceMode.php(62): Illuminate\\Routing\\Pipeline->Illuminate\\Routing\\{closure}(Object(Illuminate\\Http\\Request))
#27 /home/customs1/public_html/projects/newsportal/vendor/laravel/framework/src/Illuminate/Pipeline/Pipeline.php(163): Illuminate\\Foundation\\Http\\Middleware\\CheckForMaintenanceMode->handle(Object(Illuminate\\Http\\Request), Object(Closure))
#28 /home/customs1/public_html/projects/newsportal/vendor/laravel/framework/src/Illuminate/Routing/Pipeline.php(53): Illuminate\\Pipeline\\Pipeline->Illuminate\\Pipeline\\{closure}(Object(Illuminate\\Http\\Request))
#29 /home/customs1/public_html/projects/newsportal/vendor/laravel/framework/src/Illuminate/Pipeline/Pipeline.php(104): Illuminate\\Routing\\Pipeline->Illuminate\\Routing\\{closure}(Object(Illuminate\\Http\\Request))
#30 /home/customs1/public_html/projects/newsportal/vendor/laravel/framework/src/Illuminate/Foundation/Http/Kernel.php(151): Illuminate\\Pipeline\\Pipeline->then(Object(Closure))
#31 /home/customs1/public_html/projects/newsportal/vendor/laravel/framework/src/Illuminate/Foundation/Http/Kernel.php(116): Illuminate\\Foundation\\Http\\Kernel->sendRequestThroughRouter(Object(Illuminate\\Http\\Request))
#32 /home/customs1/public_html/projects/newsportal/public/index.php(55): Illuminate\\Foundation\\Http\\Kernel->handle(Object(Illuminate\\Http\\Request))
#33 {main}
"} 
[2021-07-19 18:54:17] local.ERROR: file_put_contents(A:\laragon\www\newsportal\storage\framework\views/586248950626724bb1f966444695ee13b153f512.php): failed to open stream: No such file or directory {"exception":"[object] (ErrorException(code: 0): file_put_contents(A:\\laragon\\www\
ewsportal\\storage\\framework\\views/586248950626724bb1f966444695ee13b153f512.php): failed to open stream: No such file or directory at /home/customs1/public_html/projects/newsportal/vendor/laravel/framework/src/Illuminate/Filesystem/Filesystem.php:122)
[stacktrace]
#0 [internal function]: Illuminate\\Foundation\\Bootstrap\\HandleExceptions->handleError(2, 'file_put_conten...', '/home/customs1/...', 122, Array)
#1 /home/customs1/public_html/projects/newsportal/vendor/laravel/framework/src/Illuminate/Filesystem/Filesystem.php(122): file_put_contents('A:\\\\laragon\\\\www\\\\...', '<?php $__env->s...', 0)
#2 /home/customs1/public_html/projects/newsportal/vendor/laravel/framework/src/Illuminate/View/Compilers/BladeCompiler.php(122): Illuminate\\Filesystem\\Filesystem->put('A:\\\\laragon\\\\www\\\\...', '<?php $__env->s...')
#3 /home/customs1/public_html/projects/newsportal/vendor/laravel/framework/src/Illuminate/View/Engines/CompilerEngine.php(51): Illuminate\\View\\Compilers\\BladeCompiler->compile('/home/customs1/...')
#4 /home/customs1/public_html/projects/newsportal/vendor/laravel/framework/src/Illuminate/View/View.php(142): Illuminate\\View\\Engines\\CompilerEngine->get('/home/customs1/...', Array)
#5 /home/customs1/public_html/projects/newsportal/vendor/laravel/framework/src/Illuminate/View/View.php(125): Illuminate\\View\\View->getContents()
#6 /home/customs1/public_html/projects/newsportal/vendor/laravel/framework/src/Illuminate/View/View.php(90): Illuminate\\View\\View->renderContents()
#7 /home/customs1/public_html/projects/newsportal/vendor/laravel/framework/src/Illuminate/Http/Response.php(42): Illuminate\\View\\View->render()
#8 /home/customs1/public_html/projects/newsportal/vendor/symfony/http-foundation/Response.php(205): Illuminate\\Http\\Response->setContent(Object(Illuminate\\View\\View))
#9 /home/customs1/public_html/projects/newsportal/vendor/laravel/framework/src/Illuminate/Routing/ResponseFactory.php(55): Symfony\\Component\\HttpFoundation\\Response->__construct(Object(Illuminate\\View\\View), 500, Array)
#10 /home/customs1/public_html/projects/newsportal/vendor/laravel/framework/src/Illuminate/Routing/ResponseFactory.php(81): Illuminate\\Routing\\ResponseFactory->make(Object(Illuminate\\View\\View), 500, Array)
#11 /home/customs1/public_html/projects/newsportal/vendor/laravel/framework/src/Illuminate/Foundation/Exceptions/Handler.php(380): Illuminate\\Routing\\ResponseFactory->view('errors::500', Array, 500, Array)
#12 /home/customs1/public_html/projects/newsportal/vendor/laravel/framework/src/Illuminate/Foundation/Exceptions/Handler.php(289): Illuminate\\Foundation\\Exceptions\\Handler->renderHttpException(Object(Symfony\\Component\\HttpKernel\\Exception\\HttpException))
#13 /home/customs1/public_html/projects/newsportal/vendor/laravel/framework/src/Illuminate/Foundation/Exceptions/Handler.php(188): Illuminate\\Foundation\\Exceptions\\Handler->prepareResponse(Object(Illuminate\\Http\\Request), Object(Symfony\\Component\\HttpKernel\\Exception\\HttpException))
#14 /home/customs1/public_html/projects/newsportal/app/Exceptions/Handler.php(49): Illuminate\\Foundation\\Exceptions\\Handler->render(Object(Illuminate\\Http\\Request), Object(ErrorException))
#15 /home/customs1/public_html/projects/newsportal/vendor/laravel/framework/src/Illuminate/Routing/Pipeline.php(83): App\\Exceptions\\Handler->render(Object(Illuminate\\Http\\Request), Object(ErrorException))
#16 /home/customs1/public_html/projects/newsportal/vendor/laravel/framework/src/Illuminate/Routing/Pipeline.php(55): Illuminate\\Routing\\Pipeline->handleException(Object(Illuminate\\Http\\Request), Object(ErrorException))
#17 /home/customs1/public_html/projects/newsportal/vendor/laravel/framework/src/Illuminate/Foundation/Http/Middleware/TransformsRequest.php(31): Illuminate\\Routing\\Pipeline->Illuminate\\Routing\\{closure}(Object(Illuminate\\Http\\Request))
#18 /home/customs1/public_html/projects/newsportal/vendor/laravel/framework/src/Illuminate/Pipeline/Pipeline.php(163): Illuminate\\Foundation\\Http\\Middleware\\TransformsRequest->handle(Object(Illuminate\\Http\\Request), Object(Closure))
#19 /home/customs1/public_html/projects/newsportal/vendor/laravel/framework/src/Illuminate/Routing/Pipeline.php(53): Illuminate\\Pipeline\\Pipeline->Illuminate\\Pipeline\\{closure}(Object(Illuminate\\Http\\Request))
#20 /home/customs1/public_html/projects/newsportal/vendor/laravel/framework/src/Illuminate/Foundation/Http/Middleware/ValidatePostSize.php(27): Illuminate\\Routing\\Pipeline->Illuminate\\Routing\\{closure}(Object(Illuminate\\Http\\Request))
#21 /home/customs1/public_html/projects/newsportal/vendor/laravel/framework/src/Illuminate/Pipeline/Pipeline.php(163): Illuminate\\Foundation\\Http\\Middleware\\ValidatePostSize->handle(Object(Illuminate\\Http\\Request), Object(Closure))
#22 /home/customs1/public_html/projects/newsportal/vendor/laravel/framework/src/Illuminate/Routing/Pipeline.php(53): Illuminate\\Pipeline\\Pipeline->Illuminate\\Pipeline\\{closure}(Object(Illuminate\\Http\\Request))
#23 /home/customs1/public_html/projects/newsportal/vendor/laravel/framework/src/Illuminate/Foundation/Http/Middleware/CheckForMaintenanceMode.php(62): Illuminate\\Routing\\Pipeline->Illuminate\\Routing\\{closure}(Object(Illuminate\\Http\\Request))
#24 /home/customs1/public_html/projects/newsportal/vendor/laravel/framework/src/Illuminate/Pipeline/Pipeline.php(163): Illuminate\\Foundation\\Http\\Middleware\\CheckForMaintenanceMode->handle(Object(Illuminate\\Http\\Request), Object(Closure))
#25 /home/customs1/public_html/projects/newsportal/vendor/laravel/framework/src/Illuminate/Routing/Pipeline.php(53): Illuminate\\Pipeline\\Pipeline->Illuminate\\Pipeline\\{closure}(Object(Illuminate\\Http\\Request))
#26 /home/customs1/public_html/projects/newsportal/vendor/laravel/framework/src/Illuminate/Pipeline/Pipeline.php(104): Illuminate\\Routing\\Pipeline->Illuminate\\Routing\\{closure}(Object(Illuminate\\Http\\Request))
#27 /home/customs1/public_html/projects/newsportal/vendor/laravel/framework/src/Illuminate/Foundation/Http/Kernel.php(151): Illuminate\\Pipeline\\Pipeline->then(Object(Closure))
#28 /home/customs1/public_html/projects/newsportal/vendor/laravel/framework/src/Illuminate/Foundation/Http/Kernel.php(116): Illuminate\\Foundation\\Http\\Kernel->sendRequestThroughRouter(Object(Illuminate\\Http\\Request))
#29 /home/customs1/public_html/projects/newsportal/public/index.php(55): Illuminate\\Foundation\\Http\\Kernel->handle(Object(Illuminate\\Http\\Request))
#30 {main}
"} 
[2021-07-19 18:54:17] local.ERROR: file_put_contents(A:\laragon\www\newsportal\storage\framework\views/586248950626724bb1f966444695ee13b153f512.php): failed to open stream: No such file or directory {"exception":"[object] (ErrorException(code: 0): file_put_contents(A:\\laragon\\www\
ewsportal\\storage\\framework\\views/586248950626724bb1f966444695ee13b153f512.php): failed to open stream: No such file or directory at /home/customs1/public_html/projects/newsportal/vendor/laravel/framework/src/Illuminate/Filesystem/Filesystem.php:122)
[stacktrace]
#0 [internal function]: Illuminate\\Foundation\\Bootstrap\\HandleExceptions->handleError(2, 'file_put_conten...', '/home/customs1/...', 122, Array)
#1 /home/customs1/public_html/projects/newsportal/vendor/laravel/framework/src/Illuminate/Filesystem/Filesystem.php(122): file_put_contents('A:\\\\laragon\\\\www\\\\...', '<?php $__env->s...', 0)
#2 /home/customs1/public_html/projects/newsportal/vendor/laravel/framework/src/Illuminate/View/Compilers/BladeCompiler.php(122): Illuminate\\Filesystem\\Filesystem->put('A:\\\\laragon\\\\www\\\\...', '<?php $__env->s...')
#3 /home/customs1/public_html/projects/newsportal/vendor/laravel/framework/src/Illuminate/View/Engines/CompilerEngine.php(51): Illuminate\\View\\Compilers\\BladeCompiler->compile('/home/customs1/...')
#4 /home/customs1/public_html/projects/newsportal/vendor/laravel/framework/src/Illuminate/View/View.php(142): Illuminate\\View\\Engines\\CompilerEngine->get('/home/customs1/...', Array)
#5 /home/customs1/public_html/projects/newsportal/vendor/laravel/framework/src/Illuminate/View/View.php(125): Illuminate\\View\\View->getContents()
#6 /home/customs1/public_html/projects/newsportal/vendor/laravel/framework/src/Illuminate/View/View.php(90): Illuminate\\View\\View->renderContents()
#7 /home/customs1/public_html/projects/newsportal/vendor/laravel/framework/src/Illuminate/Http/Response.php(42): Illuminate\\View\\View->render()
#8 /home/customs1/public_html/projects/newsportal/vendor/symfony/http-foundation/Response.php(205): Illuminate\\Http\\Response->setContent(Object(Illuminate\\View\\View))
#9 /home/customs1/public_html/projects/newsportal/vendor/laravel/framework/src/Illuminate/Routing/ResponseFactory.php(55): Symfony\\Component\\HttpFoundation\\Response->__construct(Object(Illuminate\\View\\View), 500, Array)
#10 /home/customs1/public_html/projects/newsportal/vendor/laravel/framework/src/Illuminate/Routing/ResponseFactory.php(81): Illuminate\\Routing\\ResponseFactory->make(Object(Illuminate\\View\\View), 500, Array)
#11 /home/customs1/public_html/projects/newsportal/vendor/laravel/framework/src/Illuminate/Foundation/Exceptions/Handler.php(380): Illuminate\\Routing\\ResponseFactory->view('errors::500', Array, 500, Array)
#12 /home/customs1/public_html/projects/newsportal/vendor/laravel/framework/src/Illuminate/Foundation/Exceptions/Handler.php(289): Illuminate\\Foundation\\Exceptions\\Handler->renderHttpException(Object(Symfony\\Component\\HttpKernel\\Exception\\HttpException))
#13 /home/customs1/public_html/projects/newsportal/vendor/laravel/framework/src/Illuminate/Foundation/Exceptions/Handler.php(188): Illuminate\\Foundation\\Exceptions\\Handler->prepareResponse(Object(Illuminate\\Http\\Request), Object(Symfony\\Component\\HttpKernel\\Exception\\HttpException))
#14 /home/customs1/public_html/projects/newsportal/app/Exceptions/Handler.php(49): Illuminate\\Foundation\\Exceptions\\Handler->render(Object(Illuminate\\Http\\Request), Object(ErrorException))
#15 /home/customs1/public_html/projects/newsportal/vendor/laravel/framework/src/Illuminate/Routing/Pipeline.php(83): App\\Exceptions\\Handler->render(Object(Illuminate\\Http\\Request), Object(ErrorException))
#16 /home/customs1/public_html/projects/newsportal/vendor/laravel/framework/src/Illuminate/Routing/Pipeline.php(55): Illuminate\\Routing\\Pipeline->handleException(Object(Illuminate\\Http\\Request), Object(ErrorException))
#17 /home/customs1/public_html/projects/newsportal/vendor/laravel/framework/src/Illuminate/Foundation/Http/Middleware/ValidatePostSize.php(27): Illuminate\\Routing\\Pipeline->Illuminate\\Routing\\{closure}(Object(Illuminate\\Http\\Request))
#18 /home/customs1/public_html/projects/newsportal/vendor/laravel/framework/src/Illuminate/Pipeline/Pipeline.php(163): Illuminate\\Foundation\\Http\\Middleware\\ValidatePostSize->handle(Object(Illuminate\\Http\\Request), Object(Closure))
#19 /home/customs1/public_html/projects/newsportal/vendor/laravel/framework/src/Illuminate/Routing/Pipeline.php(53): Illuminate\\Pipeline\\Pipeline->Illuminate\\Pipeline\\{closure}(Object(Illuminate\\Http\\Request))
#20 /home/customs1/public_html/projects/newsportal/vendor/laravel/framework/src/Illuminate/Foundation/Http/Middleware/CheckForMaintenanceMode.php(62): Illuminate\\Routing\\Pipeline->Illuminate\\Routing\\{closure}(Object(Illuminate\\Http\\Request))
#21 /home/customs1/public_html/projects/newsportal/vendor/laravel/framework/src/Illuminate/Pipeline/Pipeline.php(163): Illuminate\\Foundation\\Http\\Middleware\\CheckForMaintenanceMode->handle(Object(Illuminate\\Http\\Request), Object(Closure))
#22 /home/customs1/public_html/projects/newsportal/vendor/laravel/framework/src/Illuminate/Routing/Pipeline.php(53): Illuminate\\Pipeline\\Pipeline->Illuminate\\Pipeline\\{closure}(Object(Illuminate\\Http\\Request))
#23 /home/customs1/public_html/projects/newsportal/vendor/laravel/framework/src/Illuminate/Pipeline/Pipeline.php(104): Illuminate\\Routing\\Pipeline->Illuminate\\Routing\\{closure}(Object(Illuminate\\Http\\Request))
#24 /home/customs1/public_html/projects/newsportal/vendor/laravel/framework/src/Illuminate/Foundation/Http/Kernel.php(151): Illuminate\\Pipeline\\Pipeline->then(Object(Closure))
#25 /home/customs1/public_html/projects/newsportal/vendor/laravel/framework/src/Illuminate/Foundation/Http/Kernel.php(116): Illuminate\\Foundation\\Http\\Kernel->sendRequestThroughRouter(Object(Illuminate\\Http\\Request))
#26 /home/customs1/public_html/projects/newsportal/public/index.php(55): Illuminate\\Foundation\\Http\\Kernel->handle(Object(Illuminate\\Http\\Request))
#27 {main}
"} 
[2021-07-19 18:54:17] local.ERROR: file_put_contents(A:\laragon\www\newsportal\storage\framework\views/586248950626724bb1f966444695ee13b153f512.php): failed to open stream: No such file or directory {"exception":"[object] (ErrorException(code: 0): file_put_contents(A:\\laragon\\www\
ewsportal\\storage\\framework\\views/586248950626724bb1f966444695ee13b153f512.php): failed to open stream: No such file or directory at /home/customs1/public_html/projects/newsportal/vendor/laravel/framework/src/Illuminate/Filesystem/Filesystem.php:122)
[stacktrace]
#0 [internal function]: Illuminate\\Foundation\\Bootstrap\\HandleExceptions->handleError(2, 'file_put_conten...', '/home/customs1/...', 122, Array)
#1 /home/customs1/public_html/projects/newsportal/vendor/laravel/framework/src/Illuminate/Filesystem/Filesystem.php(122): file_put_contents('A:\\\\laragon\\\\www\\\\...', '<?php $__env->s...', 0)
#2 /home/customs1/public_html/projects/newsportal/vendor/laravel/framework/src/Illuminate/View/Compilers/BladeCompiler.php(122): Illuminate\\Filesystem\\Filesystem->put('A:\\\\laragon\\\\www\\\\...', '<?php $__env->s...')
#3 /home/customs1/public_html/projects/newsportal/vendor/laravel/framework/src/Illuminate/View/Engines/CompilerEngine.php(51): Illuminate\\View\\Compilers\\BladeCompiler->compile('/home/customs1/...')
#4 /home/customs1/public_html/projects/newsportal/vendor/laravel/framework/src/Illuminate/View/View.php(142): Illuminate\\View\\Engines\\CompilerEngine->get('/home/customs1/...', Array)
#5 /home/customs1/public_html/projects/newsportal/vendor/laravel/framework/src/Illuminate/View/View.php(125): Illuminate\\View\\View->getContents()
#6 /home/customs1/public_html/projects/newsportal/vendor/laravel/framework/src/Illuminate/View/View.php(90): Illuminate\\View\\View->renderContents()
#7 /home/customs1/public_html/projects/newsportal/vendor/laravel/framework/src/Illuminate/Http/Response.php(42): Illuminate\\View\\View->render()
#8 /home/customs1/public_html/projects/newsportal/vendor/symfony/http-foundation/Response.php(205): Illuminate\\Http\\Response->setContent(Object(Illuminate\\View\\View))
#9 /home/customs1/public_html/projects/newsportal/vendor/laravel/framework/src/Illuminate/Routing/ResponseFactory.php(55): Symfony\\Component\\HttpFoundation\\Response->__construct(Object(Illuminate\\View\\View), 500, Array)
#10 /home/customs1/public_html/projects/newsportal/vendor/laravel/framework/src/Illuminate/Routing/ResponseFactory.php(81): Illuminate\\Routing\\ResponseFactory->make(Object(Illuminate\\View\\View), 500, Array)
#11 /home/customs1/public_html/projects/newsportal/vendor/laravel/framework/src/Illuminate/Foundation/Exceptions/Handler.php(380): Illuminate\\Routing\\ResponseFactory->view('errors::500', Array, 500, Array)
#12 /home/customs1/public_html/projects/newsportal/vendor/laravel/framework/src/Illuminate/Foundation/Exceptions/Handler.php(289): Illuminate\\Foundation\\Exceptions\\Handler->renderHttpException(Object(Symfony\\Component\\HttpKernel\\Exception\\HttpException))
#13 /home/customs1/public_html/projects/newsportal/vendor/laravel/framework/src/Illuminate/Foundation/Exceptions/Handler.php(188): Illuminate\\Foundation\\Exceptions\\Handler->prepareResponse(Object(Illuminate\\Http\\Request), Object(Symfony\\Component\\HttpKernel\\Exception\\HttpException))
#14 /home/customs1/public_html/projects/newsportal/app/Exceptions/Handler.php(49): Illuminate\\Foundation\\Exceptions\\Handler->render(Object(Illuminate\\Http\\Request), Object(ErrorException))
#15 /home/customs1/public_html/projects/newsportal/vendor/laravel/framework/src/Illuminate/Routing/Pipeline.php(83): App\\Exceptions\\Handler->render(Object(Illuminate\\Http\\Request), Object(ErrorException))
#16 /home/customs1/public_html/projects/newsportal/vendor/laravel/framework/src/Illuminate/Routing/Pipeline.php(55): Illuminate\\Routing\\Pipeline->handleException(Object(Illuminate\\Http\\Request), Object(ErrorException))
#17 /home/customs1/public_html/projects/newsportal/vendor/laravel/framework/src/Illuminate/Foundation/Http/Middleware/CheckForMaintenanceMode.php(62): Illuminate\\Routing\\Pipeline->Illuminate\\Routing\\{closure}(Object(Illuminate\\Http\\Request))
#18 /home/customs1/public_html/projects/newsportal/vendor/laravel/framework/src/Illuminate/Pipeline/Pipeline.php(163): Illuminate\\Foundation\\Http\\Middleware\\CheckForMaintenanceMode->handle(Object(Illuminate\\Http\\Request), Object(Closure))
#19 /home/customs1/public_html/projects/newsportal/vendor/laravel/framework/src/Illuminate/Routing/Pipeline.php(53): Illuminate\\Pipeline\\Pipeline->Illuminate\\Pipeline\\{closure}(Object(Illuminate\\Http\\Request))
#20 /home/customs1/public_html/projects/newsportal/vendor/laravel/framework/src/Illuminate/Pipeline/Pipeline.php(104): Illuminate\\Routing\\Pipeline->Illuminate\\Routing\\{closure}(Object(Illuminate\\Http\\Request))
#21 /home/customs1/public_html/projects/newsportal/vendor/laravel/framework/src/Illuminate/Foundation/Http/Kernel.php(151): Illuminate\\Pipeline\\Pipeline->then(Object(Closure))
#22 /home/customs1/public_html/projects/newsportal/vendor/laravel/framework/src/Illuminate/Foundation/Http/Kernel.php(116): Illuminate\\Foundation\\Http\\Kernel->sendRequestThroughRouter(Object(Illuminate\\Http\\Request))
#23 /home/customs1/public_html/projects/newsportal/public/index.php(55): Illuminate\\Foundation\\Http\\Kernel->handle(Object(Illuminate\\Http\\Request))
#24 {main}
"} 
[2021-07-19 18:54:17] local.ERROR: file_put_contents(A:\laragon\www\newsportal\storage\framework\views/586248950626724bb1f966444695ee13b153f512.php): failed to open stream: No such file or directory {"exception":"[object] (ErrorException(code: 0): file_put_contents(A:\\laragon\\www\
ewsportal\\storage\\framework\\views/586248950626724bb1f966444695ee13b153f512.php): failed to open stream: No such file or directory at /home/customs1/public_html/projects/newsportal/vendor/laravel/framework/src/Illuminate/Filesystem/Filesystem.php:122)
[stacktrace]
#0 [internal function]: Illuminate\\Foundation\\Bootstrap\\HandleExceptions->handleError(2, 'file_put_conten...', '/home/customs1/...', 122, Array)
#1 /home/customs1/public_html/projects/newsportal/vendor/laravel/framework/src/Illuminate/Filesystem/Filesystem.php(122): file_put_contents('A:\\\\laragon\\\\www\\\\...', '<?php $__env->s...', 0)
#2 /home/customs1/public_html/projects/newsportal/vendor/laravel/framework/src/Illuminate/View/Compilers/BladeCompiler.php(122): Illuminate\\Filesystem\\Filesystem->put('A:\\\\laragon\\\\www\\\\...', '<?php $__env->s...')
#3 /home/customs1/public_html/projects/newsportal/vendor/laravel/framework/src/Illuminate/View/Engines/CompilerEngine.php(51): Illuminate\\View\\Compilers\\BladeCompiler->compile('/home/customs1/...')
#4 /home/customs1/public_html/projects/newsportal/vendor/laravel/framework/src/Illuminate/View/View.php(142): Illuminate\\View\\Engines\\CompilerEngine->get('/home/customs1/...', Array)
#5 /home/customs1/public_html/projects/newsportal/vendor/laravel/framework/src/Illuminate/View/View.php(125): Illuminate\\View\\View->getContents()
#6 /home/customs1/public_html/projects/newsportal/vendor/laravel/framework/src/Illuminate/View/View.php(90): Illuminate\\View\\View->renderContents()
#7 /home/customs1/public_html/projects/newsportal/vendor/laravel/framework/src/Illuminate/Http/Response.php(42): Illuminate\\View\\View->render()
#8 /home/customs1/public_html/projects/newsportal/vendor/symfony/http-foundation/Response.php(205): Illuminate\\Http\\Response->setContent(Object(Illuminate\\View\\View))
#9 /home/customs1/public_html/projects/newsportal/vendor/laravel/framework/src/Illuminate/Routing/ResponseFactory.php(55): Symfony\\Component\\HttpFoundation\\Response->__construct(Object(Illuminate\\View\\View), 500, Array)
#10 /home/customs1/public_html/projects/newsportal/vendor/laravel/framework/src/Illuminate/Routing/ResponseFactory.php(81): Illuminate\\Routing\\ResponseFactory->make(Object(Illuminate\\View\\View), 500, Array)
#11 /home/customs1/public_html/projects/newsportal/vendor/laravel/framework/src/Illuminate/Foundation/Exceptions/Handler.php(380): Illuminate\\Routing\\ResponseFactory->view('errors::500', Array, 500, Array)
#12 /home/customs1/public_html/projects/newsportal/vendor/laravel/framework/src/Illuminate/Foundation/Exceptions/Handler.php(289): Illuminate\\Foundation\\Exceptions\\Handler->renderHttpException(Object(Symfony\\Component\\HttpKernel\\Exception\\HttpException))
#13 /home/customs1/public_html/projects/newsportal/vendor/laravel/framework/src/Illuminate/Foundation/Exceptions/Handler.php(188): Illuminate\\Foundation\\Exceptions\\Handler->prepareResponse(Object(Illuminate\\Http\\Request), Object(Symfony\\Component\\HttpKernel\\Exception\\HttpException))
#14 /home/customs1/public_html/projects/newsportal/app/Exceptions/Handler.php(49): Illuminate\\Foundation\\Exceptions\\Handler->render(Object(Illuminate\\Http\\Request), Object(ErrorException))
#15 /home/customs1/public_html/projects/newsportal/vendor/laravel/framework/src/Illuminate/Routing/Pipeline.php(83): App\\Exceptions\\Handler->render(Object(Illuminate\\Http\\Request), Object(ErrorException))
#16 /home/customs1/public_html/projects/newsportal/vendor/laravel/framework/src/Illuminate/Routing/Pipeline.php(55): Illuminate\\Routing\\Pipeline->handleException(Object(Illuminate\\Http\\Request), Object(ErrorException))
#17 /home/customs1/public_html/projects/newsportal/vendor/laravel/framework/src/Illuminate/Pipeline/Pipeline.php(104): Illuminate\\Routing\\Pipeline->Illuminate\\Routing\\{closure}(Object(Illuminate\\Http\\Request))
#18 /home/customs1/public_html/projects/newsportal/vendor/laravel/framework/src/Illuminate/Foundation/Http/Kernel.php(151): Illuminate\\Pipeline\\Pipeline->then(Object(Closure))
#19 /home/customs1/public_html/projects/newsportal/vendor/laravel/framework/src/Illuminate/Foundation/Http/Kernel.php(116): Illuminate\\Foundation\\Http\\Kernel->sendRequestThroughRouter(Object(Illuminate\\Http\\Request))
#20 /home/customs1/public_html/projects/newsportal/public/index.php(55): Illuminate\\Foundation\\Http\\Kernel->handle(Object(Illuminate\\Http\\Request))
#21 {main}
"} 
[2021-07-19 18:54:17] local.ERROR: file_put_contents(A:\laragon\www\newsportal\storage\framework\views/586248950626724bb1f966444695ee13b153f512.php): failed to open stream: No such file or directory {"exception":"[object] (ErrorException(code: 0): file_put_contents(A:\\laragon\\www\
ewsportal\\storage\\framework\\views/586248950626724bb1f966444695ee13b153f512.php): failed to open stream: No such file or directory at /home/customs1/public_html/projects/newsportal/vendor/laravel/framework/src/Illuminate/Filesystem/Filesystem.php:122)
[stacktrace]
#0 [internal function]: Illuminate\\Foundation\\Bootstrap\\HandleExceptions->handleError(2, 'file_put_conten...', '/home/customs1/...', 122, Array)
#1 /home/customs1/public_html/projects/newsportal/vendor/laravel/framework/src/Illuminate/Filesystem/Filesystem.php(122): file_put_contents('A:\\\\laragon\\\\www\\\\...', '<?php $__env->s...', 0)
#2 /home/customs1/public_html/projects/newsportal/vendor/laravel/framework/src/Illuminate/View/Compilers/BladeCompiler.php(122): Illuminate\\Filesystem\\Filesystem->put('A:\\\\laragon\\\\www\\\\...', '<?php $__env->s...')
#3 /home/customs1/public_html/projects/newsportal/vendor/laravel/framework/src/Illuminate/View/Engines/CompilerEngine.php(51): Illuminate\\View\\Compilers\\BladeCompiler->compile('/home/customs1/...')
#4 /home/customs1/public_html/projects/newsportal/vendor/laravel/framework/src/Illuminate/View/View.php(142): Illuminate\\View\\Engines\\CompilerEngine->get('/home/customs1/...', Array)
#5 /home/customs1/public_html/projects/newsportal/vendor/laravel/framework/src/Illuminate/View/View.php(125): Illuminate\\View\\View->getContents()
#6 /home/customs1/public_html/projects/newsportal/vendor/laravel/framework/src/Illuminate/View/View.php(90): Illuminate\\View\\View->renderContents()
#7 /home/customs1/public_html/projects/newsportal/vendor/laravel/framework/src/Illuminate/Http/Response.php(42): Illuminate\\View\\View->render()
#8 /home/customs1/public_html/projects/newsportal/vendor/symfony/http-foundation/Response.php(205): Illuminate\\Http\\Response->setContent(Object(Illuminate\\View\\View))
#9 /home/customs1/public_html/projects/newsportal/vendor/laravel/framework/src/Illuminate/Routing/ResponseFactory.php(55): Symfony\\Component\\HttpFoundation\\Response->__construct(Object(Illuminate\\View\\View), 500, Array)
#10 /home/customs1/public_html/projects/newsportal/vendor/laravel/framework/src/Illuminate/Routing/ResponseFactory.php(81): Illuminate\\Routing\\ResponseFactory->make(Object(Illuminate\\View\\View), 500, Array)
#11 /home/customs1/public_html/projects/newsportal/vendor/laravel/framework/src/Illuminate/Foundation/Exceptions/Handler.php(380): Illuminate\\Routing\\ResponseFactory->view('errors::500', Array, 500, Array)
#12 /home/customs1/public_html/projects/newsportal/vendor/laravel/framework/src/Illuminate/Foundation/Exceptions/Handler.php(289): Illuminate\\Foundation\\Exceptions\\Handler->renderHttpException(Object(Symfony\\Component\\HttpKernel\\Exception\\HttpException))
#13 /home/customs1/public_html/projects/newsportal/vendor/laravel/framework/src/Illuminate/Foundation/Exceptions/Handler.php(188): Illuminate\\Foundation\\Exceptions\\Handler->prepareResponse(Object(Illuminate\\Http\\Request), Object(Symfony\\Component\\HttpKernel\\Exception\\HttpException))
#14 /home/customs1/public_html/projects/newsportal/app/Exceptions/Handler.php(49): Illuminate\\Foundation\\Exceptions\\Handler->render(Object(Illuminate\\Http\\Request), Object(ErrorException))
#15 /home/customs1/public_html/projects/newsportal/vendor/laravel/framework/src/Illuminate/Foundation/Http/Kernel.php(326): App\\Exceptions\\Handler->render(Object(Illuminate\\Http\\Request), Object(ErrorException))
#16 /home/customs1/public_html/projects/newsportal/vendor/laravel/framework/src/Illuminate/Foundation/Http/Kernel.php(120): Illuminate\\Foundation\\Http\\Kernel->renderException(Object(Illuminate\\Http\\Request), Object(ErrorException))
#17 /home/customs1/public_html/projects/newsportal/public/index.php(55): Illuminate\\Foundation\\Http\\Kernel->handle(Object(Illuminate\\Http\\Request))
#18 {main}
"} 
[2021-07-19 18:54:17] local.ERROR: Uncaught ErrorException: file_put_contents(A:\laragon\www\newsportal\storage\framework\views/586248950626724bb1f966444695ee13b153f512.php): failed to open stream: No such file or directory in /home/customs1/public_html/projects/newsportal/vendor/laravel/framework/src/Illuminate/Filesystem/Filesystem.php:122
Stack trace:
#0 [internal function]: Illuminate\Foundation\Bootstrap\HandleExceptions->handleError(2, 'file_put_conten...', '/home/customs1/...', 122, Array)
#1 /home/customs1/public_html/projects/newsportal/vendor/laravel/framework/src/Illuminate/Filesystem/Filesystem.php(122): file_put_contents('A:\\laragon\\www\\...', '<?php $__env->s...', 0)
#2 /home/customs1/public_html/projects/newsportal/vendor/laravel/framework/src/Illuminate/View/Compilers/BladeCompiler.php(122): Illuminate\Filesystem\Filesystem->put('A:\\laragon\\www\\...', '<?php $__env->s...')
#3 /home/customs1/public_html/projects/newsportal/vendor/laravel/framework/src/Illuminate/View/Engines/CompilerEngine.php(51): Illuminate\View\Compilers\ {"exception":"[object] (Symfony\\Component\\Debug\\Exception\\FatalErrorException(code: 1): Uncaught ErrorException: file_put_contents(A:\\laragon\\www\
ewsportal\\storage\\framework\\views/586248950626724bb1f966444695ee13b153f512.php): failed to open stream: No such file or directory in /home/customs1/public_html/projects/newsportal/vendor/laravel/framework/src/Illuminate/Filesystem/Filesystem.php:122
Stack trace:
#0 [internal function]: Illuminate\\Foundation\\Bootstrap\\HandleExceptions->handleError(2, 'file_put_conten...', '/home/customs1/...', 122, Array)
#1 /home/customs1/public_html/projects/newsportal/vendor/laravel/framework/src/Illuminate/Filesystem/Filesystem.php(122): file_put_contents('A:\\\\laragon\\\\www\\\\...', '<?php $__env->s...', 0)
#2 /home/customs1/public_html/projects/newsportal/vendor/laravel/framework/src/Illuminate/View/Compilers/BladeCompiler.php(122): Illuminate\\Filesystem\\Filesystem->put('A:\\\\laragon\\\\www\\\\...', '<?php $__env->s...')
#3 /home/customs1/public_html/projects/newsportal/vendor/laravel/framework/src/Illuminate/View/Engines/CompilerEngine.php(51): Illuminate\\View\\Compilers\\ at /home/customs1/public_html/projects/newsportal/vendor/laravel/framework/src/Illuminate/Filesystem/Filesystem.php:122)
[stacktrace]
#0 {main}
"} 
[2021-07-19 18:54:42] local.ERROR: SQLSTATE[HY000] [1045] Access denied for user 'root'@'localhost' (using password: NO) (SQL: select * from `set_as` where `set_as` in (lead_news_1, lead_news_2, lead_news_3) order by `set_as` asc) {"exception":"[object] (Illuminate\\Database\\QueryException(code: 1045): SQLSTATE[HY000] [1045] Access denied for user 'root'@'localhost' (using password: NO) (SQL: select * from `set_as` where `set_as` in (lead_news_1, lead_news_2, lead_news_3) order by `set_as` asc) at /home/customs1/public_html/projects/newsportal/vendor/laravel/framework/src/Illuminate/Database/Connection.php:664, PDOException(code: 1045): SQLSTATE[HY000] [1045] Access denied for user 'root'@'localhost' (using password: NO) at /home/customs1/public_html/projects/newsportal/vendor/laravel/framework/src/Illuminate/Database/Connectors/Connector.php:70)
[stacktrace]
#0 /home/customs1/public_html/projects/newsportal/vendor/laravel/framework/src/Illuminate/Database/Connection.php(624): Illuminate\\Database\\Connection->runQueryCallback('select * from `...', Array, Object(Closure))
#1 /home/customs1/public_html/projects/newsportal/vendor/laravel/framework/src/Illuminate/Database/Connection.php(333): Illuminate\\Database\\Connection->run('select * from `...', Array, Object(Closure))
#2 /home/customs1/public_html/projects/newsportal/vendor/laravel/framework/src/Illuminate/Database/Query/Builder.php(2095): Illuminate\\Database\\Connection->select('select * from `...', Array, true)
#3 /home/customs1/public_html/projects/newsportal/vendor/laravel/framework/src/Illuminate/Database/Query/Builder.php(2083): Illuminate\\Database\\Query\\Builder->runSelect()
#4 /home/customs1/public_html/projects/newsportal/vendor/laravel/framework/src/Illuminate/Database/Query/Builder.php(2569): Illuminate\\Database\\Query\\Builder->Illuminate\\Database\\Query\\{closure}()
#5 /home/customs1/public_html/projects/newsportal/vendor/laravel/framework/src/Illuminate/Database/Query/Builder.php(2084): Illuminate\\Database\\Query\\Builder->onceWithColumns(Array, Object(Closure))
#6 /home/customs1/public_html/projects/newsportal/vendor/laravel/framework/src/Illuminate/Database/Eloquent/Builder.php(519): Illuminate\\Database\\Query\\Builder->get(Array)
#7 /home/customs1/public_html/projects/newsportal/vendor/laravel/framework/src/Illuminate/Database/Eloquent/Builder.php(503): Illuminate\\Database\\Eloquent\\Builder->getModels(Array)
#8 /home/customs1/public_html/projects/newsportal/app/Http/Controllers/sksController.php(23): Illuminate\\Database\\Eloquent\\Builder->get()
#9 [internal function]: App\\Http\\Controllers\\sksController->index()
#10 /home/customs1/public_html/projects/newsportal/vendor/laravel/framework/src/Illuminate/Routing/Controller.php(54): call_user_func_array(Array, Array)
#11 /home/customs1/public_html/projects/newsportal/vendor/laravel/framework/src/Illuminate/Routing/ControllerDispatcher.php(45): Illuminate\\Routing\\Controller->callAction('index', Array)
#12 /home/customs1/public_html/projects/newsportal/vendor/laravel/framework/src/Illuminate/Routing/Route.php(219): Illuminate\\Routing\\ControllerDispatcher->dispatch(Object(Illuminate\\Routing\\Route), Object(App\\Http\\Controllers\\sksController), 'index')
#13 /home/customs1/public_html/projects/newsportal/vendor/laravel/framework/src/Illuminate/Routing/Route.php(176): Illuminate\\Routing\\Route->runController()
#14 /home/customs1/public_html/projects/newsportal/vendor/laravel/framework/src/Illuminate/Routing/Router.php(682): Illuminate\\Routing\\Route->run()
#15 /home/customs1/public_html/projects/newsportal/vendor/laravel/framework/src/Illuminate/Routing/Pipeline.php(30): Illuminate\\Routing\\Router->Illuminate\\Routing\\{closure}(Object(Illuminate\\Http\\Request))
#16 /home/customs1/public_html/projects/newsportal/vendor/laravel/framework/src/Illuminate/Routing/Middleware/SubstituteBindings.php(41): Illuminate\\Routing\\Pipeline->Illuminate\\Routing\\{closure}(Object(Illuminate\\Http\\Request))
#17 /home/customs1/public_html/projects/newsportal/vendor/laravel/framework/src/Illuminate/Pipeline/Pipeline.php(163): Illuminate\\Routing\\Middleware\\SubstituteBindings->handle(Object(Illuminate\\Http\\Request), Object(Closure))
#18 /home/customs1/public_html/projects/newsportal/vendor/laravel/framework/src/Illuminate/Routing/Pipeline.php(53): Illuminate\\Pipeline\\Pipeline->Illuminate\\Pipeline\\{closure}(Object(Illuminate\\Http\\Request))
#19 /home/customs1/public_html/projects/newsportal/vendor/laravel/framework/src/Illuminate/Foundation/Http/Middleware/VerifyCsrfToken.php(75): Illuminate\\Routing\\Pipeline->Illuminate\\Routing\\{closure}(Object(Illuminate\\Http\\Request))
#20 /home/customs1/public_html/projects/newsportal/vendor/laravel/framework/src/Illuminate/Pipeline/Pipeline.php(163): Illuminate\\Foundation\\Http\\Middleware\\VerifyCsrfToken->handle(Object(Illuminate\\Http\\Request), Object(Closure))
#21 /home/customs1/public_html/projects/newsportal/vendor/laravel/framework/src/Illuminate/Routing/Pipeline.php(53): Illuminate\\Pipeline\\Pipeline->Illuminate\\Pipeline\\{closure}(Object(Illuminate\\Http\\Request))
#22 /home/customs1/public_html/projects/newsportal/vendor/laravel/framework/src/Illuminate/View/Middleware/ShareErrorsFromSession.php(49): Illuminate\\Routing\\Pipeline->Illuminate\\Routing\\{closure}(Object(Illuminate\\Http\\Request))
#23 /home/customs1/public_html/projects/newsportal/vendor/laravel/framework/src/Illuminate/Pipeline/Pipeline.php(163): Illuminate\\View\\Middleware\\ShareErrorsFromSession->handle(Object(Illuminate\\Http\\Request), Object(Closure))
#24 /home/customs1/public_html/projects/newsportal/vendor/laravel/framework/src/Illuminate/Routing/Pipeline.php(53): Illuminate\\Pipeline\\Pipeline->Illuminate\\Pipeline\\{closure}(Object(Illuminate\\Http\\Request))
#25 /home/customs1/public_html/projects/newsportal/vendor/laravel/framework/src/Illuminate/Session/Middleware/StartSession.php(63): Illuminate\\Routing\\Pipeline->Illuminate\\Routing\\{closure}(Object(Illuminate\\Http\\Request))
#26 /home/customs1/public_html/projects/newsportal/vendor/laravel/framework/src/Illuminate/Pipeline/Pipeline.php(163): Illuminate\\Session\\Middleware\\StartSession->handle(Object(Illuminate\\Http\\Request), Object(Closure))
#27 /home/customs1/public_html/projects/newsportal/vendor/laravel/framework/src/Illuminate/Routing/Pipeline.php(53): Illuminate\\Pipeline\\Pipeline->Illuminate\\Pipeline\\{closure}(Object(Illuminate\\Http\\Request))
#28 /home/customs1/public_html/projects/newsportal/vendor/laravel/framework/src/Illuminate/Cookie/Middleware/AddQueuedCookiesToResponse.php(37): Illuminate\\Routing\\Pipeline->Illuminate\\Routing\\{closure}(Object(Illuminate\\Http\\Request))
#29 /home/customs1/public_html/projects/newsportal/vendor/laravel/framework/src/Illuminate/Pipeline/Pipeline.php(163): Illuminate\\Cookie\\Middleware\\AddQueuedCookiesToResponse->handle(Object(Illuminate\\Http\\Request), Object(Closure))
#30 /home/customs1/public_html/projects/newsportal/vendor/laravel/framework/src/Illuminate/Routing/Pipeline.php(53): Illuminate\\Pipeline\\Pipeline->Illuminate\\Pipeline\\{closure}(Object(Illuminate\\Http\\Request))
#31 /home/customs1/public_html/projects/newsportal/vendor/laravel/framework/src/Illuminate/Cookie/Middleware/EncryptCookies.php(66): Illuminate\\Routing\\Pipeline->Illuminate\\Routing\\{closure}(Object(Illuminate\\Http\\Request))
#32 /home/customs1/public_html/projects/newsportal/vendor/laravel/framework/src/Illuminate/Pipeline/Pipeline.php(163): Illuminate\\Cookie\\Middleware\\EncryptCookies->handle(Object(Illuminate\\Http\\Request), Object(Closure))
#33 /home/customs1/public_html/projects/newsportal/vendor/laravel/framework/src/Illuminate/Routing/Pipeline.php(53): Illuminate\\Pipeline\\Pipeline->Illuminate\\Pipeline\\{closure}(Object(Illuminate\\Http\\Request))
#34 /home/customs1/public_html/projects/newsportal/vendor/laravel/framework/src/Illuminate/Pipeline/Pipeline.php(104): Illuminate\\Routing\\Pipeline->Illuminate\\Routing\\{closure}(Object(Illuminate\\Http\\Request))
#35 /home/customs1/public_html/projects/newsportal/vendor/laravel/framework/src/Illuminate/Routing/Router.php(684): Illuminate\\Pipeline\\Pipeline->then(Object(Closure))
#36 /home/customs1/public_html/projects/newsportal/vendor/laravel/framework/src/Illuminate/Routing/Router.php(659): Illuminate\\Routing\\Router->runRouteWithinStack(Object(Illuminate\\Routing\\Route), Object(Illuminate\\Http\\Request))
#37 /home/customs1/public_html/projects/newsportal/vendor/laravel/framework/src/Illuminate/Routing/Router.php(625): Illuminate\\Routing\\Router->runRoute(Object(Illuminate\\Http\\Request), Object(Illuminate\\Routing\\Route))
#38 /home/customs1/public_html/projects/newsportal/vendor/laravel/framework/src/Illuminate/Routing/Router.php(614): Illuminate\\Routing\\Router->dispatchToRoute(Object(Illuminate\\Http\\Request))
#39 /home/customs1/public_html/projects/newsportal/vendor/laravel/framework/src/Illuminate/Foundation/Http/Kernel.php(176): Illuminate\\Routing\\Router->dispatch(Object(Illuminate\\Http\\Request))
#40 /home/customs1/public_html/projects/newsportal/vendor/laravel/framework/src/Illuminate/Routing/Pipeline.php(30): Illuminate\\Foundation\\Http\\Kernel->Illuminate\\Foundation\\Http\\{closure}(Object(Illuminate\\Http\\Request))
#41 /home/customs1/public_html/projects/newsportal/vendor/barryvdh/laravel-debugbar/src/Middleware/InjectDebugbar.php(58): Illuminate\\Routing\\Pipeline->Illuminate\\Routing\\{closure}(Object(Illuminate\\Http\\Request))
#42 /home/customs1/public_html/projects/newsportal/vendor/laravel/framework/src/Illuminate/Pipeline/Pipeline.php(163): Barryvdh\\Debugbar\\Middleware\\InjectDebugbar->handle(Object(Illuminate\\Http\\Request), Object(Closure))
#43 /home/customs1/public_html/projects/newsportal/vendor/laravel/framework/src/Illuminate/Routing/Pipeline.php(53): Illuminate\\Pipeline\\Pipeline->Illuminate\\Pipeline\\{closure}(Object(Illuminate\\Http\\Request))
#44 /home/customs1/public_html/projects/newsportal/vendor/fideloper/proxy/src/TrustProxies.php(57): Illuminate\\Routing\\Pipeline->Illuminate\\Routing\\{closure}(Object(Illuminate\\Http\\Request))
#45 /home/customs1/public_html/projects/newsportal/vendor/laravel/framework/src/Illuminate/Pipeline/Pipeline.php(163): Fideloper\\Proxy\\TrustProxies->handle(Object(Illuminate\\Http\\Request), Object(Closure))
#46 /home/customs1/public_html/projects/newsportal/vendor/laravel/framework/src/Illuminate/Routing/Pipeline.php(53): Illuminate\\Pipeline\\Pipeline->Illuminate\\Pipeline\\{closure}(Object(Illuminate\\Http\\Request))
#47 /home/customs1/public_html/projects/newsportal/vendor/laravel/framework/src/Illuminate/Foundation/Http/Middleware/TransformsRequest.php(31): Illuminate\\Routing\\Pipeline->Illuminate\\Routing\\{closure}(Object(Illuminate\\Http\\Request))
#48 /home/customs1/public_html/projects/newsportal/vendor/laravel/framework/src/Illuminate/Pipeline/Pipeline.php(163): Illuminate\\Foundation\\Http\\Middleware\\TransformsRequest->handle(Object(Illuminate\\Http\\Request), Object(Closure))
#49 /home/customs1/public_html/projects/newsportal/vendor/laravel/framework/src/Illuminate/Routing/Pipeline.php(53): Illuminate\\Pipeline\\Pipeline->Illuminate\\Pipeline\\{closure}(Object(Illuminate\\Http\\Request))
#50 /home/customs1/public_html/projects/newsportal/vendor/laravel/framework/src/Illuminate/Foundation/Http/Middleware/TransformsRequest.php(31): Illuminate\\Routing\\Pipeline->Illuminate\\Routing\\{closure}(Object(Illuminate\\Http\\Request))
#51 /home/customs1/public_html/projects/newsportal/vendor/laravel/framework/src/Illuminate/Pipeline/Pipeline.php(163): Illuminate\\Foundation\\Http\\Middleware\\TransformsRequest->handle(Object(Illuminate\\Http\\Request), Object(Closure))
#52 /home/customs1/public_html/projects/newsportal/vendor/laravel/framework/src/Illuminate/Routing/Pipeline.php(53): Illuminate\\Pipeline\\Pipeline->Illuminate\\Pipeline\\{closure}(Object(Illuminate\\Http\\Request))
#53 /home/customs1/public_html/projects/newsportal/vendor/laravel/framework/src/Illuminate/Foundation/Http/Middleware/ValidatePostSize.php(27): Illuminate\\Routing\\Pipeline->Illuminate\\Routing\\{closure}(Object(Illuminate\\Http\\Request))
#54 /home/customs1/public_html/projects/newsportal/vendor/laravel/framework/src/Illuminate/Pipeline/Pipeline.php(163): Illuminate\\Foundation\\Http\\Middleware\\ValidatePostSize->handle(Object(Illuminate\\Http\\Request), Object(Closure))
#55 /home/customs1/public_html/projects/newsportal/vendor/laravel/framework/src/Illuminate/Routing/Pipeline.php(53): Illuminate\\Pipeline\\Pipeline->Illuminate\\Pipeline\\{closure}(Object(Illuminate\\Http\\Request))
#56 /home/customs1/public_html/projects/newsportal/vendor/laravel/framework/src/Illuminate/Foundation/Http/Middleware/CheckForMaintenanceMode.php(62): Illuminate\\Routing\\Pipeline->Illuminate\\Routing\\{closure}(Object(Illuminate\\Http\\Request))
#57 /home/customs1/public_html/projects/newsportal/vendor/laravel/framework/src/Illuminate/Pipeline/Pipeline.php(163): Illuminate\\Foundation\\Http\\Middleware\\CheckForMaintenanceMode->handle(Object(Illuminate\\Http\\Request), Object(Closure))
#58 /home/customs1/public_html/projects/newsportal/vendor/laravel/framework/src/Illuminate/Routing/Pipeline.php(53): Illuminate\\Pipeline\\Pipeline->Illuminate\\Pipeline\\{closure}(Object(Illuminate\\Http\\Request))
#59 /home/customs1/public_html/projects/newsportal/vendor/laravel/framework/src/Illuminate/Pipeline/Pipeline.php(104): Illuminate\\Routing\\Pipeline->Illuminate\\Routing\\{closure}(Object(Illuminate\\Http\\Request))
#60 /home/customs1/public_html/projects/newsportal/vendor/laravel/framework/src/Illuminate/Foundation/Http/Kernel.php(151): Illuminate\\Pipeline\\Pipeline->then(Object(Closure))
#61 /home/customs1/public_html/projects/newsportal/vendor/laravel/framework/src/Illuminate/Foundation/Http/Kernel.php(116): Illuminate\\Foundation\\Http\\Kernel->sendRequestThroughRouter(Object(Illuminate\\Http\\Request))
#62 /home/customs1/public_html/projects/newsportal/public/index.php(55): Illuminate\\Foundation\\Http\\Kernel->handle(Object(Illuminate\\Http\\Request))
#63 {main}
"} 
[2021-07-19 18:54:42] local.ERROR: file_put_contents(A:\laragon\www\newsportal\storage\framework\views/586248950626724bb1f966444695ee13b153f512.php): failed to open stream: No such file or directory {"exception":"[object] (ErrorException(code: 0): file_put_contents(A:\\laragon\\www\
ewsportal\\storage\\framework\\views/586248950626724bb1f966444695ee13b153f512.php): failed to open stream: No such file or directory at /home/customs1/public_html/projects/newsportal/vendor/laravel/framework/src/Illuminate/Filesystem/Filesystem.php:122)
[stacktrace]
#0 [internal function]: Illuminate\\Foundation\\Bootstrap\\HandleExceptions->handleError(2, 'file_put_conten...', '/home/customs1/...', 122, Array)
#1 /home/customs1/public_html/projects/newsportal/vendor/laravel/framework/src/Illuminate/Filesystem/Filesystem.php(122): file_put_contents('A:\\\\laragon\\\\www\\\\...', '<?php $__env->s...', 0)
#2 /home/customs1/public_html/projects/newsportal/vendor/laravel/framework/src/Illuminate/View/Compilers/BladeCompiler.php(122): Illuminate\\Filesystem\\Filesystem->put('A:\\\\laragon\\\\www\\\\...', '<?php $__env->s...')
#3 /home/customs1/public_html/projects/newsportal/vendor/laravel/framework/src/Illuminate/View/Engines/CompilerEngine.php(51): Illuminate\\View\\Compilers\\BladeCompiler->compile('/home/customs1/...')
#4 /home/customs1/public_html/projects/newsportal/vendor/laravel/framework/src/Illuminate/View/View.php(142): Illuminate\\View\\Engines\\CompilerEngine->get('/home/customs1/...', Array)
#5 /home/customs1/public_html/projects/newsportal/vendor/laravel/framework/src/Illuminate/View/View.php(125): Illuminate\\View\\View->getContents()
#6 /home/customs1/public_html/projects/newsportal/vendor/laravel/framework/src/Illuminate/View/View.php(90): Illuminate\\View\\View->renderContents()
#7 /home/customs1/public_html/projects/newsportal/vendor/laravel/framework/src/Illuminate/Http/Response.php(42): Illuminate\\View\\View->render()
#8 /home/customs1/public_html/projects/newsportal/vendor/symfony/http-foundation/Response.php(205): Illuminate\\Http\\Response->setContent(Object(Illuminate\\View\\View))
#9 /home/customs1/public_html/projects/newsportal/vendor/laravel/framework/src/Illuminate/Routing/ResponseFactory.php(55): Symfony\\Component\\HttpFoundation\\Response->__construct(Object(Illuminate\\View\\View), 500, Array)
#10 /home/customs1/public_html/projects/newsportal/vendor/laravel/framework/src/Illuminate/Routing/ResponseFactory.php(81): Illuminate\\Routing\\ResponseFactory->make(Object(Illuminate\\View\\View), 500, Array)
#11 /home/customs1/public_html/projects/newsportal/vendor/laravel/framework/src/Illuminate/Foundation/Exceptions/Handler.php(380): Illuminate\\Routing\\ResponseFactory->view('errors::500', Array, 500, Array)
#12 /home/customs1/public_html/projects/newsportal/vendor/laravel/framework/src/Illuminate/Foundation/Exceptions/Handler.php(289): Illuminate\\Foundation\\Exceptions\\Handler->renderHttpException(Object(Symfony\\Component\\HttpKernel\\Exception\\HttpException))
#13 /home/customs1/public_html/projects/newsportal/vendor/laravel/framework/src/Illuminate/Foundation/Exceptions/Handler.php(188): Illuminate\\Foundation\\Exceptions\\Handler->prepareResponse(Object(Illuminate\\Http\\Request), Object(Symfony\\Component\\HttpKernel\\Exception\\HttpException))
#14 /home/customs1/public_html/projects/newsportal/app/Exceptions/Handler.php(49): Illuminate\\Foundation\\Exceptions\\Handler->render(Object(Illuminate\\Http\\Request), Object(Illuminate\\Database\\QueryException))
#15 /home/customs1/public_html/projects/newsportal/vendor/laravel/framework/src/Illuminate/Routing/Pipeline.php(83): App\\Exceptions\\Handler->render(Object(Illuminate\\Http\\Request), Object(Illuminate\\Database\\QueryException))
#16 /home/customs1/public_html/projects/newsportal/vendor/laravel/framework/src/Illuminate/Routing/Pipeline.php(32): Illuminate\\Routing\\Pipeline->handleException(Object(Illuminate\\Http\\Request), Object(Illuminate\\Database\\QueryException))
#17 /home/customs1/public_html/projects/newsportal/vendor/laravel/framework/src/Illuminate/Routing/Middleware/SubstituteBindings.php(41): Illuminate\\Routing\\Pipeline->Illuminate\\Routing\\{closure}(Object(Illuminate\\Http\\Request))
#18 /home/customs1/public_html/projects/newsportal/vendor/laravel/framework/src/Illuminate/Pipeline/Pipeline.php(163): Illuminate\\Routing\\Middleware\\SubstituteBindings->handle(Object(Illuminate\\Http\\Request), Object(Closure))
#19 /home/customs1/public_html/projects/newsportal/vendor/laravel/framework/src/Illuminate/Routing/Pipeline.php(53): Illuminate\\Pipeline\\Pipeline->Illuminate\\Pipeline\\{closure}(Object(Illuminate\\Http\\Request))
#20 /home/customs1/public_html/projects/newsportal/vendor/laravel/framework/src/Illuminate/Foundation/Http/Middleware/VerifyCsrfToken.php(75): Illuminate\\Routing\\Pipeline->Illuminate\\Routing\\{closure}(Object(Illuminate\\Http\\Request))
#21 /home/customs1/public_html/projects/newsportal/vendor/laravel/framework/src/Illuminate/Pipeline/Pipeline.php(163): Illuminate\\Foundation\\Http\\Middleware\\VerifyCsrfToken->handle(Object(Illuminate\\Http\\Request), Object(Closure))
#22 /home/customs1/public_html/projects/newsportal/vendor/laravel/framework/src/Illuminate/Routing/Pipeline.php(53): Illuminate\\Pipeline\\Pipeline->Illuminate\\Pipeline\\{closure}(Object(Illuminate\\Http\\Request))
#23 /home/customs1/public_html/projects/newsportal/vendor/laravel/framework/src/Illuminate/View/Middleware/ShareErrorsFromSession.php(49): Illuminate\\Routing\\Pipeline->Illuminate\\Routing\\{closure}(Object(Illuminate\\Http\\Request))
#24 /home/customs1/public_html/projects/newsportal/vendor/laravel/framework/src/Illuminate/Pipeline/Pipeline.php(163): Illuminate\\View\\Middleware\\ShareErrorsFromSession->handle(Object(Illuminate\\Http\\Request), Object(Closure))
#25 /home/customs1/public_html/projects/newsportal/vendor/laravel/framework/src/Illuminate/Routing/Pipeline.php(53): Illuminate\\Pipeline\\Pipeline->Illuminate\\Pipeline\\{closure}(Object(Illuminate\\Http\\Request))
#26 /home/customs1/public_html/projects/newsportal/vendor/laravel/framework/src/Illuminate/Session/Middleware/StartSession.php(63): Illuminate\\Routing\\Pipeline->Illuminate\\Routing\\{closure}(Object(Illuminate\\Http\\Request))
#27 /home/customs1/public_html/projects/newsportal/vendor/laravel/framework/src/Illuminate/Pipeline/Pipeline.php(163): Illuminate\\Session\\Middleware\\StartSession->handle(Object(Illuminate\\Http\\Request), Object(Closure))
#28 /home/customs1/public_html/projects/newsportal/vendor/laravel/framework/src/Illuminate/Routing/Pipeline.php(53): Illuminate\\Pipeline\\Pipeline->Illuminate\\Pipeline\\{closure}(Object(Illuminate\\Http\\Request))
#29 /home/customs1/public_html/projects/newsportal/vendor/laravel/framework/src/Illuminate/Cookie/Middleware/AddQueuedCookiesToResponse.php(37): Illuminate\\Routing\\Pipeline->Illuminate\\Routing\\{closure}(Object(Illuminate\\Http\\Request))
#30 /home/customs1/public_html/projects/newsportal/vendor/laravel/framework/src/Illuminate/Pipeline/Pipeline.php(163): Illuminate\\Cookie\\Middleware\\AddQueuedCookiesToResponse->handle(Object(Illuminate\\Http\\Request), Object(Closure))
#31 /home/customs1/public_html/projects/newsportal/vendor/laravel/framework/src/Illuminate/Routing/Pipeline.php(53): Illuminate\\Pipeline\\Pipeline->Illuminate\\Pipeline\\{closure}(Object(Illuminate\\Http\\Request))
#32 /home/customs1/public_html/projects/newsportal/vendor/laravel/framework/src/Illuminate/Cookie/Middleware/EncryptCookies.php(66): Illuminate\\Routing\\Pipeline->Illuminate\\Routing\\{closure}(Object(Illuminate\\Http\\Request))
#33 /home/customs1/public_html/projects/newsportal/vendor/laravel/framework/src/Illuminate/Pipeline/Pipeline.php(163): Illuminate\\Cookie\\Middleware\\EncryptCookies->handle(Object(Illuminate\\Http\\Request), Object(Closure))
#34 /home/customs1/public_html/projects/newsportal/vendor/laravel/framework/src/Illuminate/Routing/Pipeline.php(53): Illuminate\\Pipeline\\Pipeline->Illuminate\\Pipeline\\{closure}(Object(Illuminate\\Http\\Request))
#35 /home/customs1/public_html/projects/newsportal/vendor/laravel/framework/src/Illuminate/Pipeline/Pipeline.php(104): Illuminate\\Routing\\Pipeline->Illuminate\\Routing\\{closure}(Object(Illuminate\\Http\\Request))
#36 /home/customs1/public_html/projects/newsportal/vendor/laravel/framework/src/Illuminate/Routing/Router.php(684): Illuminate\\Pipeline\\Pipeline->then(Object(Closure))
#37 /home/customs1/public_html/projects/newsportal/vendor/laravel/framework/src/Illuminate/Routing/Router.php(659): Illuminate\\Routing\\Router->runRouteWithinStack(Object(Illuminate\\Routing\\Route), Object(Illuminate\\Http\\Request))
#38 /home/customs1/public_html/projects/newsportal/vendor/laravel/framework/src/Illuminate/Routing/Router.php(625): Illuminate\\Routing\\Router->runRoute(Object(Illuminate\\Http\\Request), Object(Illuminate\\Routing\\Route))
#39 /home/customs1/public_html/projects/newsportal/vendor/laravel/framework/src/Illuminate/Routing/Router.php(614): Illuminate\\Routing\\Router->dispatchToRoute(Object(Illuminate\\Http\\Request))
#40 /home/customs1/public_html/projects/newsportal/vendor/laravel/framework/src/Illuminate/Foundation/Http/Kernel.php(176): Illuminate\\Routing\\Router->dispatch(Object(Illuminate\\Http\\Request))
#41 /home/customs1/public_html/projects/newsportal/vendor/laravel/framework/src/Illuminate/Routing/Pipeline.php(30): Illuminate\\Foundation\\Http\\Kernel->Illuminate\\Foundation\\Http\\{closure}(Object(Illuminate\\Http\\Request))
#42 /home/customs1/public_html/projects/newsportal/vendor/barryvdh/laravel-debugbar/src/Middleware/InjectDebugbar.php(58): Illuminate\\Routing\\Pipeline->Illuminate\\Routing\\{closure}(Object(Illuminate\\Http\\Request))
#43 /home/customs1/public_html/projects/newsportal/vendor/laravel/framework/src/Illuminate/Pipeline/Pipeline.php(163): Barryvdh\\Debugbar\\Middleware\\InjectDebugbar->handle(Object(Illuminate\\Http\\Request), Object(Closure))
#44 /home/customs1/public_html/projects/newsportal/vendor/laravel/framework/src/Illuminate/Routing/Pipeline.php(53): Illuminate\\Pipeline\\Pipeline->Illuminate\\Pipeline\\{closure}(Object(Illuminate\\Http\\Request))
#45 /home/customs1/public_html/projects/newsportal/vendor/fideloper/proxy/src/TrustProxies.php(57): Illuminate\\Routing\\Pipeline->Illuminate\\Routing\\{closure}(Object(Illuminate\\Http\\Request))
#46 /home/customs1/public_html/projects/newsportal/vendor/laravel/framework/src/Illuminate/Pipeline/Pipeline.php(163): Fideloper\\Proxy\\TrustProxies->handle(Object(Illuminate\\Http\\Request), Object(Closure))
#47 /home/customs1/public_html/projects/newsportal/vendor/laravel/framework/src/Illuminate/Routing/Pipeline.php(53): Illuminate\\Pipeline\\Pipeline->Illuminate\\Pipeline\\{closure}(Object(Illuminate\\Http\\Request))
#48 /home/customs1/public_html/projects/newsportal/vendor/laravel/framework/src/Illuminate/Foundation/Http/Middleware/TransformsRequest.php(31): Illuminate\\Routing\\Pipeline->Illuminate\\Routing\\{closure}(Object(Illuminate\\Http\\Request))
#49 /home/customs1/public_html/projects/newsportal/vendor/laravel/framework/src/Illuminate/Pipeline/Pipeline.php(163): Illuminate\\Foundation\\Http\\Middleware\\TransformsRequest->handle(Object(Illuminate\\Http\\Request), Object(Closure))
#50 /home/customs1/public_html/projects/newsportal/vendor/laravel/framework/src/Illuminate/Routing/Pipeline.php(53): Illuminate\\Pipeline\\Pipeline->Illuminate\\Pipeline\\{closure}(Object(Illuminate\\Http\\Request))
#51 /home/customs1/public_html/projects/newsportal/vendor/laravel/framework/src/Illuminate/Foundation/Http/Middleware/TransformsRequest.php(31): Illuminate\\Routing\\Pipeline->Illuminate\\Routing\\{closure}(Object(Illuminate\\Http\\Request))
#52 /home/customs1/public_html/projects/newsportal/vendor/laravel/framework/src/Illuminate/Pipeline/Pipeline.php(163): Illuminate\\Foundation\\Http\\Middleware\\TransformsRequest->handle(Object(Illuminate\\Http\\Request), Object(Closure))
#53 /home/customs1/public_html/projects/newsportal/vendor/laravel/framework/src/Illuminate/Routing/Pipeline.php(53): Illuminate\\Pipeline\\Pipeline->Illuminate\\Pipeline\\{closure}(Object(Illuminate\\Http\\Request))
#54 /home/customs1/public_html/projects/newsportal/vendor/laravel/framework/src/Illuminate/Foundation/Http/Middleware/ValidatePostSize.php(27): Illuminate\\Routing\\Pipeline->Illuminate\\Routing\\{closure}(Object(Illuminate\\Http\\Request))
#55 /home/customs1/public_html/projects/newsportal/vendor/laravel/framework/src/Illuminate/Pipeline/Pipeline.php(163): Illuminate\\Foundation\\Http\\Middleware\\ValidatePostSize->handle(Object(Illuminate\\Http\\Request), Object(Closure))
#56 /home/customs1/public_html/projects/newsportal/vendor/laravel/framework/src/Illuminate/Routing/Pipeline.php(53): Illuminate\\Pipeline\\Pipeline->Illuminate\\Pipeline\\{closure}(Object(Illuminate\\Http\\Request))
#57 /home/customs1/public_html/projects/newsportal/vendor/laravel/framework/src/Illuminate/Foundation/Http/Middleware/CheckForMaintenanceMode.php(62): Illuminate\\Routing\\Pipeline->Illuminate\\Routing\\{closure}(Object(Illuminate\\Http\\Request))
#58 /home/customs1/public_html/projects/newsportal/vendor/laravel/framework/src/Illuminate/Pipeline/Pipeline.php(163): Illuminate\\Foundation\\Http\\Middleware\\CheckForMaintenanceMode->handle(Object(Illuminate\\Http\\Request), Object(Closure))
#59 /home/customs1/public_html/projects/newsportal/vendor/laravel/framework/src/Illuminate/Routing/Pipeline.php(53): Illuminate\\Pipeline\\Pipeline->Illuminate\\Pipeline\\{closure}(Object(Illuminate\\Http\\Request))
#60 /home/customs1/public_html/projects/newsportal/vendor/laravel/framework/src/Illuminate/Pipeline/Pipeline.php(104): Illuminate\\Routing\\Pipeline->Illuminate\\Routing\\{closure}(Object(Illuminate\\Http\\Request))
#61 /home/customs1/public_html/projects/newsportal/vendor/laravel/framework/src/Illuminate/Foundation/Http/Kernel.php(151): Illuminate\\Pipeline\\Pipeline->then(Object(Closure))
#62 /home/customs1/public_html/projects/newsportal/vendor/laravel/framework/src/Illuminate/Foundation/Http/Kernel.php(116): Illuminate\\Foundation\\Http\\Kernel->sendRequestThroughRouter(Object(Illuminate\\Http\\Request))
#63 /home/customs1/public_html/projects/newsportal/public/index.php(55): Illuminate\\Foundation\\Http\\Kernel->handle(Object(Illuminate\\Http\\Request))
#64 {main}
"} 
[2021-07-19 18:54:42] local.ERROR: file_put_contents(A:\laragon\www\newsportal\storage\framework\views/586248950626724bb1f966444695ee13b153f512.php): failed to open stream: No such file or directory {"exception":"[object] (ErrorException(code: 0): file_put_contents(A:\\laragon\\www\
ewsportal\\storage\\framework\\views/586248950626724bb1f966444695ee13b153f512.php): failed to open stream: No such file or directory at /home/customs1/public_html/projects/newsportal/vendor/laravel/framework/src/Illuminate/Filesystem/Filesystem.php:122)
[stacktrace]
#0 [internal function]: Illuminate\\Foundation\\Bootstrap\\HandleExceptions->handleError(2, 'file_put_conten...', '/home/customs1/...', 122, Array)
#1 /home/customs1/public_html/projects/newsportal/vendor/laravel/framework/src/Illuminate/Filesystem/Filesystem.php(122): file_put_contents('A:\\\\laragon\\\\www\\\\...', '<?php $__env->s...', 0)
#2 /home/customs1/public_html/projects/newsportal/vendor/laravel/framework/src/Illuminate/View/Compilers/BladeCompiler.php(122): Illuminate\\Filesystem\\Filesystem->put('A:\\\\laragon\\\\www\\\\...', '<?php $__env->s...')
#3 /home/customs1/public_html/projects/newsportal/vendor/laravel/framework/src/Illuminate/View/Engines/CompilerEngine.php(51): Illuminate\\View\\Compilers\\BladeCompiler->compile('/home/customs1/...')
#4 /home/customs1/public_html/projects/newsportal/vendor/laravel/framework/src/Illuminate/View/View.php(142): Illuminate\\View\\Engines\\CompilerEngine->get('/home/customs1/...', Array)
#5 /home/customs1/public_html/projects/newsportal/vendor/laravel/framework/src/Illuminate/View/View.php(125): Illuminate\\View\\View->getContents()
#6 /home/customs1/public_html/projects/newsportal/vendor/laravel/framework/src/Illuminate/View/View.php(90): Illuminate\\View\\View->renderContents()
#7 /home/customs1/public_html/projects/newsportal/vendor/laravel/framework/src/Illuminate/Http/Response.php(42): Illuminate\\View\\View->render()
#8 /home/customs1/public_html/projects/newsportal/vendor/symfony/http-foundation/Response.php(205): Illuminate\\Http\\Response->setContent(Object(Illuminate\\View\\View))
#9 /home/customs1/public_html/projects/newsportal/vendor/laravel/framework/src/Illuminate/Routing/ResponseFactory.php(55): Symfony\\Component\\HttpFoundation\\Response->__construct(Object(Illuminate\\View\\View), 500, Array)
#10 /home/customs1/public_html/projects/newsportal/vendor/laravel/framework/src/Illuminate/Routing/ResponseFactory.php(81): Illuminate\\Routing\\ResponseFactory->make(Object(Illuminate\\View\\View), 500, Array)
#11 /home/customs1/public_html/projects/newsportal/vendor/laravel/framework/src/Illuminate/Foundation/Exceptions/Handler.php(380): Illuminate\\Routing\\ResponseFactory->view('errors::500', Array, 500, Array)
#12 /home/customs1/public_html/projects/newsportal/vendor/laravel/framework/src/Illuminate/Foundation/Exceptions/Handler.php(289): Illuminate\\Foundation\\Exceptions\\Handler->renderHttpException(Object(Symfony\\Component\\HttpKernel\\Exception\\HttpException))
#13 /home/customs1/public_html/projects/newsportal/vendor/laravel/framework/src/Illuminate/Foundation/Exceptions/Handler.php(188): Illuminate\\Foundation\\Exceptions\\Handler->prepareResponse(Object(Illuminate\\Http\\Request), Object(Symfony\\Component\\HttpKernel\\Exception\\HttpException))
#14 /home/customs1/public_html/projects/newsportal/app/Exceptions/Handler.php(49): Illuminate\\Foundation\\Exceptions\\Handler->render(Object(Illuminate\\Http\\Request), Object(ErrorException))
#15 /home/customs1/public_html/projects/newsportal/vendor/laravel/framework/src/Illuminate/Routing/Pipeline.php(83): App\\Exceptions\\Handler->render(Object(Illuminate\\Http\\Request), Object(ErrorException))
#16 /home/customs1/public_html/projects/newsportal/vendor/laravel/framework/src/Illuminate/Routing/Pipeline.php(55): Illuminate\\Routing\\Pipeline->handleException(Object(Illuminate\\Http\\Request), Object(ErrorException))
#17 /home/customs1/public_html/projects/newsportal/vendor/laravel/framework/src/Illuminate/Foundation/Http/Middleware/VerifyCsrfToken.php(75): Illuminate\\Routing\\Pipeline->Illuminate\\Routing\\{closure}(Object(Illuminate\\Http\\Request))
#18 /home/customs1/public_html/projects/newsportal/vendor/laravel/framework/src/Illuminate/Pipeline/Pipeline.php(163): Illuminate\\Foundation\\Http\\Middleware\\VerifyCsrfToken->handle(Object(Illuminate\\Http\\Request), Object(Closure))
#19 /home/customs1/public_html/projects/newsportal/vendor/laravel/framework/src/Illuminate/Routing/Pipeline.php(53): Illuminate\\Pipeline\\Pipeline->Illuminate\\Pipeline\\{closure}(Object(Illuminate\\Http\\Request))
#20 /home/customs1/public_html/projects/newsportal/vendor/laravel/framework/src/Illuminate/View/Middleware/ShareErrorsFromSession.php(49): Illuminate\\Routing\\Pipeline->Illuminate\\Routing\\{closure}(Object(Illuminate\\Http\\Request))
#21 /home/customs1/public_html/projects/newsportal/vendor/laravel/framework/src/Illuminate/Pipeline/Pipeline.php(163): Illuminate\\View\\Middleware\\ShareErrorsFromSession->handle(Object(Illuminate\\Http\\Request), Object(Closure))
#22 /home/customs1/public_html/projects/newsportal/vendor/laravel/framework/src/Illuminate/Routing/Pipeline.php(53): Illuminate\\Pipeline\\Pipeline->Illuminate\\Pipeline\\{closure}(Object(Illuminate\\Http\\Request))
#23 /home/customs1/public_html/projects/newsportal/vendor/laravel/framework/src/Illuminate/Session/Middleware/StartSession.php(63): Illuminate\\Routing\\Pipeline->Illuminate\\Routing\\{closure}(Object(Illuminate\\Http\\Request))
#24 /home/customs1/public_html/projects/newsportal/vendor/laravel/framework/src/Illuminate/Pipeline/Pipeline.php(163): Illuminate\\Session\\Middleware\\StartSession->handle(Object(Illuminate\\Http\\Request), Object(Closure))
#25 /home/customs1/public_html/projects/newsportal/vendor/laravel/framework/src/Illuminate/Routing/Pipeline.php(53): Illuminate\\Pipeline\\Pipeline->Illuminate\\Pipeline\\{closure}(Object(Illuminate\\Http\\Request))
#26 /home/customs1/public_html/projects/newsportal/vendor/laravel/framework/src/Illuminate/Cookie/Middleware/AddQueuedCookiesToResponse.php(37): Illuminate\\Routing\\Pipeline->Illuminate\\Routing\\{closure}(Object(Illuminate\\Http\\Request))
#27 /home/customs1/public_html/projects/newsportal/vendor/laravel/framework/src/Illuminate/Pipeline/Pipeline.php(163): Illuminate\\Cookie\\Middleware\\AddQueuedCookiesToResponse->handle(Object(Illuminate\\Http\\Request), Object(Closure))
#28 /home/customs1/public_html/projects/newsportal/vendor/laravel/framework/src/Illuminate/Routing/Pipeline.php(53): Illuminate\\Pipeline\\Pipeline->Illuminate\\Pipeline\\{closure}(Object(Illuminate\\Http\\Request))
#29 /home/customs1/public_html/projects/newsportal/vendor/laravel/framework/src/Illuminate/Cookie/Middleware/EncryptCookies.php(66): Illuminate\\Routing\\Pipeline->Illuminate\\Routing\\{closure}(Object(Illuminate\\Http\\Request))
#30 /home/customs1/public_html/projects/newsportal/vendor/laravel/framework/src/Illuminate/Pipeline/Pipeline.php(163): Illuminate\\Cookie\\Middleware\\EncryptCookies->handle(Object(Illuminate\\Http\\Request), Object(Closure))
#31 /home/customs1/public_html/projects/newsportal/vendor/laravel/framework/src/Illuminate/Routing/Pipeline.php(53): Illuminate\\Pipeline\\Pipeline->Illuminate\\Pipeline\\{closure}(Object(Illuminate\\Http\\Request))
#32 /home/customs1/public_html/projects/newsportal/vendor/laravel/framework/src/Illuminate/Pipeline/Pipeline.php(104): Illuminate\\Routing\\Pipeline->Illuminate\\Routing\\{closure}(Object(Illuminate\\Http\\Request))
#33 /home/customs1/public_html/projects/newsportal/vendor/laravel/framework/src/Illuminate/Routing/Router.php(684): Illuminate\\Pipeline\\Pipeline->then(Object(Closure))
#34 /home/customs1/public_html/projects/newsportal/vendor/laravel/framework/src/Illuminate/Routing/Router.php(659): Illuminate\\Routing\\Router->runRouteWithinStack(Object(Illuminate\\Routing\\Route), Object(Illuminate\\Http\\Request))
#35 /home/customs1/public_html/projects/newsportal/vendor/laravel/framework/src/Illuminate/Routing/Router.php(625): Illuminate\\Routing\\Router->runRoute(Object(Illuminate\\Http\\Request), Object(Illuminate\\Routing\\Route))
#36 /home/customs1/public_html/projects/newsportal/vendor/laravel/framework/src/Illuminate/Routing/Router.php(614): Illuminate\\Routing\\Router->dispatchToRoute(Object(Illuminate\\Http\\Request))
#37 /home/customs1/public_html/projects/newsportal/vendor/laravel/framework/src/Illuminate/Foundation/Http/Kernel.php(176): Illuminate\\Routing\\Router->dispatch(Object(Illuminate\\Http\\Request))
#38 /home/customs1/public_html/projects/newsportal/vendor/laravel/framework/src/Illuminate/Routing/Pipeline.php(30): Illuminate\\Foundation\\Http\\Kernel->Illuminate\\Foundation\\Http\\{closure}(Object(Illuminate\\Http\\Request))
#39 /home/customs1/public_html/projects/newsportal/vendor/barryvdh/laravel-debugbar/src/Middleware/InjectDebugbar.php(58): Illuminate\\Routing\\Pipeline->Illuminate\\Routing\\{closure}(Object(Illuminate\\Http\\Request))
#40 /home/customs1/public_html/projects/newsportal/vendor/laravel/framework/src/Illuminate/Pipeline/Pipeline.php(163): Barryvdh\\Debugbar\\Middleware\\InjectDebugbar->handle(Object(Illuminate\\Http\\Request), Object(Closure))
#41 /home/customs1/public_html/projects/newsportal/vendor/laravel/framework/src/Illuminate/Routing/Pipeline.php(53): Illuminate\\Pipeline\\Pipeline->Illuminate\\Pipeline\\{closure}(Object(Illuminate\\Http\\Request))
#42 /home/customs1/public_html/projects/newsportal/vendor/fideloper/proxy/src/TrustProxies.php(57): Illuminate\\Routing\\Pipeline->Illuminate\\Routing\\{closure}(Object(Illuminate\\Http\\Request))
#43 /home/customs1/public_html/projects/newsportal/vendor/laravel/framework/src/Illuminate/Pipeline/Pipeline.php(163): Fideloper\\Proxy\\TrustProxies->handle(Object(Illuminate\\Http\\Request), Object(Closure))
#44 /home/customs1/public_html/projects/newsportal/vendor/laravel/framework/src/Illuminate/Routing/Pipeline.php(53): Illuminate\\Pipeline\\Pipeline->Illuminate\\Pipeline\\{closure}(Object(Illuminate\\Http\\Request))
#45 /home/customs1/public_html/projects/newsportal/vendor/laravel/framework/src/Illuminate/Foundation/Http/Middleware/TransformsRequest.php(31): Illuminate\\Routing\\Pipeline->Illuminate\\Routing\\{closure}(Object(Illuminate\\Http\\Request))
#46 /home/customs1/public_html/projects/newsportal/vendor/laravel/framework/src/Illuminate/Pipeline/Pipeline.php(163): Illuminate\\Foundation\\Http\\Middleware\\TransformsRequest->handle(Object(Illuminate\\Http\\Request), Object(Closure))
#47 /home/customs1/public_html/projects/newsportal/vendor/laravel/framework/src/Illuminate/Routing/Pipeline.php(53): Illuminate\\Pipeline\\Pipeline->Illuminate\\Pipeline\\{closure}(Object(Illuminate\\Http\\Request))
#48 /home/customs1/public_html/projects/newsportal/vendor/laravel/framework/src/Illuminate/Foundation/Http/Middleware/TransformsRequest.php(31): Illuminate\\Routing\\Pipeline->Illuminate\\Routing\\{closure}(Object(Illuminate\\Http\\Request))
#49 /home/customs1/public_html/projects/newsportal/vendor/laravel/framework/src/Illuminate/Pipeline/Pipeline.php(163): Illuminate\\Foundation\\Http\\Middleware\\TransformsRequest->handle(Object(Illuminate\\Http\\Request), Object(Closure))
#50 /home/customs1/public_html/projects/newsportal/vendor/laravel/framework/src/Illuminate/Routing/Pipeline.php(53): Illuminate\\Pipeline\\Pipeline->Illuminate\\Pipeline\\{closure}(Object(Illuminate\\Http\\Request))
#51 /home/customs1/public_html/projects/newsportal/vendor/laravel/framework/src/Illuminate/Foundation/Http/Middleware/ValidatePostSize.php(27): Illuminate\\Routing\\Pipeline->Illuminate\\Routing\\{closure}(Object(Illuminate\\Http\\Request))
#52 /home/customs1/public_html/projects/newsportal/vendor/laravel/framework/src/Illuminate/Pipeline/Pipeline.php(163): Illuminate\\Foundation\\Http\\Middleware\\ValidatePostSize->handle(Object(Illuminate\\Http\\Request), Object(Closure))
#53 /home/customs1/public_html/projects/newsportal/vendor/laravel/framework/src/Illuminate/Routing/Pipeline.php(53): Illuminate\\Pipeline\\Pipeline->Illuminate\\Pipeline\\{closure}(Object(Illuminate\\Http\\Request))
#54 /home/customs1/public_html/projects/newsportal/vendor/laravel/framework/src/Illuminate/Foundation/Http/Middleware/CheckForMaintenanceMode.php(62): Illuminate\\Routing\\Pipeline->Illuminate\\Routing\\{closure}(Object(Illuminate\\Http\\Request))
#55 /home/customs1/public_html/projects/newsportal/vendor/laravel/framework/src/Illuminate/Pipeline/Pipeline.php(163): Illuminate\\Foundation\\Http\\Middleware\\CheckForMaintenanceMode->handle(Object(Illuminate\\Http\\Request), Object(Closure))
#56 /home/customs1/public_html/projects/newsportal/vendor/laravel/framework/src/Illuminate/Routing/Pipeline.php(53): Illuminate\\Pipeline\\Pipeline->Illuminate\\Pipeline\\{closure}(Object(Illuminate\\Http\\Request))
#57 /home/customs1/public_html/projects/newsportal/vendor/laravel/framework/src/Illuminate/Pipeline/Pipeline.php(104): Illuminate\\Routing\\Pipeline->Illuminate\\Routing\\{closure}(Object(Illuminate\\Http\\Request))
#58 /home/customs1/public_html/projects/newsportal/vendor/laravel/framework/src/Illuminate/Foundation/Http/Kernel.php(151): Illuminate\\Pipeline\\Pipeline->then(Object(Closure))
#59 /home/customs1/public_html/projects/newsportal/vendor/laravel/framework/src/Illuminate/Foundation/Http/Kernel.php(116): Illuminate\\Foundation\\Http\\Kernel->sendRequestThroughRouter(Object(Illuminate\\Http\\Request))
#60 /home/customs1/public_html/projects/newsportal/public/index.php(55): Illuminate\\Foundation\\Http\\Kernel->handle(Object(Illuminate\\Http\\Request))
#61 {main}
"} 
[2021-07-19 18:54:42] local.ERROR: file_put_contents(A:\laragon\www\newsportal\storage\framework\views/586248950626724bb1f966444695ee13b153f512.php): failed to open stream: No such file or directory {"exception":"[object] (ErrorException(code: 0): file_put_contents(A:\\laragon\\www\
ewsportal\\storage\\framework\\views/586248950626724bb1f966444695ee13b153f512.php): failed to open stream: No such file or directory at /home/customs1/public_html/projects/newsportal/vendor/laravel/framework/src/Illuminate/Filesystem/Filesystem.php:122)
[stacktrace]
#0 [internal function]: Illuminate\\Foundation\\Bootstrap\\HandleExceptions->handleError(2, 'file_put_conten...', '/home/customs1/...', 122, Array)
#1 /home/customs1/public_html/projects/newsportal/vendor/laravel/framework/src/Illuminate/Filesystem/Filesystem.php(122): file_put_contents('A:\\\\laragon\\\\www\\\\...', '<?php $__env->s...', 0)
#2 /home/customs1/public_html/projects/newsportal/vendor/laravel/framework/src/Illuminate/View/Compilers/BladeCompiler.php(122): Illuminate\\Filesystem\\Filesystem->put('A:\\\\laragon\\\\www\\\\...', '<?php $__env->s...')
#3 /home/customs1/public_html/projects/newsportal/vendor/laravel/framework/src/Illuminate/View/Engines/CompilerEngine.php(51): Illuminate\\View\\Compilers\\BladeCompiler->compile('/home/customs1/...')
#4 /home/customs1/public_html/projects/newsportal/vendor/laravel/framework/src/Illuminate/View/View.php(142): Illuminate\\View\\Engines\\CompilerEngine->get('/home/customs1/...', Array)
#5 /home/customs1/public_html/projects/newsportal/vendor/laravel/framework/src/Illuminate/View/View.php(125): Illuminate\\View\\View->getContents()
#6 /home/customs1/public_html/projects/newsportal/vendor/laravel/framework/src/Illuminate/View/View.php(90): Illuminate\\View\\View->renderContents()
#7 /home/customs1/public_html/projects/newsportal/vendor/laravel/framework/src/Illuminate/Http/Response.php(42): Illuminate\\View\\View->render()
#8 /home/customs1/public_html/projects/newsportal/vendor/symfony/http-foundation/Response.php(205): Illuminate\\Http\\Response->setContent(Object(Illuminate\\View\\View))
#9 /home/customs1/public_html/projects/newsportal/vendor/laravel/framework/src/Illuminate/Routing/ResponseFactory.php(55): Symfony\\Component\\HttpFoundation\\Response->__construct(Object(Illuminate\\View\\View), 500, Array)
#10 /home/customs1/public_html/projects/newsportal/vendor/laravel/framework/src/Illuminate/Routing/ResponseFactory.php(81): Illuminate\\Routing\\ResponseFactory->make(Object(Illuminate\\View\\View), 500, Array)
#11 /home/customs1/public_html/projects/newsportal/vendor/laravel/framework/src/Illuminate/Foundation/Exceptions/Handler.php(380): Illuminate\\Routing\\ResponseFactory->view('errors::500', Array, 500, Array)
#12 /home/customs1/public_html/projects/newsportal/vendor/laravel/framework/src/Illuminate/Foundation/Exceptions/Handler.php(289): Illuminate\\Foundation\\Exceptions\\Handler->renderHttpException(Object(Symfony\\Component\\HttpKernel\\Exception\\HttpException))
#13 /home/customs1/public_html/projects/newsportal/vendor/laravel/framework/src/Illuminate/Foundation/Exceptions/Handler.php(188): Illuminate\\Foundation\\Exceptions\\Handler->prepareResponse(Object(Illuminate\\Http\\Request), Object(Symfony\\Component\\HttpKernel\\Exception\\HttpException))
#14 /home/customs1/public_html/projects/newsportal/app/Exceptions/Handler.php(49): Illuminate\\Foundation\\Exceptions\\Handler->render(Object(Illuminate\\Http\\Request), Object(ErrorException))
#15 /home/customs1/public_html/projects/newsportal/vendor/laravel/framework/src/Illuminate/Routing/Pipeline.php(83): App\\Exceptions\\Handler->render(Object(Illuminate\\Http\\Request), Object(ErrorException))
#16 /home/customs1/public_html/projects/newsportal/vendor/laravel/framework/src/Illuminate/Routing/Pipeline.php(55): Illuminate\\Routing\\Pipeline->handleException(Object(Illuminate\\Http\\Request), Object(ErrorException))
#17 /home/customs1/public_html/projects/newsportal/vendor/laravel/framework/src/Illuminate/View/Middleware/ShareErrorsFromSession.php(49): Illuminate\\Routing\\Pipeline->Illuminate\\Routing\\{closure}(Object(Illuminate\\Http\\Request))
#18 /home/customs1/public_html/projects/newsportal/vendor/laravel/framework/src/Illuminate/Pipeline/Pipeline.php(163): Illuminate\\View\\Middleware\\ShareErrorsFromSession->handle(Object(Illuminate\\Http\\Request), Object(Closure))
#19 /home/customs1/public_html/projects/newsportal/vendor/laravel/framework/src/Illuminate/Routing/Pipeline.php(53): Illuminate\\Pipeline\\Pipeline->Illuminate\\Pipeline\\{closure}(Object(Illuminate\\Http\\Request))
#20 /home/customs1/public_html/projects/newsportal/vendor/laravel/framework/src/Illuminate/Session/Middleware/StartSession.php(63): Illuminate\\Routing\\Pipeline->Illuminate\\Routing\\{closure}(Object(Illuminate\\Http\\Request))
#21 /home/customs1/public_html/projects/newsportal/vendor/laravel/framework/src/Illuminate/Pipeline/Pipeline.php(163): Illuminate\\Session\\Middleware\\StartSession->handle(Object(Illuminate\\Http\\Request), Object(Closure))
#22 /home/customs1/public_html/projects/newsportal/vendor/laravel/framework/src/Illuminate/Routing/Pipeline.php(53): Illuminate\\Pipeline\\Pipeline->Illuminate\\Pipeline\\{closure}(Object(Illuminate\\Http\\Request))
#23 /home/customs1/public_html/projects/newsportal/vendor/laravel/framework/src/Illuminate/Cookie/Middleware/AddQueuedCookiesToResponse.php(37): Illuminate\\Routing\\Pipeline->Illuminate\\Routing\\{closure}(Object(Illuminate\\Http\\Request))
#24 /home/customs1/public_html/projects/newsportal/vendor/laravel/framework/src/Illuminate/Pipeline/Pipeline.php(163): Illuminate\\Cookie\\Middleware\\AddQueuedCookiesToResponse->handle(Object(Illuminate\\Http\\Request), Object(Closure))
#25 /home/customs1/public_html/projects/newsportal/vendor/laravel/framework/src/Illuminate/Routing/Pipeline.php(53): Illuminate\\Pipeline\\Pipeline->Illuminate\\Pipeline\\{closure}(Object(Illuminate\\Http\\Request))
#26 /home/customs1/public_html/projects/newsportal/vendor/laravel/framework/src/Illuminate/Cookie/Middleware/EncryptCookies.php(66): Illuminate\\Routing\\Pipeline->Illuminate\\Routing\\{closure}(Object(Illuminate\\Http\\Request))
#27 /home/customs1/public_html/projects/newsportal/vendor/laravel/framework/src/Illuminate/Pipeline/Pipeline.php(163): Illuminate\\Cookie\\Middleware\\EncryptCookies->handle(Object(Illuminate\\Http\\Request), Object(Closure))
#28 /home/customs1/public_html/projects/newsportal/vendor/laravel/framework/src/Illuminate/Routing/Pipeline.php(53): Illuminate\\Pipeline\\Pipeline->Illuminate\\Pipeline\\{closure}(Object(Illuminate\\Http\\Request))
#29 /home/customs1/public_html/projects/newsportal/vendor/laravel/framework/src/Illuminate/Pipeline/Pipeline.php(104): Illuminate\\Routing\\Pipeline->Illuminate\\Routing\\{closure}(Object(Illuminate\\Http\\Request))
#30 /home/customs1/public_html/projects/newsportal/vendor/laravel/framework/src/Illuminate/Routing/Router.php(684): Illuminate\\Pipeline\\Pipeline->then(Object(Closure))
#31 /home/customs1/public_html/projects/newsportal/vendor/laravel/framework/src/Illuminate/Routing/Router.php(659): Illuminate\\Routing\\Router->runRouteWithinStack(Object(Illuminate\\Routing\\Route), Object(Illuminate\\Http\\Request))
#32 /home/customs1/public_html/projects/newsportal/vendor/laravel/framework/src/Illuminate/Routing/Router.php(625): Illuminate\\Routing\\Router->runRoute(Object(Illuminate\\Http\\Request), Object(Illuminate\\Routing\\Route))
#33 /home/customs1/public_html/projects/newsportal/vendor/laravel/framework/src/Illuminate/Routing/Router.php(614): Illuminate\\Routing\\Router->dispatchToRoute(Object(Illuminate\\Http\\Request))
#34 /home/customs1/public_html/projects/newsportal/vendor/laravel/framework/src/Illuminate/Foundation/Http/Kernel.php(176): Illuminate\\Routing\\Router->dispatch(Object(Illuminate\\Http\\Request))
#35 /home/customs1/public_html/projects/newsportal/vendor/laravel/framework/src/Illuminate/Routing/Pipeline.php(30): Illuminate\\Foundation\\Http\\Kernel->Illuminate\\Foundation\\Http\\{closure}(Object(Illuminate\\Http\\Request))
#36 /home/customs1/public_html/projects/newsportal/vendor/barryvdh/laravel-debugbar/src/Middleware/InjectDebugbar.php(58): Illuminate\\Routing\\Pipeline->Illuminate\\Routing\\{closure}(Object(Illuminate\\Http\\Request))
#37 /home/customs1/public_html/projects/newsportal/vendor/laravel/framework/src/Illuminate/Pipeline/Pipeline.php(163): Barryvdh\\Debugbar\\Middleware\\InjectDebugbar->handle(Object(Illuminate\\Http\\Request), Object(Closure))
#38 /home/customs1/public_html/projects/newsportal/vendor/laravel/framework/src/Illuminate/Routing/Pipeline.php(53): Illuminate\\Pipeline\\Pipeline->Illuminate\\Pipeline\\{closure}(Object(Illuminate\\Http\\Request))
#39 /home/customs1/public_html/projects/newsportal/vendor/fideloper/proxy/src/TrustProxies.php(57): Illuminate\\Routing\\Pipeline->Illuminate\\Routing\\{closure}(Object(Illuminate\\Http\\Request))
#40 /home/customs1/public_html/projects/newsportal/vendor/laravel/framework/src/Illuminate/Pipeline/Pipeline.php(163): Fideloper\\Proxy\\TrustProxies->handle(Object(Illuminate\\Http\\Request), Object(Closure))
#41 /home/customs1/public_html/projects/newsportal/vendor/laravel/framework/src/Illuminate/Routing/Pipeline.php(53): Illuminate\\Pipeline\\Pipeline->Illuminate\\Pipeline\\{closure}(Object(Illuminate\\Http\\Request))
#42 /home/customs1/public_html/projects/newsportal/vendor/laravel/framework/src/Illuminate/Foundation/Http/Middleware/TransformsRequest.php(31): Illuminate\\Routing\\Pipeline->Illuminate\\Routing\\{closure}(Object(Illuminate\\Http\\Request))
#43 /home/customs1/public_html/projects/newsportal/vendor/laravel/framework/src/Illuminate/Pipeline/Pipeline.php(163): Illuminate\\Foundation\\Http\\Middleware\\TransformsRequest->handle(Object(Illuminate\\Http\\Request), Object(Closure))
#44 /home/customs1/public_html/projects/newsportal/vendor/laravel/framework/src/Illuminate/Routing/Pipeline.php(53): Illuminate\\Pipeline\\Pipeline->Illuminate\\Pipeline\\{closure}(Object(Illuminate\\Http\\Request))
#45 /home/customs1/public_html/projects/newsportal/vendor/laravel/framework/src/Illuminate/Foundation/Http/Middleware/TransformsRequest.php(31): Illuminate\\Routing\\Pipeline->Illuminate\\Routing\\{closure}(Object(Illuminate\\Http\\Request))
#46 /home/customs1/public_html/projects/newsportal/vendor/laravel/framework/src/Illuminate/Pipeline/Pipeline.php(163): Illuminate\\Foundation\\Http\\Middleware\\TransformsRequest->handle(Object(Illuminate\\Http\\Request), Object(Closure))
#47 /home/customs1/public_html/projects/newsportal/vendor/laravel/framework/src/Illuminate/Routing/Pipeline.php(53): Illuminate\\Pipeline\\Pipeline->Illuminate\\Pipeline\\{closure}(Object(Illuminate\\Http\\Request))
#48 /home/customs1/public_html/projects/newsportal/vendor/laravel/framework/src/Illuminate/Foundation/Http/Middleware/ValidatePostSize.php(27): Illuminate\\Routing\\Pipeline->Illuminate\\Routing\\{closure}(Object(Illuminate\\Http\\Request))
#49 /home/customs1/public_html/projects/newsportal/vendor/laravel/framework/src/Illuminate/Pipeline/Pipeline.php(163): Illuminate\\Foundation\\Http\\Middleware\\ValidatePostSize->handle(Object(Illuminate\\Http\\Request), Object(Closure))
#50 /home/customs1/public_html/projects/newsportal/vendor/laravel/framework/src/Illuminate/Routing/Pipeline.php(53): Illuminate\\Pipeline\\Pipeline->Illuminate\\Pipeline\\{closure}(Object(Illuminate\\Http\\Request))
#51 /home/customs1/public_html/projects/newsportal/vendor/laravel/framework/src/Illuminate/Foundation/Http/Middleware/CheckForMaintenanceMode.php(62): Illuminate\\Routing\\Pipeline->Illuminate\\Routing\\{closure}(Object(Illuminate\\Http\\Request))
#52 /home/customs1/public_html/projects/newsportal/vendor/laravel/framework/src/Illuminate/Pipeline/Pipeline.php(163): Illuminate\\Foundation\\Http\\Middleware\\CheckForMaintenanceMode->handle(Object(Illuminate\\Http\\Request), Object(Closure))
#53 /home/customs1/public_html/projects/newsportal/vendor/laravel/framework/src/Illuminate/Routing/Pipeline.php(53): Illuminate\\Pipeline\\Pipeline->Illuminate\\Pipeline\\{closure}(Object(Illuminate\\Http\\Request))
#54 /home/customs1/public_html/projects/newsportal/vendor/laravel/framework/src/Illuminate/Pipeline/Pipeline.php(104): Illuminate\\Routing\\Pipeline->Illuminate\\Routing\\{closure}(Object(Illuminate\\Http\\Request))
#55 /home/customs1/public_html/projects/newsportal/vendor/laravel/framework/src/Illuminate/Foundation/Http/Kernel.php(151): Illuminate\\Pipeline\\Pipeline->then(Object(Closure))
#56 /home/customs1/public_html/projects/newsportal/vendor/laravel/framework/src/Illuminate/Foundation/Http/Kernel.php(116): Illuminate\\Foundation\\Http\\Kernel->sendRequestThroughRouter(Object(Illuminate\\Http\\Request))
#57 /home/customs1/public_html/projects/newsportal/public/index.php(55): Illuminate\\Foundation\\Http\\Kernel->handle(Object(Illuminate\\Http\\Request))
#58 {main}
"} 
[2021-07-19 18:54:42] local.ERROR: file_put_contents(A:\laragon\www\newsportal\storage\framework\views/586248950626724bb1f966444695ee13b153f512.php): failed to open stream: No such file or directory {"exception":"[object] (ErrorException(code: 0): file_put_contents(A:\\laragon\\www\
ewsportal\\storage\\framework\\views/586248950626724bb1f966444695ee13b153f512.php): failed to open stream: No such file or directory at /home/customs1/public_html/projects/newsportal/vendor/laravel/framework/src/Illuminate/Filesystem/Filesystem.php:122)
[stacktrace]
#0 [internal function]: Illuminate\\Foundation\\Bootstrap\\HandleExceptions->handleError(2, 'file_put_conten...', '/home/customs1/...', 122, Array)
#1 /home/customs1/public_html/projects/newsportal/vendor/laravel/framework/src/Illuminate/Filesystem/Filesystem.php(122): file_put_contents('A:\\\\laragon\\\\www\\\\...', '<?php $__env->s...', 0)
#2 /home/customs1/public_html/projects/newsportal/vendor/laravel/framework/src/Illuminate/View/Compilers/BladeCompiler.php(122): Illuminate\\Filesystem\\Filesystem->put('A:\\\\laragon\\\\www\\\\...', '<?php $__env->s...')
#3 /home/customs1/public_html/projects/newsportal/vendor/laravel/framework/src/Illuminate/View/Engines/CompilerEngine.php(51): Illuminate\\View\\Compilers\\BladeCompiler->compile('/home/customs1/...')
#4 /home/customs1/public_html/projects/newsportal/vendor/laravel/framework/src/Illuminate/View/View.php(142): Illuminate\\View\\Engines\\CompilerEngine->get('/home/customs1/...', Array)
#5 /home/customs1/public_html/projects/newsportal/vendor/laravel/framework/src/Illuminate/View/View.php(125): Illuminate\\View\\View->getContents()
#6 /home/customs1/public_html/projects/newsportal/vendor/laravel/framework/src/Illuminate/View/View.php(90): Illuminate\\View\\View->renderContents()
#7 /home/customs1/public_html/projects/newsportal/vendor/laravel/framework/src/Illuminate/Http/Response.php(42): Illuminate\\View\\View->render()
#8 /home/customs1/public_html/projects/newsportal/vendor/symfony/http-foundation/Response.php(205): Illuminate\\Http\\Response->setContent(Object(Illuminate\\View\\View))
#9 /home/customs1/public_html/projects/newsportal/vendor/laravel/framework/src/Illuminate/Routing/ResponseFactory.php(55): Symfony\\Component\\HttpFoundation\\Response->__construct(Object(Illuminate\\View\\View), 500, Array)
#10 /home/customs1/public_html/projects/newsportal/vendor/laravel/framework/src/Illuminate/Routing/ResponseFactory.php(81): Illuminate\\Routing\\ResponseFactory->make(Object(Illuminate\\View\\View), 500, Array)
#11 /home/customs1/public_html/projects/newsportal/vendor/laravel/framework/src/Illuminate/Foundation/Exceptions/Handler.php(380): Illuminate\\Routing\\ResponseFactory->view('errors::500', Array, 500, Array)
#12 /home/customs1/public_html/projects/newsportal/vendor/laravel/framework/src/Illuminate/Foundation/Exceptions/Handler.php(289): Illuminate\\Foundation\\Exceptions\\Handler->renderHttpException(Object(Symfony\\Component\\HttpKernel\\Exception\\HttpException))
#13 /home/customs1/public_html/projects/newsportal/vendor/laravel/framework/src/Illuminate/Foundation/Exceptions/Handler.php(188): Illuminate\\Foundation\\Exceptions\\Handler->prepareResponse(Object(Illuminate\\Http\\Request), Object(Symfony\\Component\\HttpKernel\\Exception\\HttpException))
#14 /home/customs1/public_html/projects/newsportal/app/Exceptions/Handler.php(49): Illuminate\\Foundation\\Exceptions\\Handler->render(Object(Illuminate\\Http\\Request), Object(ErrorException))
#15 /home/customs1/public_html/projects/newsportal/vendor/laravel/framework/src/Illuminate/Routing/Pipeline.php(83): App\\Exceptions\\Handler->render(Object(Illuminate\\Http\\Request), Object(ErrorException))
#16 /home/customs1/public_html/projects/newsportal/vendor/laravel/framework/src/Illuminate/Routing/Pipeline.php(55): Illuminate\\Routing\\Pipeline->handleException(Object(Illuminate\\Http\\Request), Object(ErrorException))
#17 /home/customs1/public_html/projects/newsportal/vendor/laravel/framework/src/Illuminate/Session/Middleware/StartSession.php(63): Illuminate\\Routing\\Pipeline->Illuminate\\Routing\\{closure}(Object(Illuminate\\Http\\Request))
#18 /home/customs1/public_html/projects/newsportal/vendor/laravel/framework/src/Illuminate/Pipeline/Pipeline.php(163): Illuminate\\Session\\Middleware\\StartSession->handle(Object(Illuminate\\Http\\Request), Object(Closure))
#19 /home/customs1/public_html/projects/newsportal/vendor/laravel/framework/src/Illuminate/Routing/Pipeline.php(53): Illuminate\\Pipeline\\Pipeline->Illuminate\\Pipeline\\{closure}(Object(Illuminate\\Http\\Request))
#20 /home/customs1/public_html/projects/newsportal/vendor/laravel/framework/src/Illuminate/Cookie/Middleware/AddQueuedCookiesToResponse.php(37): Illuminate\\Routing\\Pipeline->Illuminate\\Routing\\{closure}(Object(Illuminate\\Http\\Request))
#21 /home/customs1/public_html/projects/newsportal/vendor/laravel/framework/src/Illuminate/Pipeline/Pipeline.php(163): Illuminate\\Cookie\\Middleware\\AddQueuedCookiesToResponse->handle(Object(Illuminate\\Http\\Request), Object(Closure))
#22 /home/customs1/public_html/projects/newsportal/vendor/laravel/framework/src/Illuminate/Routing/Pipeline.php(53): Illuminate\\Pipeline\\Pipeline->Illuminate\\Pipeline\\{closure}(Object(Illuminate\\Http\\Request))
#23 /home/customs1/public_html/projects/newsportal/vendor/laravel/framework/src/Illuminate/Cookie/Middleware/EncryptCookies.php(66): Illuminate\\Routing\\Pipeline->Illuminate\\Routing\\{closure}(Object(Illuminate\\Http\\Request))
#24 /home/customs1/public_html/projects/newsportal/vendor/laravel/framework/src/Illuminate/Pipeline/Pipeline.php(163): Illuminate\\Cookie\\Middleware\\EncryptCookies->handle(Object(Illuminate\\Http\\Request), Object(Closure))
#25 /home/customs1/public_html/projects/newsportal/vendor/laravel/framework/src/Illuminate/Routing/Pipeline.php(53): Illuminate\\Pipeline\\Pipeline->Illuminate\\Pipeline\\{closure}(Object(Illuminate\\Http\\Request))
#26 /home/customs1/public_html/projects/newsportal/vendor/laravel/framework/src/Illuminate/Pipeline/Pipeline.php(104): Illuminate\\Routing\\Pipeline->Illuminate\\Routing\\{closure}(Object(Illuminate\\Http\\Request))
#27 /home/customs1/public_html/projects/newsportal/vendor/laravel/framework/src/Illuminate/Routing/Router.php(684): Illuminate\\Pipeline\\Pipeline->then(Object(Closure))
#28 /home/customs1/public_html/projects/newsportal/vendor/laravel/framework/src/Illuminate/Routing/Router.php(659): Illuminate\\Routing\\Router->runRouteWithinStack(Object(Illuminate\\Routing\\Route), Object(Illuminate\\Http\\Request))
#29 /home/customs1/public_html/projects/newsportal/vendor/laravel/framework/src/Illuminate/Routing/Router.php(625): Illuminate\\Routing\\Router->runRoute(Object(Illuminate\\Http\\Request), Object(Illuminate\\Routing\\Route))
#30 /home/customs1/public_html/projects/newsportal/vendor/laravel/framework/src/Illuminate/Routing/Router.php(614): Illuminate\\Routing\\Router->dispatchToRoute(Object(Illuminate\\Http\\Request))
#31 /home/customs1/public_html/projects/newsportal/vendor/laravel/framework/src/Illuminate/Foundation/Http/Kernel.php(176): Illuminate\\Routing\\Router->dispatch(Object(Illuminate\\Http\\Request))
#32 /home/customs1/public_html/projects/newsportal/vendor/laravel/framework/src/Illuminate/Routing/Pipeline.php(30): Illuminate\\Foundation\\Http\\Kernel->Illuminate\\Foundation\\Http\\{closure}(Object(Illuminate\\Http\\Request))
#33 /home/customs1/public_html/projects/newsportal/vendor/barryvdh/laravel-debugbar/src/Middleware/InjectDebugbar.php(58): Illuminate\\Routing\\Pipeline->Illuminate\\Routing\\{closure}(Object(Illuminate\\Http\\Request))
#34 /home/customs1/public_html/projects/newsportal/vendor/laravel/framework/src/Illuminate/Pipeline/Pipeline.php(163): Barryvdh\\Debugbar\\Middleware\\InjectDebugbar->handle(Object(Illuminate\\Http\\Request), Object(Closure))
#35 /home/customs1/public_html/projects/newsportal/vendor/laravel/framework/src/Illuminate/Routing/Pipeline.php(53): Illuminate\\Pipeline\\Pipeline->Illuminate\\Pipeline\\{closure}(Object(Illuminate\\Http\\Request))
#36 /home/customs1/public_html/projects/newsportal/vendor/fideloper/proxy/src/TrustProxies.php(57): Illuminate\\Routing\\Pipeline->Illuminate\\Routing\\{closure}(Object(Illuminate\\Http\\Request))
#37 /home/customs1/public_html/projects/newsportal/vendor/laravel/framework/src/Illuminate/Pipeline/Pipeline.php(163): Fideloper\\Proxy\\TrustProxies->handle(Object(Illuminate\\Http\\Request), Object(Closure))
#38 /home/customs1/public_html/projects/newsportal/vendor/laravel/framework/src/Illuminate/Routing/Pipeline.php(53): Illuminate\\Pipeline\\Pipeline->Illuminate\\Pipeline\\{closure}(Object(Illuminate\\Http\\Request))
#39 /home/customs1/public_html/projects/newsportal/vendor/laravel/framework/src/Illuminate/Foundation/Http/Middleware/TransformsRequest.php(31): Illuminate\\Routing\\Pipeline->Illuminate\\Routing\\{closure}(Object(Illuminate\\Http\\Request))
#40 /home/customs1/public_html/projects/newsportal/vendor/laravel/framework/src/Illuminate/Pipeline/Pipeline.php(163): Illuminate\\Foundation\\Http\\Middleware\\TransformsRequest->handle(Object(Illuminate\\Http\\Request), Object(Closure))
#41 /home/customs1/public_html/projects/newsportal/vendor/laravel/framework/src/Illuminate/Routing/Pipeline.php(53): Illuminate\\Pipeline\\Pipeline->Illuminate\\Pipeline\\{closure}(Object(Illuminate\\Http\\Request))
#42 /home/customs1/public_html/projects/newsportal/vendor/laravel/framework/src/Illuminate/Foundation/Http/Middleware/TransformsRequest.php(31): Illuminate\\Routing\\Pipeline->Illuminate\\Routing\\{closure}(Object(Illuminate\\Http\\Request))
#43 /home/customs1/public_html/projects/newsportal/vendor/laravel/framework/src/Illuminate/Pipeline/Pipeline.php(163): Illuminate\\Foundation\\Http\\Middleware\\TransformsRequest->handle(Object(Illuminate\\Http\\Request), Object(Closure))
#44 /home/customs1/public_html/projects/newsportal/vendor/laravel/framework/src/Illuminate/Routing/Pipeline.php(53): Illuminate\\Pipeline\\Pipeline->Illuminate\\Pipeline\\{closure}(Object(Illuminate\\Http\\Request))
#45 /home/customs1/public_html/projects/newsportal/vendor/laravel/framework/src/Illuminate/Foundation/Http/Middleware/ValidatePostSize.php(27): Illuminate\\Routing\\Pipeline->Illuminate\\Routing\\{closure}(Object(Illuminate\\Http\\Request))
#46 /home/customs1/public_html/projects/newsportal/vendor/laravel/framework/src/Illuminate/Pipeline/Pipeline.php(163): Illuminate\\Foundation\\Http\\Middleware\\ValidatePostSize->handle(Object(Illuminate\\Http\\Request), Object(Closure))
#47 /home/customs1/public_html/projects/newsportal/vendor/laravel/framework/src/Illuminate/Routing/Pipeline.php(53): Illuminate\\Pipeline\\Pipeline->Illuminate\\Pipeline\\{closure}(Object(Illuminate\\Http\\Request))
#48 /home/customs1/public_html/projects/newsportal/vendor/laravel/framework/src/Illuminate/Foundation/Http/Middleware/CheckForMaintenanceMode.php(62): Illuminate\\Routing\\Pipeline->Illuminate\\Routing\\{closure}(Object(Illuminate\\Http\\Request))
#49 /home/customs1/public_html/projects/newsportal/vendor/laravel/framework/src/Illuminate/Pipeline/Pipeline.php(163): Illuminate\\Foundation\\Http\\Middleware\\CheckForMaintenanceMode->handle(Object(Illuminate\\Http\\Request), Object(Closure))
#50 /home/customs1/public_html/projects/newsportal/vendor/laravel/framework/src/Illuminate/Routing/Pipeline.php(53): Illuminate\\Pipeline\\Pipeline->Illuminate\\Pipeline\\{closure}(Object(Illuminate\\Http\\Request))
#51 /home/customs1/public_html/projects/newsportal/vendor/laravel/framework/src/Illuminate/Pipeline/Pipeline.php(104): Illuminate\\Routing\\Pipeline->Illuminate\\Routing\\{closure}(Object(Illuminate\\Http\\Request))
#52 /home/customs1/public_html/projects/newsportal/vendor/laravel/framework/src/Illuminate/Foundation/Http/Kernel.php(151): Illuminate\\Pipeline\\Pipeline->then(Object(Closure))
#53 /home/customs1/public_html/projects/newsportal/vendor/laravel/framework/src/Illuminate/Foundation/Http/Kernel.php(116): Illuminate\\Foundation\\Http\\Kernel->sendRequestThroughRouter(Object(Illuminate\\Http\\Request))
#54 /home/customs1/public_html/projects/newsportal/public/index.php(55): Illuminate\\Foundation\\Http\\Kernel->handle(Object(Illuminate\\Http\\Request))
#55 {main}
"} 
[2021-07-19 18:54:42] local.ERROR: file_put_contents(A:\laragon\www\newsportal\storage\framework\views/586248950626724bb1f966444695ee13b153f512.php): failed to open stream: No such file or directory {"exception":"[object] (ErrorException(code: 0): file_put_contents(A:\\laragon\\www\
ewsportal\\storage\\framework\\views/586248950626724bb1f966444695ee13b153f512.php): failed to open stream: No such file or directory at /home/customs1/public_html/projects/newsportal/vendor/laravel/framework/src/Illuminate/Filesystem/Filesystem.php:122)
[stacktrace]
#0 [internal function]: Illuminate\\Foundation\\Bootstrap\\HandleExceptions->handleError(2, 'file_put_conten...', '/home/customs1/...', 122, Array)
#1 /home/customs1/public_html/projects/newsportal/vendor/laravel/framework/src/Illuminate/Filesystem/Filesystem.php(122): file_put_contents('A:\\\\laragon\\\\www\\\\...', '<?php $__env->s...', 0)
#2 /home/customs1/public_html/projects/newsportal/vendor/laravel/framework/src/Illuminate/View/Compilers/BladeCompiler.php(122): Illuminate\\Filesystem\\Filesystem->put('A:\\\\laragon\\\\www\\\\...', '<?php $__env->s...')
#3 /home/customs1/public_html/projects/newsportal/vendor/laravel/framework/src/Illuminate/View/Engines/CompilerEngine.php(51): Illuminate\\View\\Compilers\\BladeCompiler->compile('/home/customs1/...')
#4 /home/customs1/public_html/projects/newsportal/vendor/laravel/framework/src/Illuminate/View/View.php(142): Illuminate\\View\\Engines\\CompilerEngine->get('/home/customs1/...', Array)
#5 /home/customs1/public_html/projects/newsportal/vendor/laravel/framework/src/Illuminate/View/View.php(125): Illuminate\\View\\View->getContents()
#6 /home/customs1/public_html/projects/newsportal/vendor/laravel/framework/src/Illuminate/View/View.php(90): Illuminate\\View\\View->renderContents()
#7 /home/customs1/public_html/projects/newsportal/vendor/laravel/framework/src/Illuminate/Http/Response.php(42): Illuminate\\View\\View->render()
#8 /home/customs1/public_html/projects/newsportal/vendor/symfony/http-foundation/Response.php(205): Illuminate\\Http\\Response->setContent(Object(Illuminate\\View\\View))
#9 /home/customs1/public_html/projects/newsportal/vendor/laravel/framework/src/Illuminate/Routing/ResponseFactory.php(55): Symfony\\Component\\HttpFoundation\\Response->__construct(Object(Illuminate\\View\\View), 500, Array)
#10 /home/customs1/public_html/projects/newsportal/vendor/laravel/framework/src/Illuminate/Routing/ResponseFactory.php(81): Illuminate\\Routing\\ResponseFactory->make(Object(Illuminate\\View\\View), 500, Array)
#11 /home/customs1/public_html/projects/newsportal/vendor/laravel/framework/src/Illuminate/Foundation/Exceptions/Handler.php(380): Illuminate\\Routing\\ResponseFactory->view('errors::500', Array, 500, Array)
#12 /home/customs1/public_html/projects/newsportal/vendor/laravel/framework/src/Illuminate/Foundation/Exceptions/Handler.php(289): Illuminate\\Foundation\\Exceptions\\Handler->renderHttpException(Object(Symfony\\Component\\HttpKernel\\Exception\\HttpException))
#13 /home/customs1/public_html/projects/newsportal/vendor/laravel/framework/src/Illuminate/Foundation/Exceptions/Handler.php(188): Illuminate\\Foundation\\Exceptions\\Handler->prepareResponse(Object(Illuminate\\Http\\Request), Object(Symfony\\Component\\HttpKernel\\Exception\\HttpException))
#14 /home/customs1/public_html/projects/newsportal/app/Exceptions/Handler.php(49): Illuminate\\Foundation\\Exceptions\\Handler->render(Object(Illuminate\\Http\\Request), Object(ErrorException))
#15 /home/customs1/public_html/projects/newsportal/vendor/laravel/framework/src/Illuminate/Routing/Pipeline.php(83): App\\Exceptions\\Handler->render(Object(Illuminate\\Http\\Request), Object(ErrorException))
#16 /home/customs1/public_html/projects/newsportal/vendor/laravel/framework/src/Illuminate/Routing/Pipeline.php(55): Illuminate\\Routing\\Pipeline->handleException(Object(Illuminate\\Http\\Request), Object(ErrorException))
#17 /home/customs1/public_html/projects/newsportal/vendor/laravel/framework/src/Illuminate/Cookie/Middleware/AddQueuedCookiesToResponse.php(37): Illuminate\\Routing\\Pipeline->Illuminate\\Routing\\{closure}(Object(Illuminate\\Http\\Request))
#18 /home/customs1/public_html/projects/newsportal/vendor/laravel/framework/src/Illuminate/Pipeline/Pipeline.php(163): Illuminate\\Cookie\\Middleware\\AddQueuedCookiesToResponse->handle(Object(Illuminate\\Http\\Request), Object(Closure))
#19 /home/customs1/public_html/projects/newsportal/vendor/laravel/framework/src/Illuminate/Routing/Pipeline.php(53): Illuminate\\Pipeline\\Pipeline->Illuminate\\Pipeline\\{closure}(Object(Illuminate\\Http\\Request))
#20 /home/customs1/public_html/projects/newsportal/vendor/laravel/framework/src/Illuminate/Cookie/Middleware/EncryptCookies.php(66): Illuminate\\Routing\\Pipeline->Illuminate\\Routing\\{closure}(Object(Illuminate\\Http\\Request))
#21 /home/customs1/public_html/projects/newsportal/vendor/laravel/framework/src/Illuminate/Pipeline/Pipeline.php(163): Illuminate\\Cookie\\Middleware\\EncryptCookies->handle(Object(Illuminate\\Http\\Request), Object(Closure))
#22 /home/customs1/public_html/projects/newsportal/vendor/laravel/framework/src/Illuminate/Routing/Pipeline.php(53): Illuminate\\Pipeline\\Pipeline->Illuminate\\Pipeline\\{closure}(Object(Illuminate\\Http\\Request))
#23 /home/customs1/public_html/projects/newsportal/vendor/laravel/framework/src/Illuminate/Pipeline/Pipeline.php(104): Illuminate\\Routing\\Pipeline->Illuminate\\Routing\\{closure}(Object(Illuminate\\Http\\Request))
#24 /home/customs1/public_html/projects/newsportal/vendor/laravel/framework/src/Illuminate/Routing/Router.php(684): Illuminate\\Pipeline\\Pipeline->then(Object(Closure))
#25 /home/customs1/public_html/projects/newsportal/vendor/laravel/framework/src/Illuminate/Routing/Router.php(659): Illuminate\\Routing\\Router->runRouteWithinStack(Object(Illuminate\\Routing\\Route), Object(Illuminate\\Http\\Request))
#26 /home/customs1/public_html/projects/newsportal/vendor/laravel/framework/src/Illuminate/Routing/Router.php(625): Illuminate\\Routing\\Router->runRoute(Object(Illuminate\\Http\\Request), Object(Illuminate\\Routing\\Route))
#27 /home/customs1/public_html/projects/newsportal/vendor/laravel/framework/src/Illuminate/Routing/Router.php(614): Illuminate\\Routing\\Router->dispatchToRoute(Object(Illuminate\\Http\\Request))
#28 /home/customs1/public_html/projects/newsportal/vendor/laravel/framework/src/Illuminate/Foundation/Http/Kernel.php(176): Illuminate\\Routing\\Router->dispatch(Object(Illuminate\\Http\\Request))
#29 /home/customs1/public_html/projects/newsportal/vendor/laravel/framework/src/Illuminate/Routing/Pipeline.php(30): Illuminate\\Foundation\\Http\\Kernel->Illuminate\\Foundation\\Http\\{closure}(Object(Illuminate\\Http\\Request))
#30 /home/customs1/public_html/projects/newsportal/vendor/barryvdh/laravel-debugbar/src/Middleware/InjectDebugbar.php(58): Illuminate\\Routing\\Pipeline->Illuminate\\Routing\\{closure}(Object(Illuminate\\Http\\Request))
#31 /home/customs1/public_html/projects/newsportal/vendor/laravel/framework/src/Illuminate/Pipeline/Pipeline.php(163): Barryvdh\\Debugbar\\Middleware\\InjectDebugbar->handle(Object(Illuminate\\Http\\Request), Object(Closure))
#32 /home/customs1/public_html/projects/newsportal/vendor/laravel/framework/src/Illuminate/Routing/Pipeline.php(53): Illuminate\\Pipeline\\Pipeline->Illuminate\\Pipeline\\{closure}(Object(Illuminate\\Http\\Request))
#33 /home/customs1/public_html/projects/newsportal/vendor/fideloper/proxy/src/TrustProxies.php(57): Illuminate\\Routing\\Pipeline->Illuminate\\Routing\\{closure}(Object(Illuminate\\Http\\Request))
#34 /home/customs1/public_html/projects/newsportal/vendor/laravel/framework/src/Illuminate/Pipeline/Pipeline.php(163): Fideloper\\Proxy\\TrustProxies->handle(Object(Illuminate\\Http\\Request), Object(Closure))
#35 /home/customs1/public_html/projects/newsportal/vendor/laravel/framework/src/Illuminate/Routing/Pipeline.php(53): Illuminate\\Pipeline\\Pipeline->Illuminate\\Pipeline\\{closure}(Object(Illuminate\\Http\\Request))
#36 /home/customs1/public_html/projects/newsportal/vendor/laravel/framework/src/Illuminate/Foundation/Http/Middleware/TransformsRequest.php(31): Illuminate\\Routing\\Pipeline->Illuminate\\Routing\\{closure}(Object(Illuminate\\Http\\Request))
#37 /home/customs1/public_html/projects/newsportal/vendor/laravel/framework/src/Illuminate/Pipeline/Pipeline.php(163): Illuminate\\Foundation\\Http\\Middleware\\TransformsRequest->handle(Object(Illuminate\\Http\\Request), Object(Closure))
#38 /home/customs1/public_html/projects/newsportal/vendor/laravel/framework/src/Illuminate/Routing/Pipeline.php(53): Illuminate\\Pipeline\\Pipeline->Illuminate\\Pipeline\\{closure}(Object(Illuminate\\Http\\Request))
#39 /home/customs1/public_html/projects/newsportal/vendor/laravel/framework/src/Illuminate/Foundation/Http/Middleware/TransformsRequest.php(31): Illuminate\\Routing\\Pipeline->Illuminate\\Routing\\{closure}(Object(Illuminate\\Http\\Request))
#40 /home/customs1/public_html/projects/newsportal/vendor/laravel/framework/src/Illuminate/Pipeline/Pipeline.php(163): Illuminate\\Foundation\\Http\\Middleware\\TransformsRequest->handle(Object(Illuminate\\Http\\Request), Object(Closure))
#41 /home/customs1/public_html/projects/newsportal/vendor/laravel/framework/src/Illuminate/Routing/Pipeline.php(53): Illuminate\\Pipeline\\Pipeline->Illuminate\\Pipeline\\{closure}(Object(Illuminate\\Http\\Request))
#42 /home/customs1/public_html/projects/newsportal/vendor/laravel/framework/src/Illuminate/Foundation/Http/Middleware/ValidatePostSize.php(27): Illuminate\\Routing\\Pipeline->Illuminate\\Routing\\{closure}(Object(Illuminate\\Http\\Request))
#43 /home/customs1/public_html/projects/newsportal/vendor/laravel/framework/src/Illuminate/Pipeline/Pipeline.php(163): Illuminate\\Foundation\\Http\\Middleware\\ValidatePostSize->handle(Object(Illuminate\\Http\\Request), Object(Closure))
#44 /home/customs1/public_html/projects/newsportal/vendor/laravel/framework/src/Illuminate/Routing/Pipeline.php(53): Illuminate\\Pipeline\\Pipeline->Illuminate\\Pipeline\\{closure}(Object(Illuminate\\Http\\Request))
#45 /home/customs1/public_html/projects/newsportal/vendor/laravel/framework/src/Illuminate/Foundation/Http/Middleware/CheckForMaintenanceMode.php(62): Illuminate\\Routing\\Pipeline->Illuminate\\Routing\\{closure}(Object(Illuminate\\Http\\Request))
#46 /home/customs1/public_html/projects/newsportal/vendor/laravel/framework/src/Illuminate/Pipeline/Pipeline.php(163): Illuminate\\Foundation\\Http\\Middleware\\CheckForMaintenanceMode->handle(Object(Illuminate\\Http\\Request), Object(Closure))
#47 /home/customs1/public_html/projects/newsportal/vendor/laravel/framework/src/Illuminate/Routing/Pipeline.php(53): Illuminate\\Pipeline\\Pipeline->Illuminate\\Pipeline\\{closure}(Object(Illuminate\\Http\\Request))
#48 /home/customs1/public_html/projects/newsportal/vendor/laravel/framework/src/Illuminate/Pipeline/Pipeline.php(104): Illuminate\\Routing\\Pipeline->Illuminate\\Routing\\{closure}(Object(Illuminate\\Http\\Request))
#49 /home/customs1/public_html/projects/newsportal/vendor/laravel/framework/src/Illuminate/Foundation/Http/Kernel.php(151): Illuminate\\Pipeline\\Pipeline->then(Object(Closure))
#50 /home/customs1/public_html/projects/newsportal/vendor/laravel/framework/src/Illuminate/Foundation/Http/Kernel.php(116): Illuminate\\Foundation\\Http\\Kernel->sendRequestThroughRouter(Object(Illuminate\\Http\\Request))
#51 /home/customs1/public_html/projects/newsportal/public/index.php(55): Illuminate\\Foundation\\Http\\Kernel->handle(Object(Illuminate\\Http\\Request))
#52 {main}
"} 
[2021-07-19 18:54:42] local.ERROR: file_put_contents(A:\laragon\www\newsportal\storage\framework\views/586248950626724bb1f966444695ee13b153f512.php): failed to open stream: No such file or directory {"exception":"[object] (ErrorException(code: 0): file_put_contents(A:\\laragon\\www\
ewsportal\\storage\\framework\\views/586248950626724bb1f966444695ee13b153f512.php): failed to open stream: No such file or directory at /home/customs1/public_html/projects/newsportal/vendor/laravel/framework/src/Illuminate/Filesystem/Filesystem.php:122)
[stacktrace]
#0 [internal function]: Illuminate\\Foundation\\Bootstrap\\HandleExceptions->handleError(2, 'file_put_conten...', '/home/customs1/...', 122, Array)
#1 /home/customs1/public_html/projects/newsportal/vendor/laravel/framework/src/Illuminate/Filesystem/Filesystem.php(122): file_put_contents('A:\\\\laragon\\\\www\\\\...', '<?php $__env->s...', 0)
#2 /home/customs1/public_html/projects/newsportal/vendor/laravel/framework/src/Illuminate/View/Compilers/BladeCompiler.php(122): Illuminate\\Filesystem\\Filesystem->put('A:\\\\laragon\\\\www\\\\...', '<?php $__env->s...')
#3 /home/customs1/public_html/projects/newsportal/vendor/laravel/framework/src/Illuminate/View/Engines/CompilerEngine.php(51): Illuminate\\View\\Compilers\\BladeCompiler->compile('/home/customs1/...')
#4 /home/customs1/public_html/projects/newsportal/vendor/laravel/framework/src/Illuminate/View/View.php(142): Illuminate\\View\\Engines\\CompilerEngine->get('/home/customs1/...', Array)
#5 /home/customs1/public_html/projects/newsportal/vendor/laravel/framework/src/Illuminate/View/View.php(125): Illuminate\\View\\View->getContents()
#6 /home/customs1/public_html/projects/newsportal/vendor/laravel/framework/src/Illuminate/View/View.php(90): Illuminate\\View\\View->renderContents()
#7 /home/customs1/public_html/projects/newsportal/vendor/laravel/framework/src/Illuminate/Http/Response.php(42): Illuminate\\View\\View->render()
#8 /home/customs1/public_html/projects/newsportal/vendor/symfony/http-foundation/Response.php(205): Illuminate\\Http\\Response->setContent(Object(Illuminate\\View\\View))
#9 /home/customs1/public_html/projects/newsportal/vendor/laravel/framework/src/Illuminate/Routing/ResponseFactory.php(55): Symfony\\Component\\HttpFoundation\\Response->__construct(Object(Illuminate\\View\\View), 500, Array)
#10 /home/customs1/public_html/projects/newsportal/vendor/laravel/framework/src/Illuminate/Routing/ResponseFactory.php(81): Illuminate\\Routing\\ResponseFactory->make(Object(Illuminate\\View\\View), 500, Array)
#11 /home/customs1/public_html/projects/newsportal/vendor/laravel/framework/src/Illuminate/Foundation/Exceptions/Handler.php(380): Illuminate\\Routing\\ResponseFactory->view('errors::500', Array, 500, Array)
#12 /home/customs1/public_html/projects/newsportal/vendor/laravel/framework/src/Illuminate/Foundation/Exceptions/Handler.php(289): Illuminate\\Foundation\\Exceptions\\Handler->renderHttpException(Object(Symfony\\Component\\HttpKernel\\Exception\\HttpException))
#13 /home/customs1/public_html/projects/newsportal/vendor/laravel/framework/src/Illuminate/Foundation/Exceptions/Handler.php(188): Illuminate\\Foundation\\Exceptions\\Handler->prepareResponse(Object(Illuminate\\Http\\Request), Object(Symfony\\Component\\HttpKernel\\Exception\\HttpException))
#14 /home/customs1/public_html/projects/newsportal/app/Exceptions/Handler.php(49): Illuminate\\Foundation\\Exceptions\\Handler->render(Object(Illuminate\\Http\\Request), Object(ErrorException))
#15 /home/customs1/public_html/projects/newsportal/vendor/laravel/framework/src/Illuminate/Routing/Pipeline.php(83): App\\Exceptions\\Handler->render(Object(Illuminate\\Http\\Request), Object(ErrorException))
#16 /home/customs1/public_html/projects/newsportal/vendor/laravel/framework/src/Illuminate/Routing/Pipeline.php(55): Illuminate\\Routing\\Pipeline->handleException(Object(Illuminate\\Http\\Request), Object(ErrorException))
#17 /home/customs1/public_html/projects/newsportal/vendor/laravel/framework/src/Illuminate/Cookie/Middleware/EncryptCookies.php(66): Illuminate\\Routing\\Pipeline->Illuminate\\Routing\\{closure}(Object(Illuminate\\Http\\Request))
#18 /home/customs1/public_html/projects/newsportal/vendor/laravel/framework/src/Illuminate/Pipeline/Pipeline.php(163): Illuminate\\Cookie\\Middleware\\EncryptCookies->handle(Object(Illuminate\\Http\\Request), Object(Closure))
#19 /home/customs1/public_html/projects/newsportal/vendor/laravel/framework/src/Illuminate/Routing/Pipeline.php(53): Illuminate\\Pipeline\\Pipeline->Illuminate\\Pipeline\\{closure}(Object(Illuminate\\Http\\Request))
#20 /home/customs1/public_html/projects/newsportal/vendor/laravel/framework/src/Illuminate/Pipeline/Pipeline.php(104): Illuminate\\Routing\\Pipeline->Illuminate\\Routing\\{closure}(Object(Illuminate\\Http\\Request))
#21 /home/customs1/public_html/projects/newsportal/vendor/laravel/framework/src/Illuminate/Routing/Router.php(684): Illuminate\\Pipeline\\Pipeline->then(Object(Closure))
#22 /home/customs1/public_html/projects/newsportal/vendor/laravel/framework/src/Illuminate/Routing/Router.php(659): Illuminate\\Routing\\Router->runRouteWithinStack(Object(Illuminate\\Routing\\Route), Object(Illuminate\\Http\\Request))
#23 /home/customs1/public_html/projects/newsportal/vendor/laravel/framework/src/Illuminate/Routing/Router.php(625): Illuminate\\Routing\\Router->runRoute(Object(Illuminate\\Http\\Request), Object(Illuminate\\Routing\\Route))
#24 /home/customs1/public_html/projects/newsportal/vendor/laravel/framework/src/Illuminate/Routing/Router.php(614): Illuminate\\Routing\\Router->dispatchToRoute(Object(Illuminate\\Http\\Request))
#25 /home/customs1/public_html/projects/newsportal/vendor/laravel/framework/src/Illuminate/Foundation/Http/Kernel.php(176): Illuminate\\Routing\\Router->dispatch(Object(Illuminate\\Http\\Request))
#26 /home/customs1/public_html/projects/newsportal/vendor/laravel/framework/src/Illuminate/Routing/Pipeline.php(30): Illuminate\\Foundation\\Http\\Kernel->Illuminate\\Foundation\\Http\\{closure}(Object(Illuminate\\Http\\Request))
#27 /home/customs1/public_html/projects/newsportal/vendor/barryvdh/laravel-debugbar/src/Middleware/InjectDebugbar.php(58): Illuminate\\Routing\\Pipeline->Illuminate\\Routing\\{closure}(Object(Illuminate\\Http\\Request))
#28 /home/customs1/public_html/projects/newsportal/vendor/laravel/framework/src/Illuminate/Pipeline/Pipeline.php(163): Barryvdh\\Debugbar\\Middleware\\InjectDebugbar->handle(Object(Illuminate\\Http\\Request), Object(Closure))
#29 /home/customs1/public_html/projects/newsportal/vendor/laravel/framework/src/Illuminate/Routing/Pipeline.php(53): Illuminate\\Pipeline\\Pipeline->Illuminate\\Pipeline\\{closure}(Object(Illuminate\\Http\\Request))
#30 /home/customs1/public_html/projects/newsportal/vendor/fideloper/proxy/src/TrustProxies.php(57): Illuminate\\Routing\\Pipeline->Illuminate\\Routing\\{closure}(Object(Illuminate\\Http\\Request))
#31 /home/customs1/public_html/projects/newsportal/vendor/laravel/framework/src/Illuminate/Pipeline/Pipeline.php(163): Fideloper\\Proxy\\TrustProxies->handle(Object(Illuminate\\Http\\Request), Object(Closure))
#32 /home/customs1/public_html/projects/newsportal/vendor/laravel/framework/src/Illuminate/Routing/Pipeline.php(53): Illuminate\\Pipeline\\Pipeline->Illuminate\\Pipeline\\{closure}(Object(Illuminate\\Http\\Request))
#33 /home/customs1/public_html/projects/newsportal/vendor/laravel/framework/src/Illuminate/Foundation/Http/Middleware/TransformsRequest.php(31): Illuminate\\Routing\\Pipeline->Illuminate\\Routing\\{closure}(Object(Illuminate\\Http\\Request))
#34 /home/customs1/public_html/projects/newsportal/vendor/laravel/framework/src/Illuminate/Pipeline/Pipeline.php(163): Illuminate\\Foundation\\Http\\Middleware\\TransformsRequest->handle(Object(Illuminate\\Http\\Request), Object(Closure))
#35 /home/customs1/public_html/projects/newsportal/vendor/laravel/framework/src/Illuminate/Routing/Pipeline.php(53): Illuminate\\Pipeline\\Pipeline->Illuminate\\Pipeline\\{closure}(Object(Illuminate\\Http\\Request))
#36 /home/customs1/public_html/projects/newsportal/vendor/laravel/framework/src/Illuminate/Foundation/Http/Middleware/TransformsRequest.php(31): Illuminate\\Routing\\Pipeline->Illuminate\\Routing\\{closure}(Object(Illuminate\\Http\\Request))
#37 /home/customs1/public_html/projects/newsportal/vendor/laravel/framework/src/Illuminate/Pipeline/Pipeline.php(163): Illuminate\\Foundation\\Http\\Middleware\\TransformsRequest->handle(Object(Illuminate\\Http\\Request), Object(Closure))
#38 /home/customs1/public_html/projects/newsportal/vendor/laravel/framework/src/Illuminate/Routing/Pipeline.php(53): Illuminate\\Pipeline\\Pipeline->Illuminate\\Pipeline\\{closure}(Object(Illuminate\\Http\\Request))
#39 /home/customs1/public_html/projects/newsportal/vendor/laravel/framework/src/Illuminate/Foundation/Http/Middleware/ValidatePostSize.php(27): Illuminate\\Routing\\Pipeline->Illuminate\\Routing\\{closure}(Object(Illuminate\\Http\\Request))
#40 /home/customs1/public_html/projects/newsportal/vendor/laravel/framework/src/Illuminate/Pipeline/Pipeline.php(163): Illuminate\\Foundation\\Http\\Middleware\\ValidatePostSize->handle(Object(Illuminate\\Http\\Request), Object(Closure))
#41 /home/customs1/public_html/projects/newsportal/vendor/laravel/framework/src/Illuminate/Routing/Pipeline.php(53): Illuminate\\Pipeline\\Pipeline->Illuminate\\Pipeline\\{closure}(Object(Illuminate\\Http\\Request))
#42 /home/customs1/public_html/projects/newsportal/vendor/laravel/framework/src/Illuminate/Foundation/Http/Middleware/CheckForMaintenanceMode.php(62): Illuminate\\Routing\\Pipeline->Illuminate\\Routing\\{closure}(Object(Illuminate\\Http\\Request))
#43 /home/customs1/public_html/projects/newsportal/vendor/laravel/framework/src/Illuminate/Pipeline/Pipeline.php(163): Illuminate\\Foundation\\Http\\Middleware\\CheckForMaintenanceMode->handle(Object(Illuminate\\Http\\Request), Object(Closure))
#44 /home/customs1/public_html/projects/newsportal/vendor/laravel/framework/src/Illuminate/Routing/Pipeline.php(53): Illuminate\\Pipeline\\Pipeline->Illuminate\\Pipeline\\{closure}(Object(Illuminate\\Http\\Request))
#45 /home/customs1/public_html/projects/newsportal/vendor/laravel/framework/src/Illuminate/Pipeline/Pipeline.php(104): Illuminate\\Routing\\Pipeline->Illuminate\\Routing\\{closure}(Object(Illuminate\\Http\\Request))
#46 /home/customs1/public_html/projects/newsportal/vendor/laravel/framework/src/Illuminate/Foundation/Http/Kernel.php(151): Illuminate\\Pipeline\\Pipeline->then(Object(Closure))
#47 /home/customs1/public_html/projects/newsportal/vendor/laravel/framework/src/Illuminate/Foundation/Http/Kernel.php(116): Illuminate\\Foundation\\Http\\Kernel->sendRequestThroughRouter(Object(Illuminate\\Http\\Request))
#48 /home/customs1/public_html/projects/newsportal/public/index.php(55): Illuminate\\Foundation\\Http\\Kernel->handle(Object(Illuminate\\Http\\Request))
#49 {main}
"} 
[2021-07-19 18:54:42] local.ERROR: file_put_contents(A:\laragon\www\newsportal\storage\framework\views/586248950626724bb1f966444695ee13b153f512.php): failed to open stream: No such file or directory {"exception":"[object] (ErrorException(code: 0): file_put_contents(A:\\laragon\\www\
ewsportal\\storage\\framework\\views/586248950626724bb1f966444695ee13b153f512.php): failed to open stream: No such file or directory at /home/customs1/public_html/projects/newsportal/vendor/laravel/framework/src/Illuminate/Filesystem/Filesystem.php:122)
[stacktrace]
#0 [internal function]: Illuminate\\Foundation\\Bootstrap\\HandleExceptions->handleError(2, 'file_put_conten...', '/home/customs1/...', 122, Array)
#1 /home/customs1/public_html/projects/newsportal/vendor/laravel/framework/src/Illuminate/Filesystem/Filesystem.php(122): file_put_contents('A:\\\\laragon\\\\www\\\\...', '<?php $__env->s...', 0)
#2 /home/customs1/public_html/projects/newsportal/vendor/laravel/framework/src/Illuminate/View/Compilers/BladeCompiler.php(122): Illuminate\\Filesystem\\Filesystem->put('A:\\\\laragon\\\\www\\\\...', '<?php $__env->s...')
#3 /home/customs1/public_html/projects/newsportal/vendor/laravel/framework/src/Illuminate/View/Engines/CompilerEngine.php(51): Illuminate\\View\\Compilers\\BladeCompiler->compile('/home/customs1/...')
#4 /home/customs1/public_html/projects/newsportal/vendor/laravel/framework/src/Illuminate/View/View.php(142): Illuminate\\View\\Engines\\CompilerEngine->get('/home/customs1/...', Array)
#5 /home/customs1/public_html/projects/newsportal/vendor/laravel/framework/src/Illuminate/View/View.php(125): Illuminate\\View\\View->getContents()
#6 /home/customs1/public_html/projects/newsportal/vendor/laravel/framework/src/Illuminate/View/View.php(90): Illuminate\\View\\View->renderContents()
#7 /home/customs1/public_html/projects/newsportal/vendor/laravel/framework/src/Illuminate/Http/Response.php(42): Illuminate\\View\\View->render()
#8 /home/customs1/public_html/projects/newsportal/vendor/symfony/http-foundation/Response.php(205): Illuminate\\Http\\Response->setContent(Object(Illuminate\\View\\View))
#9 /home/customs1/public_html/projects/newsportal/vendor/laravel/framework/src/Illuminate/Routing/ResponseFactory.php(55): Symfony\\Component\\HttpFoundation\\Response->__construct(Object(Illuminate\\View\\View), 500, Array)
#10 /home/customs1/public_html/projects/newsportal/vendor/laravel/framework/src/Illuminate/Routing/ResponseFactory.php(81): Illuminate\\Routing\\ResponseFactory->make(Object(Illuminate\\View\\View), 500, Array)
#11 /home/customs1/public_html/projects/newsportal/vendor/laravel/framework/src/Illuminate/Foundation/Exceptions/Handler.php(380): Illuminate\\Routing\\ResponseFactory->view('errors::500', Array, 500, Array)
#12 /home/customs1/public_html/projects/newsportal/vendor/laravel/framework/src/Illuminate/Foundation/Exceptions/Handler.php(289): Illuminate\\Foundation\\Exceptions\\Handler->renderHttpException(Object(Symfony\\Component\\HttpKernel\\Exception\\HttpException))
#13 /home/customs1/public_html/projects/newsportal/vendor/laravel/framework/src/Illuminate/Foundation/Exceptions/Handler.php(188): Illuminate\\Foundation\\Exceptions\\Handler->prepareResponse(Object(Illuminate\\Http\\Request), Object(Symfony\\Component\\HttpKernel\\Exception\\HttpException))
#14 /home/customs1/public_html/projects/newsportal/app/Exceptions/Handler.php(49): Illuminate\\Foundation\\Exceptions\\Handler->render(Object(Illuminate\\Http\\Request), Object(ErrorException))
#15 /home/customs1/public_html/projects/newsportal/vendor/laravel/framework/src/Illuminate/Routing/Pipeline.php(83): App\\Exceptions\\Handler->render(Object(Illuminate\\Http\\Request), Object(ErrorException))
#16 /home/customs1/public_html/projects/newsportal/vendor/laravel/framework/src/Illuminate/Routing/Pipeline.php(55): Illuminate\\Routing\\Pipeline->handleException(Object(Illuminate\\Http\\Request), Object(ErrorException))
#17 /home/customs1/public_html/projects/newsportal/vendor/laravel/framework/src/Illuminate/Pipeline/Pipeline.php(104): Illuminate\\Routing\\Pipeline->Illuminate\\Routing\\{closure}(Object(Illuminate\\Http\\Request))
#18 /home/customs1/public_html/projects/newsportal/vendor/laravel/framework/src/Illuminate/Routing/Router.php(684): Illuminate\\Pipeline\\Pipeline->then(Object(Closure))
#19 /home/customs1/public_html/projects/newsportal/vendor/laravel/framework/src/Illuminate/Routing/Router.php(659): Illuminate\\Routing\\Router->runRouteWithinStack(Object(Illuminate\\Routing\\Route), Object(Illuminate\\Http\\Request))
#20 /home/customs1/public_html/projects/newsportal/vendor/laravel/framework/src/Illuminate/Routing/Router.php(625): Illuminate\\Routing\\Router->runRoute(Object(Illuminate\\Http\\Request), Object(Illuminate\\Routing\\Route))
#21 /home/customs1/public_html/projects/newsportal/vendor/laravel/framework/src/Illuminate/Routing/Router.php(614): Illuminate\\Routing\\Router->dispatchToRoute(Object(Illuminate\\Http\\Request))
#22 /home/customs1/public_html/projects/newsportal/vendor/laravel/framework/src/Illuminate/Foundation/Http/Kernel.php(176): Illuminate\\Routing\\Router->dispatch(Object(Illuminate\\Http\\Request))
#23 /home/customs1/public_html/projects/newsportal/vendor/laravel/framework/src/Illuminate/Routing/Pipeline.php(30): Illuminate\\Foundation\\Http\\Kernel->Illuminate\\Foundation\\Http\\{closure}(Object(Illuminate\\Http\\Request))
#24 /home/customs1/public_html/projects/newsportal/vendor/barryvdh/laravel-debugbar/src/Middleware/InjectDebugbar.php(58): Illuminate\\Routing\\Pipeline->Illuminate\\Routing\\{closure}(Object(Illuminate\\Http\\Request))
#25 /home/customs1/public_html/projects/newsportal/vendor/laravel/framework/src/Illuminate/Pipeline/Pipeline.php(163): Barryvdh\\Debugbar\\Middleware\\InjectDebugbar->handle(Object(Illuminate\\Http\\Request), Object(Closure))
#26 /home/customs1/public_html/projects/newsportal/vendor/laravel/framework/src/Illuminate/Routing/Pipeline.php(53): Illuminate\\Pipeline\\Pipeline->Illuminate\\Pipeline\\{closure}(Object(Illuminate\\Http\\Request))
#27 /home/customs1/public_html/projects/newsportal/vendor/fideloper/proxy/src/TrustProxies.php(57): Illuminate\\Routing\\Pipeline->Illuminate\\Routing\\{closure}(Object(Illuminate\\Http\\Request))
#28 /home/customs1/public_html/projects/newsportal/vendor/laravel/framework/src/Illuminate/Pipeline/Pipeline.php(163): Fideloper\\Proxy\\TrustProxies->handle(Object(Illuminate\\Http\\Request), Object(Closure))
#29 /home/customs1/public_html/projects/newsportal/vendor/laravel/framework/src/Illuminate/Routing/Pipeline.php(53): Illuminate\\Pipeline\\Pipeline->Illuminate\\Pipeline\\{closure}(Object(Illuminate\\Http\\Request))
#30 /home/customs1/public_html/projects/newsportal/vendor/laravel/framework/src/Illuminate/Foundation/Http/Middleware/TransformsRequest.php(31): Illuminate\\Routing\\Pipeline->Illuminate\\Routing\\{closure}(Object(Illuminate\\Http\\Request))
#31 /home/customs1/public_html/projects/newsportal/vendor/laravel/framework/src/Illuminate/Pipeline/Pipeline.php(163): Illuminate\\Foundation\\Http\\Middleware\\TransformsRequest->handle(Object(Illuminate\\Http\\Request), Object(Closure))
#32 /home/customs1/public_html/projects/newsportal/vendor/laravel/framework/src/Illuminate/Routing/Pipeline.php(53): Illuminate\\Pipeline\\Pipeline->Illuminate\\Pipeline\\{closure}(Object(Illuminate\\Http\\Request))
#33 /home/customs1/public_html/projects/newsportal/vendor/laravel/framework/src/Illuminate/Foundation/Http/Middleware/TransformsRequest.php(31): Illuminate\\Routing\\Pipeline->Illuminate\\Routing\\{closure}(Object(Illuminate\\Http\\Request))
#34 /home/customs1/public_html/projects/newsportal/vendor/laravel/framework/src/Illuminate/Pipeline/Pipeline.php(163): Illuminate\\Foundation\\Http\\Middleware\\TransformsRequest->handle(Object(Illuminate\\Http\\Request), Object(Closure))
#35 /home/customs1/public_html/projects/newsportal/vendor/laravel/framework/src/Illuminate/Routing/Pipeline.php(53): Illuminate\\Pipeline\\Pipeline->Illuminate\\Pipeline\\{closure}(Object(Illuminate\\Http\\Request))
#36 /home/customs1/public_html/projects/newsportal/vendor/laravel/framework/src/Illuminate/Foundation/Http/Middleware/ValidatePostSize.php(27): Illuminate\\Routing\\Pipeline->Illuminate\\Routing\\{closure}(Object(Illuminate\\Http\\Request))
#37 /home/customs1/public_html/projects/newsportal/vendor/laravel/framework/src/Illuminate/Pipeline/Pipeline.php(163): Illuminate\\Foundation\\Http\\Middleware\\ValidatePostSize->handle(Object(Illuminate\\Http\\Request), Object(Closure))
#38 /home/customs1/public_html/projects/newsportal/vendor/laravel/framework/src/Illuminate/Routing/Pipeline.php(53): Illuminate\\Pipeline\\Pipeline->Illuminate\\Pipeline\\{closure}(Object(Illuminate\\Http\\Request))
#39 /home/customs1/public_html/projects/newsportal/vendor/laravel/framework/src/Illuminate/Foundation/Http/Middleware/CheckForMaintenanceMode.php(62): Illuminate\\Routing\\Pipeline->Illuminate\\Routing\\{closure}(Object(Illuminate\\Http\\Request))
#40 /home/customs1/public_html/projects/newsportal/vendor/laravel/framework/src/Illuminate/Pipeline/Pipeline.php(163): Illuminate\\Foundation\\Http\\Middleware\\CheckForMaintenanceMode->handle(Object(Illuminate\\Http\\Request), Object(Closure))
#41 /home/customs1/public_html/projects/newsportal/vendor/laravel/framework/src/Illuminate/Routing/Pipeline.php(53): Illuminate\\Pipeline\\Pipeline->Illuminate\\Pipeline\\{closure}(Object(Illuminate\\Http\\Request))
#42 /home/customs1/public_html/projects/newsportal/vendor/laravel/framework/src/Illuminate/Pipeline/Pipeline.php(104): Illuminate\\Routing\\Pipeline->Illuminate\\Routing\\{closure}(Object(Illuminate\\Http\\Request))
#43 /home/customs1/public_html/projects/newsportal/vendor/laravel/framework/src/Illuminate/Foundation/Http/Kernel.php(151): Illuminate\\Pipeline\\Pipeline->then(Object(Closure))
#44 /home/customs1/public_html/projects/newsportal/vendor/laravel/framework/src/Illuminate/Foundation/Http/Kernel.php(116): Illuminate\\Foundation\\Http\\Kernel->sendRequestThroughRouter(Object(Illuminate\\Http\\Request))
#45 /home/customs1/public_html/projects/newsportal/public/index.php(55): Illuminate\\Foundation\\Http\\Kernel->handle(Object(Illuminate\\Http\\Request))
#46 {main}
"} 
[2021-07-19 18:54:42] local.ERROR: file_put_contents(A:\laragon\www\newsportal\storage\framework\views/586248950626724bb1f966444695ee13b153f512.php): failed to open stream: No such file or directory {"exception":"[object] (ErrorException(code: 0): file_put_contents(A:\\laragon\\www\
ewsportal\\storage\\framework\\views/586248950626724bb1f966444695ee13b153f512.php): failed to open stream: No such file or directory at /home/customs1/public_html/projects/newsportal/vendor/laravel/framework/src/Illuminate/Filesystem/Filesystem.php:122)
[stacktrace]
#0 [internal function]: Illuminate\\Foundation\\Bootstrap\\HandleExceptions->handleError(2, 'file_put_conten...', '/home/customs1/...', 122, Array)
#1 /home/customs1/public_html/projects/newsportal/vendor/laravel/framework/src/Illuminate/Filesystem/Filesystem.php(122): file_put_contents('A:\\\\laragon\\\\www\\\\...', '<?php $__env->s...', 0)
#2 /home/customs1/public_html/projects/newsportal/vendor/laravel/framework/src/Illuminate/View/Compilers/BladeCompiler.php(122): Illuminate\\Filesystem\\Filesystem->put('A:\\\\laragon\\\\www\\\\...', '<?php $__env->s...')
#3 /home/customs1/public_html/projects/newsportal/vendor/laravel/framework/src/Illuminate/View/Engines/CompilerEngine.php(51): Illuminate\\View\\Compilers\\BladeCompiler->compile('/home/customs1/...')
#4 /home/customs1/public_html/projects/newsportal/vendor/laravel/framework/src/Illuminate/View/View.php(142): Illuminate\\View\\Engines\\CompilerEngine->get('/home/customs1/...', Array)
#5 /home/customs1/public_html/projects/newsportal/vendor/laravel/framework/src/Illuminate/View/View.php(125): Illuminate\\View\\View->getContents()
#6 /home/customs1/public_html/projects/newsportal/vendor/laravel/framework/src/Illuminate/View/View.php(90): Illuminate\\View\\View->renderContents()
#7 /home/customs1/public_html/projects/newsportal/vendor/laravel/framework/src/Illuminate/Http/Response.php(42): Illuminate\\View\\View->render()
#8 /home/customs1/public_html/projects/newsportal/vendor/symfony/http-foundation/Response.php(205): Illuminate\\Http\\Response->setContent(Object(Illuminate\\View\\View))
#9 /home/customs1/public_html/projects/newsportal/vendor/laravel/framework/src/Illuminate/Routing/ResponseFactory.php(55): Symfony\\Component\\HttpFoundation\\Response->__construct(Object(Illuminate\\View\\View), 500, Array)
#10 /home/customs1/public_html/projects/newsportal/vendor/laravel/framework/src/Illuminate/Routing/ResponseFactory.php(81): Illuminate\\Routing\\ResponseFactory->make(Object(Illuminate\\View\\View), 500, Array)
#11 /home/customs1/public_html/projects/newsportal/vendor/laravel/framework/src/Illuminate/Foundation/Exceptions/Handler.php(380): Illuminate\\Routing\\ResponseFactory->view('errors::500', Array, 500, Array)
#12 /home/customs1/public_html/projects/newsportal/vendor/laravel/framework/src/Illuminate/Foundation/Exceptions/Handler.php(289): Illuminate\\Foundation\\Exceptions\\Handler->renderHttpException(Object(Symfony\\Component\\HttpKernel\\Exception\\HttpException))
#13 /home/customs1/public_html/projects/newsportal/vendor/laravel/framework/src/Illuminate/Foundation/Exceptions/Handler.php(188): Illuminate\\Foundation\\Exceptions\\Handler->prepareResponse(Object(Illuminate\\Http\\Request), Object(Symfony\\Component\\HttpKernel\\Exception\\HttpException))
#14 /home/customs1/public_html/projects/newsportal/app/Exceptions/Handler.php(49): Illuminate\\Foundation\\Exceptions\\Handler->render(Object(Illuminate\\Http\\Request), Object(ErrorException))
#15 /home/customs1/public_html/projects/newsportal/vendor/laravel/framework/src/Illuminate/Routing/Pipeline.php(83): App\\Exceptions\\Handler->render(Object(Illuminate\\Http\\Request), Object(ErrorException))
#16 /home/customs1/public_html/projects/newsportal/vendor/laravel/framework/src/Illuminate/Routing/Pipeline.php(32): Illuminate\\Routing\\Pipeline->handleException(Object(Illuminate\\Http\\Request), Object(ErrorException))
#17 /home/customs1/public_html/projects/newsportal/vendor/barryvdh/laravel-debugbar/src/Middleware/InjectDebugbar.php(58): Illuminate\\Routing\\Pipeline->Illuminate\\Routing\\{closure}(Object(Illuminate\\Http\\Request))
#18 /home/customs1/public_html/projects/newsportal/vendor/laravel/framework/src/Illuminate/Pipeline/Pipeline.php(163): Barryvdh\\Debugbar\\Middleware\\InjectDebugbar->handle(Object(Illuminate\\Http\\Request), Object(Closure))
#19 /home/customs1/public_html/projects/newsportal/vendor/laravel/framework/src/Illuminate/Routing/Pipeline.php(53): Illuminate\\Pipeline\\Pipeline->Illuminate\\Pipeline\\{closure}(Object(Illuminate\\Http\\Request))
#20 /home/customs1/public_html/projects/newsportal/vendor/fideloper/proxy/src/TrustProxies.php(57): Illuminate\\Routing\\Pipeline->Illuminate\\Routing\\{closure}(Object(Illuminate\\Http\\Request))
#21 /home/customs1/public_html/projects/newsportal/vendor/laravel/framework/src/Illuminate/Pipeline/Pipeline.php(163): Fideloper\\Proxy\\TrustProxies->handle(Object(Illuminate\\Http\\Request), Object(Closure))
#22 /home/customs1/public_html/projects/newsportal/vendor/laravel/framework/src/Illuminate/Routing/Pipeline.php(53): Illuminate\\Pipeline\\Pipeline->Illuminate\\Pipeline\\{closure}(Object(Illuminate\\Http\\Request))
#23 /home/customs1/public_html/projects/newsportal/vendor/laravel/framework/src/Illuminate/Foundation/Http/Middleware/TransformsRequest.php(31): Illuminate\\Routing\\Pipeline->Illuminate\\Routing\\{closure}(Object(Illuminate\\Http\\Request))
#24 /home/customs1/public_html/projects/newsportal/vendor/laravel/framework/src/Illuminate/Pipeline/Pipeline.php(163): Illuminate\\Foundation\\Http\\Middleware\\TransformsRequest->handle(Object(Illuminate\\Http\\Request), Object(Closure))
#25 /home/customs1/public_html/projects/newsportal/vendor/laravel/framework/src/Illuminate/Routing/Pipeline.php(53): Illuminate\\Pipeline\\Pipeline->Illuminate\\Pipeline\\{closure}(Object(Illuminate\\Http\\Request))
#26 /home/customs1/public_html/projects/newsportal/vendor/laravel/framework/src/Illuminate/Foundation/Http/Middleware/TransformsRequest.php(31): Illuminate\\Routing\\Pipeline->Illuminate\\Routing\\{closure}(Object(Illuminate\\Http\\Request))
#27 /home/customs1/public_html/projects/newsportal/vendor/laravel/framework/src/Illuminate/Pipeline/Pipeline.php(163): Illuminate\\Foundation\\Http\\Middleware\\TransformsRequest->handle(Object(Illuminate\\Http\\Request), Object(Closure))
#28 /home/customs1/public_html/projects/newsportal/vendor/laravel/framework/src/Illuminate/Routing/Pipeline.php(53): Illuminate\\Pipeline\\Pipeline->Illuminate\\Pipeline\\{closure}(Object(Illuminate\\Http\\Request))
#29 /home/customs1/public_html/projects/newsportal/vendor/laravel/framework/src/Illuminate/Foundation/Http/Middleware/ValidatePostSize.php(27): Illuminate\\Routing\\Pipeline->Illuminate\\Routing\\{closure}(Object(Illuminate\\Http\\Request))
#30 /home/customs1/public_html/projects/newsportal/vendor/laravel/framework/src/Illuminate/Pipeline/Pipeline.php(163): Illuminate\\Foundation\\Http\\Middleware\\ValidatePostSize->handle(Object(Illuminate\\Http\\Request), Object(Closure))
#31 /home/customs1/public_html/projects/newsportal/vendor/laravel/framework/src/Illuminate/Routing/Pipeline.php(53): Illuminate\\Pipeline\\Pipeline->Illuminate\\Pipeline\\{closure}(Object(Illuminate\\Http\\Request))
#32 /home/customs1/public_html/projects/newsportal/vendor/laravel/framework/src/Illuminate/Foundation/Http/Middleware/CheckForMaintenanceMode.php(62): Illuminate\\Routing\\Pipeline->Illuminate\\Routing\\{closure}(Object(Illuminate\\Http\\Request))
#33 /home/customs1/public_html/projects/newsportal/vendor/laravel/framework/src/Illuminate/Pipeline/Pipeline.php(163): Illuminate\\Foundation\\Http\\Middleware\\CheckForMaintenanceMode->handle(Object(Illuminate\\Http\\Request), Object(Closure))
#34 /home/customs1/public_html/projects/newsportal/vendor/laravel/framework/src/Illuminate/Routing/Pipeline.php(53): Illuminate\\Pipeline\\Pipeline->Illuminate\\Pipeline\\{closure}(Object(Illuminate\\Http\\Request))
#35 /home/customs1/public_html/projects/newsportal/vendor/laravel/framework/src/Illuminate/Pipeline/Pipeline.php(104): Illuminate\\Routing\\Pipeline->Illuminate\\Routing\\{closure}(Object(Illuminate\\Http\\Request))
#36 /home/customs1/public_html/projects/newsportal/vendor/laravel/framework/src/Illuminate/Foundation/Http/Kernel.php(151): Illuminate\\Pipeline\\Pipeline->then(Object(Closure))
#37 /home/customs1/public_html/projects/newsportal/vendor/laravel/framework/src/Illuminate/Foundation/Http/Kernel.php(116): Illuminate\\Foundation\\Http\\Kernel->sendRequestThroughRouter(Object(Illuminate\\Http\\Request))
#38 /home/customs1/public_html/projects/newsportal/public/index.php(55): Illuminate\\Foundation\\Http\\Kernel->handle(Object(Illuminate\\Http\\Request))
#39 {main}
"} 
[2021-07-19 18:54:42] local.ERROR: file_put_contents(A:\laragon\www\newsportal\storage\framework\views/586248950626724bb1f966444695ee13b153f512.php): failed to open stream: No such file or directory {"exception":"[object] (ErrorException(code: 0): file_put_contents(A:\\laragon\\www\
ewsportal\\storage\\framework\\views/586248950626724bb1f966444695ee13b153f512.php): failed to open stream: No such file or directory at /home/customs1/public_html/projects/newsportal/vendor/laravel/framework/src/Illuminate/Filesystem/Filesystem.php:122)
[stacktrace]
#0 [internal function]: Illuminate\\Foundation\\Bootstrap\\HandleExceptions->handleError(2, 'file_put_conten...', '/home/customs1/...', 122, Array)
#1 /home/customs1/public_html/projects/newsportal/vendor/laravel/framework/src/Illuminate/Filesystem/Filesystem.php(122): file_put_contents('A:\\\\laragon\\\\www\\\\...', '<?php $__env->s...', 0)
#2 /home/customs1/public_html/projects/newsportal/vendor/laravel/framework/src/Illuminate/View/Compilers/BladeCompiler.php(122): Illuminate\\Filesystem\\Filesystem->put('A:\\\\laragon\\\\www\\\\...', '<?php $__env->s...')
#3 /home/customs1/public_html/projects/newsportal/vendor/laravel/framework/src/Illuminate/View/Engines/CompilerEngine.php(51): Illuminate\\View\\Compilers\\BladeCompiler->compile('/home/customs1/...')
#4 /home/customs1/public_html/projects/newsportal/vendor/laravel/framework/src/Illuminate/View/View.php(142): Illuminate\\View\\Engines\\CompilerEngine->get('/home/customs1/...', Array)
#5 /home/customs1/public_html/projects/newsportal/vendor/laravel/framework/src/Illuminate/View/View.php(125): Illuminate\\View\\View->getContents()
#6 /home/customs1/public_html/projects/newsportal/vendor/laravel/framework/src/Illuminate/View/View.php(90): Illuminate\\View\\View->renderContents()
#7 /home/customs1/public_html/projects/newsportal/vendor/laravel/framework/src/Illuminate/Http/Response.php(42): Illuminate\\View\\View->render()
#8 /home/customs1/public_html/projects/newsportal/vendor/symfony/http-foundation/Response.php(205): Illuminate\\Http\\Response->setContent(Object(Illuminate\\View\\View))
#9 /home/customs1/public_html/projects/newsportal/vendor/laravel/framework/src/Illuminate/Routing/ResponseFactory.php(55): Symfony\\Component\\HttpFoundation\\Response->__construct(Object(Illuminate\\View\\View), 500, Array)
#10 /home/customs1/public_html/projects/newsportal/vendor/laravel/framework/src/Illuminate/Routing/ResponseFactory.php(81): Illuminate\\Routing\\ResponseFactory->make(Object(Illuminate\\View\\View), 500, Array)
#11 /home/customs1/public_html/projects/newsportal/vendor/laravel/framework/src/Illuminate/Foundation/Exceptions/Handler.php(380): Illuminate\\Routing\\ResponseFactory->view('errors::500', Array, 500, Array)
#12 /home/customs1/public_html/projects/newsportal/vendor/laravel/framework/src/Illuminate/Foundation/Exceptions/Handler.php(289): Illuminate\\Foundation\\Exceptions\\Handler->renderHttpException(Object(Symfony\\Component\\HttpKernel\\Exception\\HttpException))
#13 /home/customs1/public_html/projects/newsportal/vendor/laravel/framework/src/Illuminate/Foundation/Exceptions/Handler.php(188): Illuminate\\Foundation\\Exceptions\\Handler->prepareResponse(Object(Illuminate\\Http\\Request), Object(Symfony\\Component\\HttpKernel\\Exception\\HttpException))
#14 /home/customs1/public_html/projects/newsportal/app/Exceptions/Handler.php(49): Illuminate\\Foundation\\Exceptions\\Handler->render(Object(Illuminate\\Http\\Request), Object(ErrorException))
#15 /home/customs1/public_html/projects/newsportal/vendor/laravel/framework/src/Illuminate/Routing/Pipeline.php(83): App\\Exceptions\\Handler->render(Object(Illuminate\\Http\\Request), Object(ErrorException))
#16 /home/customs1/public_html/projects/newsportal/vendor/laravel/framework/src/Illuminate/Routing/Pipeline.php(55): Illuminate\\Routing\\Pipeline->handleException(Object(Illuminate\\Http\\Request), Object(ErrorException))
#17 /home/customs1/public_html/projects/newsportal/vendor/fideloper/proxy/src/TrustProxies.php(57): Illuminate\\Routing\\Pipeline->Illuminate\\Routing\\{closure}(Object(Illuminate\\Http\\Request))
#18 /home/customs1/public_html/projects/newsportal/vendor/laravel/framework/src/Illuminate/Pipeline/Pipeline.php(163): Fideloper\\Proxy\\TrustProxies->handle(Object(Illuminate\\Http\\Request), Object(Closure))
#19 /home/customs1/public_html/projects/newsportal/vendor/laravel/framework/src/Illuminate/Routing/Pipeline.php(53): Illuminate\\Pipeline\\Pipeline->Illuminate\\Pipeline\\{closure}(Object(Illuminate\\Http\\Request))
#20 /home/customs1/public_html/projects/newsportal/vendor/laravel/framework/src/Illuminate/Foundation/Http/Middleware/TransformsRequest.php(31): Illuminate\\Routing\\Pipeline->Illuminate\\Routing\\{closure}(Object(Illuminate\\Http\\Request))
#21 /home/customs1/public_html/projects/newsportal/vendor/laravel/framework/src/Illuminate/Pipeline/Pipeline.php(163): Illuminate\\Foundation\\Http\\Middleware\\TransformsRequest->handle(Object(Illuminate\\Http\\Request), Object(Closure))
#22 /home/customs1/public_html/projects/newsportal/vendor/laravel/framework/src/Illuminate/Routing/Pipeline.php(53): Illuminate\\Pipeline\\Pipeline->Illuminate\\Pipeline\\{closure}(Object(Illuminate\\Http\\Request))
#23 /home/customs1/public_html/projects/newsportal/vendor/laravel/framework/src/Illuminate/Foundation/Http/Middleware/TransformsRequest.php(31): Illuminate\\Routing\\Pipeline->Illuminate\\Routing\\{closure}(Object(Illuminate\\Http\\Request))
#24 /home/customs1/public_html/projects/newsportal/vendor/laravel/framework/src/Illuminate/Pipeline/Pipeline.php(163): Illuminate\\Foundation\\Http\\Middleware\\TransformsRequest->handle(Object(Illuminate\\Http\\Request), Object(Closure))
#25 /home/customs1/public_html/projects/newsportal/vendor/laravel/framework/src/Illuminate/Routing/Pipeline.php(53): Illuminate\\Pipeline\\Pipeline->Illuminate\\Pipeline\\{closure}(Object(Illuminate\\Http\\Request))
#26 /home/customs1/public_html/projects/newsportal/vendor/laravel/framework/src/Illuminate/Foundation/Http/Middleware/ValidatePostSize.php(27): Illuminate\\Routing\\Pipeline->Illuminate\\Routing\\{closure}(Object(Illuminate\\Http\\Request))
#27 /home/customs1/public_html/projects/newsportal/vendor/laravel/framework/src/Illuminate/Pipeline/Pipeline.php(163): Illuminate\\Foundation\\Http\\Middleware\\ValidatePostSize->handle(Object(Illuminate\\Http\\Request), Object(Closure))
#28 /home/customs1/public_html/projects/newsportal/vendor/laravel/framework/src/Illuminate/Routing/Pipeline.php(53): Illuminate\\Pipeline\\Pipeline->Illuminate\\Pipeline\\{closure}(Object(Illuminate\\Http\\Request))
#29 /home/customs1/public_html/projects/newsportal/vendor/laravel/framework/src/Illuminate/Foundation/Http/Middleware/CheckForMaintenanceMode.php(62): Illuminate\\Routing\\Pipeline->Illuminate\\Routing\\{closure}(Object(Illuminate\\Http\\Request))
#30 /home/customs1/public_html/projects/newsportal/vendor/laravel/framework/src/Illuminate/Pipeline/Pipeline.php(163): Illuminate\\Foundation\\Http\\Middleware\\CheckForMaintenanceMode->handle(Object(Illuminate\\Http\\Request), Object(Closure))
#31 /home/customs1/public_html/projects/newsportal/vendor/laravel/framework/src/Illuminate/Routing/Pipeline.php(53): Illuminate\\Pipeline\\Pipeline->Illuminate\\Pipeline\\{closure}(Object(Illuminate\\Http\\Request))
#32 /home/customs1/public_html/projects/newsportal/vendor/laravel/framework/src/Illuminate/Pipeline/Pipeline.php(104): Illuminate\\Routing\\Pipeline->Illuminate\\Routing\\{closure}(Object(Illuminate\\Http\\Request))
#33 /home/customs1/public_html/projects/newsportal/vendor/laravel/framework/src/Illuminate/Foundation/Http/Kernel.php(151): Illuminate\\Pipeline\\Pipeline->then(Object(Closure))
#34 /home/customs1/public_html/projects/newsportal/vendor/laravel/framework/src/Illuminate/Foundation/Http/Kernel.php(116): Illuminate\\Foundation\\Http\\Kernel->sendRequestThroughRouter(Object(Illuminate\\Http\\Request))
#35 /home/customs1/public_html/projects/newsportal/public/index.php(55): Illuminate\\Foundation\\Http\\Kernel->handle(Object(Illuminate\\Http\\Request))
#36 {main}
"} 
[2021-07-19 18:54:42] local.ERROR: file_put_contents(A:\laragon\www\newsportal\storage\framework\views/586248950626724bb1f966444695ee13b153f512.php): failed to open stream: No such file or directory {"exception":"[object] (ErrorException(code: 0): file_put_contents(A:\\laragon\\www\
ewsportal\\storage\\framework\\views/586248950626724bb1f966444695ee13b153f512.php): failed to open stream: No such file or directory at /home/customs1/public_html/projects/newsportal/vendor/laravel/framework/src/Illuminate/Filesystem/Filesystem.php:122)
[stacktrace]
#0 [internal function]: Illuminate\\Foundation\\Bootstrap\\HandleExceptions->handleError(2, 'file_put_conten...', '/home/customs1/...', 122, Array)
#1 /home/customs1/public_html/projects/newsportal/vendor/laravel/framework/src/Illuminate/Filesystem/Filesystem.php(122): file_put_contents('A:\\\\laragon\\\\www\\\\...', '<?php $__env->s...', 0)
#2 /home/customs1/public_html/projects/newsportal/vendor/laravel/framework/src/Illuminate/View/Compilers/BladeCompiler.php(122): Illuminate\\Filesystem\\Filesystem->put('A:\\\\laragon\\\\www\\\\...', '<?php $__env->s...')
#3 /home/customs1/public_html/projects/newsportal/vendor/laravel/framework/src/Illuminate/View/Engines/CompilerEngine.php(51): Illuminate\\View\\Compilers\\BladeCompiler->compile('/home/customs1/...')
#4 /home/customs1/public_html/projects/newsportal/vendor/laravel/framework/src/Illuminate/View/View.php(142): Illuminate\\View\\Engines\\CompilerEngine->get('/home/customs1/...', Array)
#5 /home/customs1/public_html/projects/newsportal/vendor/laravel/framework/src/Illuminate/View/View.php(125): Illuminate\\View\\View->getContents()
#6 /home/customs1/public_html/projects/newsportal/vendor/laravel/framework/src/Illuminate/View/View.php(90): Illuminate\\View\\View->renderContents()
#7 /home/customs1/public_html/projects/newsportal/vendor/laravel/framework/src/Illuminate/Http/Response.php(42): Illuminate\\View\\View->render()
#8 /home/customs1/public_html/projects/newsportal/vendor/symfony/http-foundation/Response.php(205): Illuminate\\Http\\Response->setContent(Object(Illuminate\\View\\View))
#9 /home/customs1/public_html/projects/newsportal/vendor/laravel/framework/src/Illuminate/Routing/ResponseFactory.php(55): Symfony\\Component\\HttpFoundation\\Response->__construct(Object(Illuminate\\View\\View), 500, Array)
#10 /home/customs1/public_html/projects/newsportal/vendor/laravel/framework/src/Illuminate/Routing/ResponseFactory.php(81): Illuminate\\Routing\\ResponseFactory->make(Object(Illuminate\\View\\View), 500, Array)
#11 /home/customs1/public_html/projects/newsportal/vendor/laravel/framework/src/Illuminate/Foundation/Exceptions/Handler.php(380): Illuminate\\Routing\\ResponseFactory->view('errors::500', Array, 500, Array)
#12 /home/customs1/public_html/projects/newsportal/vendor/laravel/framework/src/Illuminate/Foundation/Exceptions/Handler.php(289): Illuminate\\Foundation\\Exceptions\\Handler->renderHttpException(Object(Symfony\\Component\\HttpKernel\\Exception\\HttpException))
#13 /home/customs1/public_html/projects/newsportal/vendor/laravel/framework/src/Illuminate/Foundation/Exceptions/Handler.php(188): Illuminate\\Foundation\\Exceptions\\Handler->prepareResponse(Object(Illuminate\\Http\\Request), Object(Symfony\\Component\\HttpKernel\\Exception\\HttpException))
#14 /home/customs1/public_html/projects/newsportal/app/Exceptions/Handler.php(49): Illuminate\\Foundation\\Exceptions\\Handler->render(Object(Illuminate\\Http\\Request), Object(ErrorException))
#15 /home/customs1/public_html/projects/newsportal/vendor/laravel/framework/src/Illuminate/Routing/Pipeline.php(83): App\\Exceptions\\Handler->render(Object(Illuminate\\Http\\Request), Object(ErrorException))
#16 /home/customs1/public_html/projects/newsportal/vendor/laravel/framework/src/Illuminate/Routing/Pipeline.php(55): Illuminate\\Routing\\Pipeline->handleException(Object(Illuminate\\Http\\Request), Object(ErrorException))
#17 /home/customs1/public_html/projects/newsportal/vendor/laravel/framework/src/Illuminate/Foundation/Http/Middleware/TransformsRequest.php(31): Illuminate\\Routing\\Pipeline->Illuminate\\Routing\\{closure}(Object(Illuminate\\Http\\Request))
#18 /home/customs1/public_html/projects/newsportal/vendor/laravel/framework/src/Illuminate/Pipeline/Pipeline.php(163): Illuminate\\Foundation\\Http\\Middleware\\TransformsRequest->handle(Object(Illuminate\\Http\\Request), Object(Closure))
#19 /home/customs1/public_html/projects/newsportal/vendor/laravel/framework/src/Illuminate/Routing/Pipeline.php(53): Illuminate\\Pipeline\\Pipeline->Illuminate\\Pipeline\\{closure}(Object(Illuminate\\Http\\Request))
#20 /home/customs1/public_html/projects/newsportal/vendor/laravel/framework/src/Illuminate/Foundation/Http/Middleware/TransformsRequest.php(31): Illuminate\\Routing\\Pipeline->Illuminate\\Routing\\{closure}(Object(Illuminate\\Http\\Request))
#21 /home/customs1/public_html/projects/newsportal/vendor/laravel/framework/src/Illuminate/Pipeline/Pipeline.php(163): Illuminate\\Foundation\\Http\\Middleware\\TransformsRequest->handle(Object(Illuminate\\Http\\Request), Object(Closure))
#22 /home/customs1/public_html/projects/newsportal/vendor/laravel/framework/src/Illuminate/Routing/Pipeline.php(53): Illuminate\\Pipeline\\Pipeline->Illuminate\\Pipeline\\{closure}(Object(Illuminate\\Http\\Request))
#23 /home/customs1/public_html/projects/newsportal/vendor/laravel/framework/src/Illuminate/Foundation/Http/Middleware/ValidatePostSize.php(27): Illuminate\\Routing\\Pipeline->Illuminate\\Routing\\{closure}(Object(Illuminate\\Http\\Request))
#24 /home/customs1/public_html/projects/newsportal/vendor/laravel/framework/src/Illuminate/Pipeline/Pipeline.php(163): Illuminate\\Foundation\\Http\\Middleware\\ValidatePostSize->handle(Object(Illuminate\\Http\\Request), Object(Closure))
#25 /home/customs1/public_html/projects/newsportal/vendor/laravel/framework/src/Illuminate/Routing/Pipeline.php(53): Illuminate\\Pipeline\\Pipeline->Illuminate\\Pipeline\\{closure}(Object(Illuminate\\Http\\Request))
#26 /home/customs1/public_html/projects/newsportal/vendor/laravel/framework/src/Illuminate/Foundation/Http/Middleware/CheckForMaintenanceMode.php(62): Illuminate\\Routing\\Pipeline->Illuminate\\Routing\\{closure}(Object(Illuminate\\Http\\Request))
#27 /home/customs1/public_html/projects/newsportal/vendor/laravel/framework/src/Illuminate/Pipeline/Pipeline.php(163): Illuminate\\Foundation\\Http\\Middleware\\CheckForMaintenanceMode->handle(Object(Illuminate\\Http\\Request), Object(Closure))
#28 /home/customs1/public_html/projects/newsportal/vendor/laravel/framework/src/Illuminate/Routing/Pipeline.php(53): Illuminate\\Pipeline\\Pipeline->Illuminate\\Pipeline\\{closure}(Object(Illuminate\\Http\\Request))
#29 /home/customs1/public_html/projects/newsportal/vendor/laravel/framework/src/Illuminate/Pipeline/Pipeline.php(104): Illuminate\\Routing\\Pipeline->Illuminate\\Routing\\{closure}(Object(Illuminate\\Http\\Request))
#30 /home/customs1/public_html/projects/newsportal/vendor/laravel/framework/src/Illuminate/Foundation/Http/Kernel.php(151): Illuminate\\Pipeline\\Pipeline->then(Object(Closure))
#31 /home/customs1/public_html/projects/newsportal/vendor/laravel/framework/src/Illuminate/Foundation/Http/Kernel.php(116): Illuminate\\Foundation\\Http\\Kernel->sendRequestThroughRouter(Object(Illuminate\\Http\\Request))
#32 /home/customs1/public_html/projects/newsportal/public/index.php(55): Illuminate\\Foundation\\Http\\Kernel->handle(Object(Illuminate\\Http\\Request))
#33 {main}
"} 
[2021-07-19 18:54:42] local.ERROR: file_put_contents(A:\laragon\www\newsportal\storage\framework\views/586248950626724bb1f966444695ee13b153f512.php): failed to open stream: No such file or directory {"exception":"[object] (ErrorException(code: 0): file_put_contents(A:\\laragon\\www\
ewsportal\\storage\\framework\\views/586248950626724bb1f966444695ee13b153f512.php): failed to open stream: No such file or directory at /home/customs1/public_html/projects/newsportal/vendor/laravel/framework/src/Illuminate/Filesystem/Filesystem.php:122)
[stacktrace]
#0 [internal function]: Illuminate\\Foundation\\Bootstrap\\HandleExceptions->handleError(2, 'file_put_conten...', '/home/customs1/...', 122, Array)
#1 /home/customs1/public_html/projects/newsportal/vendor/laravel/framework/src/Illuminate/Filesystem/Filesystem.php(122): file_put_contents('A:\\\\laragon\\\\www\\\\...', '<?php $__env->s...', 0)
#2 /home/customs1/public_html/projects/newsportal/vendor/laravel/framework/src/Illuminate/View/Compilers/BladeCompiler.php(122): Illuminate\\Filesystem\\Filesystem->put('A:\\\\laragon\\\\www\\\\...', '<?php $__env->s...')
#3 /home/customs1/public_html/projects/newsportal/vendor/laravel/framework/src/Illuminate/View/Engines/CompilerEngine.php(51): Illuminate\\View\\Compilers\\BladeCompiler->compile('/home/customs1/...')
#4 /home/customs1/public_html/projects/newsportal/vendor/laravel/framework/src/Illuminate/View/View.php(142): Illuminate\\View\\Engines\\CompilerEngine->get('/home/customs1/...', Array)
#5 /home/customs1/public_html/projects/newsportal/vendor/laravel/framework/src/Illuminate/View/View.php(125): Illuminate\\View\\View->getContents()
#6 /home/customs1/public_html/projects/newsportal/vendor/laravel/framework/src/Illuminate/View/View.php(90): Illuminate\\View\\View->renderContents()
#7 /home/customs1/public_html/projects/newsportal/vendor/laravel/framework/src/Illuminate/Http/Response.php(42): Illuminate\\View\\View->render()
#8 /home/customs1/public_html/projects/newsportal/vendor/symfony/http-foundation/Response.php(205): Illuminate\\Http\\Response->setContent(Object(Illuminate\\View\\View))
#9 /home/customs1/public_html/projects/newsportal/vendor/laravel/framework/src/Illuminate/Routing/ResponseFactory.php(55): Symfony\\Component\\HttpFoundation\\Response->__construct(Object(Illuminate\\View\\View), 500, Array)
#10 /home/customs1/public_html/projects/newsportal/vendor/laravel/framework/src/Illuminate/Routing/ResponseFactory.php(81): Illuminate\\Routing\\ResponseFactory->make(Object(Illuminate\\View\\View), 500, Array)
#11 /home/customs1/public_html/projects/newsportal/vendor/laravel/framework/src/Illuminate/Foundation/Exceptions/Handler.php(380): Illuminate\\Routing\\ResponseFactory->view('errors::500', Array, 500, Array)
#12 /home/customs1/public_html/projects/newsportal/vendor/laravel/framework/src/Illuminate/Foundation/Exceptions/Handler.php(289): Illuminate\\Foundation\\Exceptions\\Handler->renderHttpException(Object(Symfony\\Component\\HttpKernel\\Exception\\HttpException))
#13 /home/customs1/public_html/projects/newsportal/vendor/laravel/framework/src/Illuminate/Foundation/Exceptions/Handler.php(188): Illuminate\\Foundation\\Exceptions\\Handler->prepareResponse(Object(Illuminate\\Http\\Request), Object(Symfony\\Component\\HttpKernel\\Exception\\HttpException))
#14 /home/customs1/public_html/projects/newsportal/app/Exceptions/Handler.php(49): Illuminate\\Foundation\\Exceptions\\Handler->render(Object(Illuminate\\Http\\Request), Object(ErrorException))
#15 /home/customs1/public_html/projects/newsportal/vendor/laravel/framework/src/Illuminate/Routing/Pipeline.php(83): App\\Exceptions\\Handler->render(Object(Illuminate\\Http\\Request), Object(ErrorException))
#16 /home/customs1/public_html/projects/newsportal/vendor/laravel/framework/src/Illuminate/Routing/Pipeline.php(55): Illuminate\\Routing\\Pipeline->handleException(Object(Illuminate\\Http\\Request), Object(ErrorException))
#17 /home/customs1/public_html/projects/newsportal/vendor/laravel/framework/src/Illuminate/Foundation/Http/Middleware/TransformsRequest.php(31): Illuminate\\Routing\\Pipeline->Illuminate\\Routing\\{closure}(Object(Illuminate\\Http\\Request))
#18 /home/customs1/public_html/projects/newsportal/vendor/laravel/framework/src/Illuminate/Pipeline/Pipeline.php(163): Illuminate\\Foundation\\Http\\Middleware\\TransformsRequest->handle(Object(Illuminate\\Http\\Request), Object(Closure))
#19 /home/customs1/public_html/projects/newsportal/vendor/laravel/framework/src/Illuminate/Routing/Pipeline.php(53): Illuminate\\Pipeline\\Pipeline->Illuminate\\Pipeline\\{closure}(Object(Illuminate\\Http\\Request))
#20 /home/customs1/public_html/projects/newsportal/vendor/laravel/framework/src/Illuminate/Foundation/Http/Middleware/ValidatePostSize.php(27): Illuminate\\Routing\\Pipeline->Illuminate\\Routing\\{closure}(Object(Illuminate\\Http\\Request))
#21 /home/customs1/public_html/projects/newsportal/vendor/laravel/framework/src/Illuminate/Pipeline/Pipeline.php(163): Illuminate\\Foundation\\Http\\Middleware\\ValidatePostSize->handle(Object(Illuminate\\Http\\Request), Object(Closure))
#22 /home/customs1/public_html/projects/newsportal/vendor/laravel/framework/src/Illuminate/Routing/Pipeline.php(53): Illuminate\\Pipeline\\Pipeline->Illuminate\\Pipeline\\{closure}(Object(Illuminate\\Http\\Request))
#23 /home/customs1/public_html/projects/newsportal/vendor/laravel/framework/src/Illuminate/Foundation/Http/Middleware/CheckForMaintenanceMode.php(62): Illuminate\\Routing\\Pipeline->Illuminate\\Routing\\{closure}(Object(Illuminate\\Http\\Request))
#24 /home/customs1/public_html/projects/newsportal/vendor/laravel/framework/src/Illuminate/Pipeline/Pipeline.php(163): Illuminate\\Foundation\\Http\\Middleware\\CheckForMaintenanceMode->handle(Object(Illuminate\\Http\\Request), Object(Closure))
#25 /home/customs1/public_html/projects/newsportal/vendor/laravel/framework/src/Illuminate/Routing/Pipeline.php(53): Illuminate\\Pipeline\\Pipeline->Illuminate\\Pipeline\\{closure}(Object(Illuminate\\Http\\Request))
#26 /home/customs1/public_html/projects/newsportal/vendor/laravel/framework/src/Illuminate/Pipeline/Pipeline.php(104): Illuminate\\Routing\\Pipeline->Illuminate\\Routing\\{closure}(Object(Illuminate\\Http\\Request))
#27 /home/customs1/public_html/projects/newsportal/vendor/laravel/framework/src/Illuminate/Foundation/Http/Kernel.php(151): Illuminate\\Pipeline\\Pipeline->then(Object(Closure))
#28 /home/customs1/public_html/projects/newsportal/vendor/laravel/framework/src/Illuminate/Foundation/Http/Kernel.php(116): Illuminate\\Foundation\\Http\\Kernel->sendRequestThroughRouter(Object(Illuminate\\Http\\Request))
#29 /home/customs1/public_html/projects/newsportal/public/index.php(55): Illuminate\\Foundation\\Http\\Kernel->handle(Object(Illuminate\\Http\\Request))
#30 {main}
"} 
[2021-07-19 18:54:42] local.ERROR: file_put_contents(A:\laragon\www\newsportal\storage\framework\views/586248950626724bb1f966444695ee13b153f512.php): failed to open stream: No such file or directory {"exception":"[object] (ErrorException(code: 0): file_put_contents(A:\\laragon\\www\
ewsportal\\storage\\framework\\views/586248950626724bb1f966444695ee13b153f512.php): failed to open stream: No such file or directory at /home/customs1/public_html/projects/newsportal/vendor/laravel/framework/src/Illuminate/Filesystem/Filesystem.php:122)
[stacktrace]
#0 [internal function]: Illuminate\\Foundation\\Bootstrap\\HandleExceptions->handleError(2, 'file_put_conten...', '/home/customs1/...', 122, Array)
#1 /home/customs1/public_html/projects/newsportal/vendor/laravel/framework/src/Illuminate/Filesystem/Filesystem.php(122): file_put_contents('A:\\\\laragon\\\\www\\\\...', '<?php $__env->s...', 0)
#2 /home/customs1/public_html/projects/newsportal/vendor/laravel/framework/src/Illuminate/View/Compilers/BladeCompiler.php(122): Illuminate\\Filesystem\\Filesystem->put('A:\\\\laragon\\\\www\\\\...', '<?php $__env->s...')
#3 /home/customs1/public_html/projects/newsportal/vendor/laravel/framework/src/Illuminate/View/Engines/CompilerEngine.php(51): Illuminate\\View\\Compilers\\BladeCompiler->compile('/home/customs1/...')
#4 /home/customs1/public_html/projects/newsportal/vendor/laravel/framework/src/Illuminate/View/View.php(142): Illuminate\\View\\Engines\\CompilerEngine->get('/home/customs1/...', Array)
#5 /home/customs1/public_html/projects/newsportal/vendor/laravel/framework/src/Illuminate/View/View.php(125): Illuminate\\View\\View->getContents()
#6 /home/customs1/public_html/projects/newsportal/vendor/laravel/framework/src/Illuminate/View/View.php(90): Illuminate\\View\\View->renderContents()
#7 /home/customs1/public_html/projects/newsportal/vendor/laravel/framework/src/Illuminate/Http/Response.php(42): Illuminate\\View\\View->render()
#8 /home/customs1/public_html/projects/newsportal/vendor/symfony/http-foundation/Response.php(205): Illuminate\\Http\\Response->setContent(Object(Illuminate\\View\\View))
#9 /home/customs1/public_html/projects/newsportal/vendor/laravel/framework/src/Illuminate/Routing/ResponseFactory.php(55): Symfony\\Component\\HttpFoundation\\Response->__construct(Object(Illuminate\\View\\View), 500, Array)
#10 /home/customs1/public_html/projects/newsportal/vendor/laravel/framework/src/Illuminate/Routing/ResponseFactory.php(81): Illuminate\\Routing\\ResponseFactory->make(Object(Illuminate\\View\\View), 500, Array)
#11 /home/customs1/public_html/projects/newsportal/vendor/laravel/framework/src/Illuminate/Foundation/Exceptions/Handler.php(380): Illuminate\\Routing\\ResponseFactory->view('errors::500', Array, 500, Array)
#12 /home/customs1/public_html/projects/newsportal/vendor/laravel/framework/src/Illuminate/Foundation/Exceptions/Handler.php(289): Illuminate\\Foundation\\Exceptions\\Handler->renderHttpException(Object(Symfony\\Component\\HttpKernel\\Exception\\HttpException))
#13 /home/customs1/public_html/projects/newsportal/vendor/laravel/framework/src/Illuminate/Foundation/Exceptions/Handler.php(188): Illuminate\\Foundation\\Exceptions\\Handler->prepareResponse(Object(Illuminate\\Http\\Request), Object(Symfony\\Component\\HttpKernel\\Exception\\HttpException))
#14 /home/customs1/public_html/projects/newsportal/app/Exceptions/Handler.php(49): Illuminate\\Foundation\\Exceptions\\Handler->render(Object(Illuminate\\Http\\Request), Object(ErrorException))
#15 /home/customs1/public_html/projects/newsportal/vendor/laravel/framework/src/Illuminate/Routing/Pipeline.php(83): App\\Exceptions\\Handler->render(Object(Illuminate\\Http\\Request), Object(ErrorException))
#16 /home/customs1/public_html/projects/newsportal/vendor/laravel/framework/src/Illuminate/Routing/Pipeline.php(55): Illuminate\\Routing\\Pipeline->handleException(Object(Illuminate\\Http\\Request), Object(ErrorException))
#17 /home/customs1/public_html/projects/newsportal/vendor/laravel/framework/src/Illuminate/Foundation/Http/Middleware/ValidatePostSize.php(27): Illuminate\\Routing\\Pipeline->Illuminate\\Routing\\{closure}(Object(Illuminate\\Http\\Request))
#18 /home/customs1/public_html/projects/newsportal/vendor/laravel/framework/src/Illuminate/Pipeline/Pipeline.php(163): Illuminate\\Foundation\\Http\\Middleware\\ValidatePostSize->handle(Object(Illuminate\\Http\\Request), Object(Closure))
#19 /home/customs1/public_html/projects/newsportal/vendor/laravel/framework/src/Illuminate/Routing/Pipeline.php(53): Illuminate\\Pipeline\\Pipeline->Illuminate\\Pipeline\\{closure}(Object(Illuminate\\Http\\Request))
#20 /home/customs1/public_html/projects/newsportal/vendor/laravel/framework/src/Illuminate/Foundation/Http/Middleware/CheckForMaintenanceMode.php(62): Illuminate\\Routing\\Pipeline->Illuminate\\Routing\\{closure}(Object(Illuminate\\Http\\Request))
#21 /home/customs1/public_html/projects/newsportal/vendor/laravel/framework/src/Illuminate/Pipeline/Pipeline.php(163): Illuminate\\Foundation\\Http\\Middleware\\CheckForMaintenanceMode->handle(Object(Illuminate\\Http\\Request), Object(Closure))
#22 /home/customs1/public_html/projects/newsportal/vendor/laravel/framework/src/Illuminate/Routing/Pipeline.php(53): Illuminate\\Pipeline\\Pipeline->Illuminate\\Pipeline\\{closure}(Object(Illuminate\\Http\\Request))
#23 /home/customs1/public_html/projects/newsportal/vendor/laravel/framework/src/Illuminate/Pipeline/Pipeline.php(104): Illuminate\\Routing\\Pipeline->Illuminate\\Routing\\{closure}(Object(Illuminate\\Http\\Request))
#24 /home/customs1/public_html/projects/newsportal/vendor/laravel/framework/src/Illuminate/Foundation/Http/Kernel.php(151): Illuminate\\Pipeline\\Pipeline->then(Object(Closure))
#25 /home/customs1/public_html/projects/newsportal/vendor/laravel/framework/src/Illuminate/Foundation/Http/Kernel.php(116): Illuminate\\Foundation\\Http\\Kernel->sendRequestThroughRouter(Object(Illuminate\\Http\\Request))
#26 /home/customs1/public_html/projects/newsportal/public/index.php(55): Illuminate\\Foundation\\Http\\Kernel->handle(Object(Illuminate\\Http\\Request))
#27 {main}
"} 
[2021-07-19 18:54:42] local.ERROR: file_put_contents(A:\laragon\www\newsportal\storage\framework\views/586248950626724bb1f966444695ee13b153f512.php): failed to open stream: No such file or directory {"exception":"[object] (ErrorException(code: 0): file_put_contents(A:\\laragon\\www\
ewsportal\\storage\\framework\\views/586248950626724bb1f966444695ee13b153f512.php): failed to open stream: No such file or directory at /home/customs1/public_html/projects/newsportal/vendor/laravel/framework/src/Illuminate/Filesystem/Filesystem.php:122)
[stacktrace]
#0 [internal function]: Illuminate\\Foundation\\Bootstrap\\HandleExceptions->handleError(2, 'file_put_conten...', '/home/customs1/...', 122, Array)
#1 /home/customs1/public_html/projects/newsportal/vendor/laravel/framework/src/Illuminate/Filesystem/Filesystem.php(122): file_put_contents('A:\\\\laragon\\\\www\\\\...', '<?php $__env->s...', 0)
#2 /home/customs1/public_html/projects/newsportal/vendor/laravel/framework/src/Illuminate/View/Compilers/BladeCompiler.php(122): Illuminate\\Filesystem\\Filesystem->put('A:\\\\laragon\\\\www\\\\...', '<?php $__env->s...')
#3 /home/customs1/public_html/projects/newsportal/vendor/laravel/framework/src/Illuminate/View/Engines/CompilerEngine.php(51): Illuminate\\View\\Compilers\\BladeCompiler->compile('/home/customs1/...')
#4 /home/customs1/public_html/projects/newsportal/vendor/laravel/framework/src/Illuminate/View/View.php(142): Illuminate\\View\\Engines\\CompilerEngine->get('/home/customs1/...', Array)
#5 /home/customs1/public_html/projects/newsportal/vendor/laravel/framework/src/Illuminate/View/View.php(125): Illuminate\\View\\View->getContents()
#6 /home/customs1/public_html/projects/newsportal/vendor/laravel/framework/src/Illuminate/View/View.php(90): Illuminate\\View\\View->renderContents()
#7 /home/customs1/public_html/projects/newsportal/vendor/laravel/framework/src/Illuminate/Http/Response.php(42): Illuminate\\View\\View->render()
#8 /home/customs1/public_html/projects/newsportal/vendor/symfony/http-foundation/Response.php(205): Illuminate\\Http\\Response->setContent(Object(Illuminate\\View\\View))
#9 /home/customs1/public_html/projects/newsportal/vendor/laravel/framework/src/Illuminate/Routing/ResponseFactory.php(55): Symfony\\Component\\HttpFoundation\\Response->__construct(Object(Illuminate\\View\\View), 500, Array)
#10 /home/customs1/public_html/projects/newsportal/vendor/laravel/framework/src/Illuminate/Routing/ResponseFactory.php(81): Illuminate\\Routing\\ResponseFactory->make(Object(Illuminate\\View\\View), 500, Array)
#11 /home/customs1/public_html/projects/newsportal/vendor/laravel/framework/src/Illuminate/Foundation/Exceptions/Handler.php(380): Illuminate\\Routing\\ResponseFactory->view('errors::500', Array, 500, Array)
#12 /home/customs1/public_html/projects/newsportal/vendor/laravel/framework/src/Illuminate/Foundation/Exceptions/Handler.php(289): Illuminate\\Foundation\\Exceptions\\Handler->renderHttpException(Object(Symfony\\Component\\HttpKernel\\Exception\\HttpException))
#13 /home/customs1/public_html/projects/newsportal/vendor/laravel/framework/src/Illuminate/Foundation/Exceptions/Handler.php(188): Illuminate\\Foundation\\Exceptions\\Handler->prepareResponse(Object(Illuminate\\Http\\Request), Object(Symfony\\Component\\HttpKernel\\Exception\\HttpException))
#14 /home/customs1/public_html/projects/newsportal/app/Exceptions/Handler.php(49): Illuminate\\Foundation\\Exceptions\\Handler->render(Object(Illuminate\\Http\\Request), Object(ErrorException))
#15 /home/customs1/public_html/projects/newsportal/vendor/laravel/framework/src/Illuminate/Routing/Pipeline.php(83): App\\Exceptions\\Handler->render(Object(Illuminate\\Http\\Request), Object(ErrorException))
#16 /home/customs1/public_html/projects/newsportal/vendor/laravel/framework/src/Illuminate/Routing/Pipeline.php(55): Illuminate\\Routing\\Pipeline->handleException(Object(Illuminate\\Http\\Request), Object(ErrorException))
#17 /home/customs1/public_html/projects/newsportal/vendor/laravel/framework/src/Illuminate/Foundation/Http/Middleware/CheckForMaintenanceMode.php(62): Illuminate\\Routing\\Pipeline->Illuminate\\Routing\\{closure}(Object(Illuminate\\Http\\Request))
#18 /home/customs1/public_html/projects/newsportal/vendor/laravel/framework/src/Illuminate/Pipeline/Pipeline.php(163): Illuminate\\Foundation\\Http\\Middleware\\CheckForMaintenanceMode->handle(Object(Illuminate\\Http\\Request), Object(Closure))
#19 /home/customs1/public_html/projects/newsportal/vendor/laravel/framework/src/Illuminate/Routing/Pipeline.php(53): Illuminate\\Pipeline\\Pipeline->Illuminate\\Pipeline\\{closure}(Object(Illuminate\\Http\\Request))
#20 /home/customs1/public_html/projects/newsportal/vendor/laravel/framework/src/Illuminate/Pipeline/Pipeline.php(104): Illuminate\\Routing\\Pipeline->Illuminate\\Routing\\{closure}(Object(Illuminate\\Http\\Request))
#21 /home/customs1/public_html/projects/newsportal/vendor/laravel/framework/src/Illuminate/Foundation/Http/Kernel.php(151): Illuminate\\Pipeline\\Pipeline->then(Object(Closure))
#22 /home/customs1/public_html/projects/newsportal/vendor/laravel/framework/src/Illuminate/Foundation/Http/Kernel.php(116): Illuminate\\Foundation\\Http\\Kernel->sendRequestThroughRouter(Object(Illuminate\\Http\\Request))
#23 /home/customs1/public_html/projects/newsportal/public/index.php(55): Illuminate\\Foundation\\Http\\Kernel->handle(Object(Illuminate\\Http\\Request))
#24 {main}
"} 
[2021-07-19 18:54:42] local.ERROR: file_put_contents(A:\laragon\www\newsportal\storage\framework\views/586248950626724bb1f966444695ee13b153f512.php): failed to open stream: No such file or directory {"exception":"[object] (ErrorException(code: 0): file_put_contents(A:\\laragon\\www\
ewsportal\\storage\\framework\\views/586248950626724bb1f966444695ee13b153f512.php): failed to open stream: No such file or directory at /home/customs1/public_html/projects/newsportal/vendor/laravel/framework/src/Illuminate/Filesystem/Filesystem.php:122)
[stacktrace]
#0 [internal function]: Illuminate\\Foundation\\Bootstrap\\HandleExceptions->handleError(2, 'file_put_conten...', '/home/customs1/...', 122, Array)
#1 /home/customs1/public_html/projects/newsportal/vendor/laravel/framework/src/Illuminate/Filesystem/Filesystem.php(122): file_put_contents('A:\\\\laragon\\\\www\\\\...', '<?php $__env->s...', 0)
#2 /home/customs1/public_html/projects/newsportal/vendor/laravel/framework/src/Illuminate/View/Compilers/BladeCompiler.php(122): Illuminate\\Filesystem\\Filesystem->put('A:\\\\laragon\\\\www\\\\...', '<?php $__env->s...')
#3 /home/customs1/public_html/projects/newsportal/vendor/laravel/framework/src/Illuminate/View/Engines/CompilerEngine.php(51): Illuminate\\View\\Compilers\\BladeCompiler->compile('/home/customs1/...')
#4 /home/customs1/public_html/projects/newsportal/vendor/laravel/framework/src/Illuminate/View/View.php(142): Illuminate\\View\\Engines\\CompilerEngine->get('/home/customs1/...', Array)
#5 /home/customs1/public_html/projects/newsportal/vendor/laravel/framework/src/Illuminate/View/View.php(125): Illuminate\\View\\View->getContents()
#6 /home/customs1/public_html/projects/newsportal/vendor/laravel/framework/src/Illuminate/View/View.php(90): Illuminate\\View\\View->renderContents()
#7 /home/customs1/public_html/projects/newsportal/vendor/laravel/framework/src/Illuminate/Http/Response.php(42): Illuminate\\View\\View->render()
#8 /home/customs1/public_html/projects/newsportal/vendor/symfony/http-foundation/Response.php(205): Illuminate\\Http\\Response->setContent(Object(Illuminate\\View\\View))
#9 /home/customs1/public_html/projects/newsportal/vendor/laravel/framework/src/Illuminate/Routing/ResponseFactory.php(55): Symfony\\Component\\HttpFoundation\\Response->__construct(Object(Illuminate\\View\\View), 500, Array)
#10 /home/customs1/public_html/projects/newsportal/vendor/laravel/framework/src/Illuminate/Routing/ResponseFactory.php(81): Illuminate\\Routing\\ResponseFactory->make(Object(Illuminate\\View\\View), 500, Array)
#11 /home/customs1/public_html/projects/newsportal/vendor/laravel/framework/src/Illuminate/Foundation/Exceptions/Handler.php(380): Illuminate\\Routing\\ResponseFactory->view('errors::500', Array, 500, Array)
#12 /home/customs1/public_html/projects/newsportal/vendor/laravel/framework/src/Illuminate/Foundation/Exceptions/Handler.php(289): Illuminate\\Foundation\\Exceptions\\Handler->renderHttpException(Object(Symfony\\Component\\HttpKernel\\Exception\\HttpException))
#13 /home/customs1/public_html/projects/newsportal/vendor/laravel/framework/src/Illuminate/Foundation/Exceptions/Handler.php(188): Illuminate\\Foundation\\Exceptions\\Handler->prepareResponse(Object(Illuminate\\Http\\Request), Object(Symfony\\Component\\HttpKernel\\Exception\\HttpException))
#14 /home/customs1/public_html/projects/newsportal/app/Exceptions/Handler.php(49): Illuminate\\Foundation\\Exceptions\\Handler->render(Object(Illuminate\\Http\\Request), Object(ErrorException))
#15 /home/customs1/public_html/projects/newsportal/vendor/laravel/framework/src/Illuminate/Routing/Pipeline.php(83): App\\Exceptions\\Handler->render(Object(Illuminate\\Http\\Request), Object(ErrorException))
#16 /home/customs1/public_html/projects/newsportal/vendor/laravel/framework/src/Illuminate/Routing/Pipeline.php(55): Illuminate\\Routing\\Pipeline->handleException(Object(Illuminate\\Http\\Request), Object(ErrorException))
#17 /home/customs1/public_html/projects/newsportal/vendor/laravel/framework/src/Illuminate/Pipeline/Pipeline.php(104): Illuminate\\Routing\\Pipeline->Illuminate\\Routing\\{closure}(Object(Illuminate\\Http\\Request))
#18 /home/customs1/public_html/projects/newsportal/vendor/laravel/framework/src/Illuminate/Foundation/Http/Kernel.php(151): Illuminate\\Pipeline\\Pipeline->then(Object(Closure))
#19 /home/customs1/public_html/projects/newsportal/vendor/laravel/framework/src/Illuminate/Foundation/Http/Kernel.php(116): Illuminate\\Foundation\\Http\\Kernel->sendRequestThroughRouter(Object(Illuminate\\Http\\Request))
#20 /home/customs1/public_html/projects/newsportal/public/index.php(55): Illuminate\\Foundation\\Http\\Kernel->handle(Object(Illuminate\\Http\\Request))
#21 {main}
"} 
[2021-07-19 18:54:42] local.ERROR: file_put_contents(A:\laragon\www\newsportal\storage\framework\views/586248950626724bb1f966444695ee13b153f512.php): failed to open stream: No such file or directory {"exception":"[object] (ErrorException(code: 0): file_put_contents(A:\\laragon\\www\
ewsportal\\storage\\framework\\views/586248950626724bb1f966444695ee13b153f512.php): failed to open stream: No such file or directory at /home/customs1/public_html/projects/newsportal/vendor/laravel/framework/src/Illuminate/Filesystem/Filesystem.php:122)
[stacktrace]
#0 [internal function]: Illuminate\\Foundation\\Bootstrap\\HandleExceptions->handleError(2, 'file_put_conten...', '/home/customs1/...', 122, Array)
#1 /home/customs1/public_html/projects/newsportal/vendor/laravel/framework/src/Illuminate/Filesystem/Filesystem.php(122): file_put_contents('A:\\\\laragon\\\\www\\\\...', '<?php $__env->s...', 0)
#2 /home/customs1/public_html/projects/newsportal/vendor/laravel/framework/src/Illuminate/View/Compilers/BladeCompiler.php(122): Illuminate\\Filesystem\\Filesystem->put('A:\\\\laragon\\\\www\\\\...', '<?php $__env->s...')
#3 /home/customs1/public_html/projects/newsportal/vendor/laravel/framework/src/Illuminate/View/Engines/CompilerEngine.php(51): Illuminate\\View\\Compilers\\BladeCompiler->compile('/home/customs1/...')
#4 /home/customs1/public_html/projects/newsportal/vendor/laravel/framework/src/Illuminate/View/View.php(142): Illuminate\\View\\Engines\\CompilerEngine->get('/home/customs1/...', Array)
#5 /home/customs1/public_html/projects/newsportal/vendor/laravel/framework/src/Illuminate/View/View.php(125): Illuminate\\View\\View->getContents()
#6 /home/customs1/public_html/projects/newsportal/vendor/laravel/framework/src/Illuminate/View/View.php(90): Illuminate\\View\\View->renderContents()
#7 /home/customs1/public_html/projects/newsportal/vendor/laravel/framework/src/Illuminate/Http/Response.php(42): Illuminate\\View\\View->render()
#8 /home/customs1/public_html/projects/newsportal/vendor/symfony/http-foundation/Response.php(205): Illuminate\\Http\\Response->setContent(Object(Illuminate\\View\\View))
#9 /home/customs1/public_html/projects/newsportal/vendor/laravel/framework/src/Illuminate/Routing/ResponseFactory.php(55): Symfony\\Component\\HttpFoundation\\Response->__construct(Object(Illuminate\\View\\View), 500, Array)
#10 /home/customs1/public_html/projects/newsportal/vendor/laravel/framework/src/Illuminate/Routing/ResponseFactory.php(81): Illuminate\\Routing\\ResponseFactory->make(Object(Illuminate\\View\\View), 500, Array)
#11 /home/customs1/public_html/projects/newsportal/vendor/laravel/framework/src/Illuminate/Foundation/Exceptions/Handler.php(380): Illuminate\\Routing\\ResponseFactory->view('errors::500', Array, 500, Array)
#12 /home/customs1/public_html/projects/newsportal/vendor/laravel/framework/src/Illuminate/Foundation/Exceptions/Handler.php(289): Illuminate\\Foundation\\Exceptions\\Handler->renderHttpException(Object(Symfony\\Component\\HttpKernel\\Exception\\HttpException))
#13 /home/customs1/public_html/projects/newsportal/vendor/laravel/framework/src/Illuminate/Foundation/Exceptions/Handler.php(188): Illuminate\\Foundation\\Exceptions\\Handler->prepareResponse(Object(Illuminate\\Http\\Request), Object(Symfony\\Component\\HttpKernel\\Exception\\HttpException))
#14 /home/customs1/public_html/projects/newsportal/app/Exceptions/Handler.php(49): Illuminate\\Foundation\\Exceptions\\Handler->render(Object(Illuminate\\Http\\Request), Object(ErrorException))
#15 /home/customs1/public_html/projects/newsportal/vendor/laravel/framework/src/Illuminate/Foundation/Http/Kernel.php(326): App\\Exceptions\\Handler->render(Object(Illuminate\\Http\\Request), Object(ErrorException))
#16 /home/customs1/public_html/projects/newsportal/vendor/laravel/framework/src/Illuminate/Foundation/Http/Kernel.php(120): Illuminate\\Foundation\\Http\\Kernel->renderException(Object(Illuminate\\Http\\Request), Object(ErrorException))
#17 /home/customs1/public_html/projects/newsportal/public/index.php(55): Illuminate\\Foundation\\Http\\Kernel->handle(Object(Illuminate\\Http\\Request))
#18 {main}
"} 
[2021-07-19 18:54:42] local.ERROR: Uncaught ErrorException: file_put_contents(A:\laragon\www\newsportal\storage\framework\views/586248950626724bb1f966444695ee13b153f512.php): failed to open stream: No such file or directory in /home/customs1/public_html/projects/newsportal/vendor/laravel/framework/src/Illuminate/Filesystem/Filesystem.php:122
Stack trace:
#0 [internal function]: Illuminate\Foundation\Bootstrap\HandleExceptions->handleError(2, 'file_put_conten...', '/home/customs1/...', 122, Array)
#1 /home/customs1/public_html/projects/newsportal/vendor/laravel/framework/src/Illuminate/Filesystem/Filesystem.php(122): file_put_contents('A:\\laragon\\www\\...', '<?php $__env->s...', 0)
#2 /home/customs1/public_html/projects/newsportal/vendor/laravel/framework/src/Illuminate/View/Compilers/BladeCompiler.php(122): Illuminate\Filesystem\Filesystem->put('A:\\laragon\\www\\...', '<?php $__env->s...')
#3 /home/customs1/public_html/projects/newsportal/vendor/laravel/framework/src/Illuminate/View/Engines/CompilerEngine.php(51): Illuminate\View\Compilers\ {"exception":"[object] (Symfony\\Component\\Debug\\Exception\\FatalErrorException(code: 1): Uncaught ErrorException: file_put_contents(A:\\laragon\\www\
ewsportal\\storage\\framework\\views/586248950626724bb1f966444695ee13b153f512.php): failed to open stream: No such file or directory in /home/customs1/public_html/projects/newsportal/vendor/laravel/framework/src/Illuminate/Filesystem/Filesystem.php:122
Stack trace:
#0 [internal function]: Illuminate\\Foundation\\Bootstrap\\HandleExceptions->handleError(2, 'file_put_conten...', '/home/customs1/...', 122, Array)
#1 /home/customs1/public_html/projects/newsportal/vendor/laravel/framework/src/Illuminate/Filesystem/Filesystem.php(122): file_put_contents('A:\\\\laragon\\\\www\\\\...', '<?php $__env->s...', 0)
#2 /home/customs1/public_html/projects/newsportal/vendor/laravel/framework/src/Illuminate/View/Compilers/BladeCompiler.php(122): Illuminate\\Filesystem\\Filesystem->put('A:\\\\laragon\\\\www\\\\...', '<?php $__env->s...')
#3 /home/customs1/public_html/projects/newsportal/vendor/laravel/framework/src/Illuminate/View/Engines/CompilerEngine.php(51): Illuminate\\View\\Compilers\\ at /home/customs1/public_html/projects/newsportal/vendor/laravel/framework/src/Illuminate/Filesystem/Filesystem.php:122)
[stacktrace]
#0 {main}
"} 
