[2026-03-27 06:44:36] local.ERROR: SQLSTATE[42S02]: Base table or view not found: 1146 Table 'news-portal.set_as' doesn't exist (SQL: select * from `set_as` where `set_as` in (lead_news_1, lead_news_2, lead_news_3) order by `set_as` asc) {"exception":"[object] (Illuminate\\Database\\QueryException(code: 42S02): SQLSTATE[42S02]: Base table or view not found: 1146 Table 'news-portal.set_as' doesn't exist (SQL: select * from `set_as` where `set_as` in (lead_news_1, lead_news_2, lead_news_3) order by `set_as` asc) at /var/www/html/dainikShahtha/vendor/laravel/framework/src/Illuminate/Database/Connection.php:664, PDOException(code: 42S02): SQLSTATE[42S02]: Base table or view not found: 1146 Table 'news-portal.set_as' doesn't exist at /var/www/html/dainikShahtha/vendor/laravel/framework/src/Illuminate/Database/Connection.php:326)
[stacktrace]
#0 /var/www/html/dainikShahtha/vendor/laravel/framework/src/Illuminate/Database/Connection.php(624): Illuminate\\Database\\Connection->runQueryCallback('select * from `...', Array, Object(Closure))
#1 /var/www/html/dainikShahtha/vendor/laravel/framework/src/Illuminate/Database/Connection.php(333): Illuminate\\Database\\Connection->run('select * from `...', Array, Object(Closure))
#2 /var/www/html/dainikShahtha/vendor/laravel/framework/src/Illuminate/Database/Query/Builder.php(2095): Illuminate\\Database\\Connection->select('select * from `...', Array, true)
#3 /var/www/html/dainikShahtha/vendor/laravel/framework/src/Illuminate/Database/Query/Builder.php(2083): Illuminate\\Database\\Query\\Builder->runSelect()
#4 /var/www/html/dainikShahtha/vendor/laravel/framework/src/Illuminate/Database/Query/Builder.php(2569): Illuminate\\Database\\Query\\Builder->Illuminate\\Database\\Query\\{closure}()
#5 /var/www/html/dainikShahtha/vendor/laravel/framework/src/Illuminate/Database/Query/Builder.php(2084): Illuminate\\Database\\Query\\Builder->onceWithColumns(Array, Object(Closure))
#6 /var/www/html/dainikShahtha/vendor/laravel/framework/src/Illuminate/Database/Eloquent/Builder.php(519): Illuminate\\Database\\Query\\Builder->get(Array)
#7 /var/www/html/dainikShahtha/vendor/laravel/framework/src/Illuminate/Database/Eloquent/Builder.php(503): Illuminate\\Database\\Eloquent\\Builder->getModels(Array)
#8 /var/www/html/dainikShahtha/app/Http/Controllers/sksController.php(24): Illuminate\\Database\\Eloquent\\Builder->get()
#9 [internal function]: App\\Http\\Controllers\\sksController->index()
#10 /var/www/html/dainikShahtha/vendor/laravel/framework/src/Illuminate/Routing/Controller.php(54): call_user_func_array(Array, Array)
#11 /var/www/html/dainikShahtha/vendor/laravel/framework/src/Illuminate/Routing/ControllerDispatcher.php(45): Illuminate\\Routing\\Controller->callAction('index', Array)
#12 /var/www/html/dainikShahtha/vendor/laravel/framework/src/Illuminate/Routing/Route.php(219): Illuminate\\Routing\\ControllerDispatcher->dispatch(Object(Illuminate\\Routing\\Route), Object(App\\Http\\Controllers\\sksController), 'index')
#13 /var/www/html/dainikShahtha/vendor/laravel/framework/src/Illuminate/Routing/Route.php(176): Illuminate\\Routing\\Route->runController()
#14 /var/www/html/dainikShahtha/vendor/laravel/framework/src/Illuminate/Routing/Router.php(682): Illuminate\\Routing\\Route->run()
#15 /var/www/html/dainikShahtha/vendor/laravel/framework/src/Illuminate/Routing/Pipeline.php(30): Illuminate\\Routing\\Router->Illuminate\\Routing\\{closure}(Object(Illuminate\\Http\\Request))
#16 /var/www/html/dainikShahtha/vendor/laravel/framework/src/Illuminate/Routing/Middleware/SubstituteBindings.php(41): Illuminate\\Routing\\Pipeline->Illuminate\\Routing\\{closure}(Object(Illuminate\\Http\\Request))
#17 /var/www/html/dainikShahtha/vendor/laravel/framework/src/Illuminate/Pipeline/Pipeline.php(163): Illuminate\\Routing\\Middleware\\SubstituteBindings->handle(Object(Illuminate\\Http\\Request), Object(Closure))
#18 /var/www/html/dainikShahtha/vendor/laravel/framework/src/Illuminate/Routing/Pipeline.php(53): Illuminate\\Pipeline\\Pipeline->Illuminate\\Pipeline\\{closure}(Object(Illuminate\\Http\\Request))
#19 /var/www/html/dainikShahtha/vendor/laravel/framework/src/Illuminate/Foundation/Http/Middleware/VerifyCsrfToken.php(75): Illuminate\\Routing\\Pipeline->Illuminate\\Routing\\{closure}(Object(Illuminate\\Http\\Request))
#20 /var/www/html/dainikShahtha/vendor/laravel/framework/src/Illuminate/Pipeline/Pipeline.php(163): Illuminate\\Foundation\\Http\\Middleware\\VerifyCsrfToken->handle(Object(Illuminate\\Http\\Request), Object(Closure))
#21 /var/www/html/dainikShahtha/vendor/laravel/framework/src/Illuminate/Routing/Pipeline.php(53): Illuminate\\Pipeline\\Pipeline->Illuminate\\Pipeline\\{closure}(Object(Illuminate\\Http\\Request))
#22 /var/www/html/dainikShahtha/vendor/laravel/framework/src/Illuminate/View/Middleware/ShareErrorsFromSession.php(49): Illuminate\\Routing\\Pipeline->Illuminate\\Routing\\{closure}(Object(Illuminate\\Http\\Request))
#23 /var/www/html/dainikShahtha/vendor/laravel/framework/src/Illuminate/Pipeline/Pipeline.php(163): Illuminate\\View\\Middleware\\ShareErrorsFromSession->handle(Object(Illuminate\\Http\\Request), Object(Closure))
#24 /var/www/html/dainikShahtha/vendor/laravel/framework/src/Illuminate/Routing/Pipeline.php(53): Illuminate\\Pipeline\\Pipeline->Illuminate\\Pipeline\\{closure}(Object(Illuminate\\Http\\Request))
#25 /var/www/html/dainikShahtha/vendor/laravel/framework/src/Illuminate/Session/Middleware/StartSession.php(63): Illuminate\\Routing\\Pipeline->Illuminate\\Routing\\{closure}(Object(Illuminate\\Http\\Request))
#26 /var/www/html/dainikShahtha/vendor/laravel/framework/src/Illuminate/Pipeline/Pipeline.php(163): Illuminate\\Session\\Middleware\\StartSession->handle(Object(Illuminate\\Http\\Request), Object(Closure))
#27 /var/www/html/dainikShahtha/vendor/laravel/framework/src/Illuminate/Routing/Pipeline.php(53): Illuminate\\Pipeline\\Pipeline->Illuminate\\Pipeline\\{closure}(Object(Illuminate\\Http\\Request))
#28 /var/www/html/dainikShahtha/vendor/laravel/framework/src/Illuminate/Cookie/Middleware/AddQueuedCookiesToResponse.php(37): Illuminate\\Routing\\Pipeline->Illuminate\\Routing\\{closure}(Object(Illuminate\\Http\\Request))
#29 /var/www/html/dainikShahtha/vendor/laravel/framework/src/Illuminate/Pipeline/Pipeline.php(163): Illuminate\\Cookie\\Middleware\\AddQueuedCookiesToResponse->handle(Object(Illuminate\\Http\\Request), Object(Closure))
#30 /var/www/html/dainikShahtha/vendor/laravel/framework/src/Illuminate/Routing/Pipeline.php(53): Illuminate\\Pipeline\\Pipeline->Illuminate\\Pipeline\\{closure}(Object(Illuminate\\Http\\Request))
#31 /var/www/html/dainikShahtha/vendor/laravel/framework/src/Illuminate/Cookie/Middleware/EncryptCookies.php(66): Illuminate\\Routing\\Pipeline->Illuminate\\Routing\\{closure}(Object(Illuminate\\Http\\Request))
#32 /var/www/html/dainikShahtha/vendor/laravel/framework/src/Illuminate/Pipeline/Pipeline.php(163): Illuminate\\Cookie\\Middleware\\EncryptCookies->handle(Object(Illuminate\\Http\\Request), Object(Closure))
#33 /var/www/html/dainikShahtha/vendor/laravel/framework/src/Illuminate/Routing/Pipeline.php(53): Illuminate\\Pipeline\\Pipeline->Illuminate\\Pipeline\\{closure}(Object(Illuminate\\Http\\Request))
#34 /var/www/html/dainikShahtha/vendor/laravel/framework/src/Illuminate/Pipeline/Pipeline.php(104): Illuminate\\Routing\\Pipeline->Illuminate\\Routing\\{closure}(Object(Illuminate\\Http\\Request))
#35 /var/www/html/dainikShahtha/vendor/laravel/framework/src/Illuminate/Routing/Router.php(684): Illuminate\\Pipeline\\Pipeline->then(Object(Closure))
#36 /var/www/html/dainikShahtha/vendor/laravel/framework/src/Illuminate/Routing/Router.php(659): Illuminate\\Routing\\Router->runRouteWithinStack(Object(Illuminate\\Routing\\Route), Object(Illuminate\\Http\\Request))
#37 /var/www/html/dainikShahtha/vendor/laravel/framework/src/Illuminate/Routing/Router.php(625): Illuminate\\Routing\\Router->runRoute(Object(Illuminate\\Http\\Request), Object(Illuminate\\Routing\\Route))
#38 /var/www/html/dainikShahtha/vendor/laravel/framework/src/Illuminate/Routing/Router.php(614): Illuminate\\Routing\\Router->dispatchToRoute(Object(Illuminate\\Http\\Request))
#39 /var/www/html/dainikShahtha/vendor/laravel/framework/src/Illuminate/Foundation/Http/Kernel.php(176): Illuminate\\Routing\\Router->dispatch(Object(Illuminate\\Http\\Request))
#40 /var/www/html/dainikShahtha/vendor/laravel/framework/src/Illuminate/Routing/Pipeline.php(30): Illuminate\\Foundation\\Http\\Kernel->Illuminate\\Foundation\\Http\\{closure}(Object(Illuminate\\Http\\Request))
#41 /var/www/html/dainikShahtha/vendor/barryvdh/laravel-debugbar/src/Middleware/InjectDebugbar.php(58): Illuminate\\Routing\\Pipeline->Illuminate\\Routing\\{closure}(Object(Illuminate\\Http\\Request))
#42 /var/www/html/dainikShahtha/vendor/laravel/framework/src/Illuminate/Pipeline/Pipeline.php(163): Barryvdh\\Debugbar\\Middleware\\InjectDebugbar->handle(Object(Illuminate\\Http\\Request), Object(Closure))
#43 /var/www/html/dainikShahtha/vendor/laravel/framework/src/Illuminate/Routing/Pipeline.php(53): Illuminate\\Pipeline\\Pipeline->Illuminate\\Pipeline\\{closure}(Object(Illuminate\\Http\\Request))
#44 /var/www/html/dainikShahtha/vendor/fideloper/proxy/src/TrustProxies.php(57): Illuminate\\Routing\\Pipeline->Illuminate\\Routing\\{closure}(Object(Illuminate\\Http\\Request))
#45 /var/www/html/dainikShahtha/vendor/laravel/framework/src/Illuminate/Pipeline/Pipeline.php(163): Fideloper\\Proxy\\TrustProxies->handle(Object(Illuminate\\Http\\Request), Object(Closure))
#46 /var/www/html/dainikShahtha/vendor/laravel/framework/src/Illuminate/Routing/Pipeline.php(53): Illuminate\\Pipeline\\Pipeline->Illuminate\\Pipeline\\{closure}(Object(Illuminate\\Http\\Request))
#47 /var/www/html/dainikShahtha/vendor/laravel/framework/src/Illuminate/Foundation/Http/Middleware/TransformsRequest.php(31): Illuminate\\Routing\\Pipeline->Illuminate\\Routing\\{closure}(Object(Illuminate\\Http\\Request))
#48 /var/www/html/dainikShahtha/vendor/laravel/framework/src/Illuminate/Pipeline/Pipeline.php(163): Illuminate\\Foundation\\Http\\Middleware\\TransformsRequest->handle(Object(Illuminate\\Http\\Request), Object(Closure))
#49 /var/www/html/dainikShahtha/vendor/laravel/framework/src/Illuminate/Routing/Pipeline.php(53): Illuminate\\Pipeline\\Pipeline->Illuminate\\Pipeline\\{closure}(Object(Illuminate\\Http\\Request))
#50 /var/www/html/dainikShahtha/vendor/laravel/framework/src/Illuminate/Foundation/Http/Middleware/TransformsRequest.php(31): Illuminate\\Routing\\Pipeline->Illuminate\\Routing\\{closure}(Object(Illuminate\\Http\\Request))
#51 /var/www/html/dainikShahtha/vendor/laravel/framework/src/Illuminate/Pipeline/Pipeline.php(163): Illuminate\\Foundation\\Http\\Middleware\\TransformsRequest->handle(Object(Illuminate\\Http\\Request), Object(Closure))
#52 /var/www/html/dainikShahtha/vendor/laravel/framework/src/Illuminate/Routing/Pipeline.php(53): Illuminate\\Pipeline\\Pipeline->Illuminate\\Pipeline\\{closure}(Object(Illuminate\\Http\\Request))
#53 /var/www/html/dainikShahtha/vendor/laravel/framework/src/Illuminate/Foundation/Http/Middleware/ValidatePostSize.php(27): Illuminate\\Routing\\Pipeline->Illuminate\\Routing\\{closure}(Object(Illuminate\\Http\\Request))
#54 /var/www/html/dainikShahtha/vendor/laravel/framework/src/Illuminate/Pipeline/Pipeline.php(163): Illuminate\\Foundation\\Http\\Middleware\\ValidatePostSize->handle(Object(Illuminate\\Http\\Request), Object(Closure))
#55 /var/www/html/dainikShahtha/vendor/laravel/framework/src/Illuminate/Routing/Pipeline.php(53): Illuminate\\Pipeline\\Pipeline->Illuminate\\Pipeline\\{closure}(Object(Illuminate\\Http\\Request))
#56 /var/www/html/dainikShahtha/vendor/laravel/framework/src/Illuminate/Foundation/Http/Middleware/CheckForMaintenanceMode.php(62): Illuminate\\Routing\\Pipeline->Illuminate\\Routing\\{closure}(Object(Illuminate\\Http\\Request))
#57 /var/www/html/dainikShahtha/vendor/laravel/framework/src/Illuminate/Pipeline/Pipeline.php(163): Illuminate\\Foundation\\Http\\Middleware\\CheckForMaintenanceMode->handle(Object(Illuminate\\Http\\Request), Object(Closure))
#58 /var/www/html/dainikShahtha/vendor/laravel/framework/src/Illuminate/Routing/Pipeline.php(53): Illuminate\\Pipeline\\Pipeline->Illuminate\\Pipeline\\{closure}(Object(Illuminate\\Http\\Request))
#59 /var/www/html/dainikShahtha/vendor/laravel/framework/src/Illuminate/Pipeline/Pipeline.php(104): Illuminate\\Routing\\Pipeline->Illuminate\\Routing\\{closure}(Object(Illuminate\\Http\\Request))
#60 /var/www/html/dainikShahtha/vendor/laravel/framework/src/Illuminate/Foundation/Http/Kernel.php(151): Illuminate\\Pipeline\\Pipeline->then(Object(Closure))
#61 /var/www/html/dainikShahtha/vendor/laravel/framework/src/Illuminate/Foundation/Http/Kernel.php(116): Illuminate\\Foundation\\Http\\Kernel->sendRequestThroughRouter(Object(Illuminate\\Http\\Request))
#62 /var/www/html/dainikShahtha/public/index.php(55): Illuminate\\Foundation\\Http\\Kernel->handle(Object(Illuminate\\Http\\Request))
#63 /var/www/html/dainikShahtha/server.php(21): require_once('/var/www/html/d...')
#64 {main}
"} 
[2026-03-27 06:44:38] local.ERROR: SQLSTATE[42S02]: Base table or view not found: 1146 Table 'news-portal.set_as' doesn't exist (SQL: select * from `set_as` where `set_as` in (lead_news_1, lead_news_2, lead_news_3) order by `set_as` asc) {"exception":"[object] (Illuminate\\Database\\QueryException(code: 42S02): SQLSTATE[42S02]: Base table or view not found: 1146 Table 'news-portal.set_as' doesn't exist (SQL: select * from `set_as` where `set_as` in (lead_news_1, lead_news_2, lead_news_3) order by `set_as` asc) at /var/www/html/dainikShahtha/vendor/laravel/framework/src/Illuminate/Database/Connection.php:664, PDOException(code: 42S02): SQLSTATE[42S02]: Base table or view not found: 1146 Table 'news-portal.set_as' doesn't exist at /var/www/html/dainikShahtha/vendor/laravel/framework/src/Illuminate/Database/Connection.php:326)
[stacktrace]
#0 /var/www/html/dainikShahtha/vendor/laravel/framework/src/Illuminate/Database/Connection.php(624): Illuminate\\Database\\Connection->runQueryCallback('select * from `...', Array, Object(Closure))
#1 /var/www/html/dainikShahtha/vendor/laravel/framework/src/Illuminate/Database/Connection.php(333): Illuminate\\Database\\Connection->run('select * from `...', Array, Object(Closure))
#2 /var/www/html/dainikShahtha/vendor/laravel/framework/src/Illuminate/Database/Query/Builder.php(2095): Illuminate\\Database\\Connection->select('select * from `...', Array, true)
#3 /var/www/html/dainikShahtha/vendor/laravel/framework/src/Illuminate/Database/Query/Builder.php(2083): Illuminate\\Database\\Query\\Builder->runSelect()
#4 /var/www/html/dainikShahtha/vendor/laravel/framework/src/Illuminate/Database/Query/Builder.php(2569): Illuminate\\Database\\Query\\Builder->Illuminate\\Database\\Query\\{closure}()
#5 /var/www/html/dainikShahtha/vendor/laravel/framework/src/Illuminate/Database/Query/Builder.php(2084): Illuminate\\Database\\Query\\Builder->onceWithColumns(Array, Object(Closure))
#6 /var/www/html/dainikShahtha/vendor/laravel/framework/src/Illuminate/Database/Eloquent/Builder.php(519): Illuminate\\Database\\Query\\Builder->get(Array)
#7 /var/www/html/dainikShahtha/vendor/laravel/framework/src/Illuminate/Database/Eloquent/Builder.php(503): Illuminate\\Database\\Eloquent\\Builder->getModels(Array)
#8 /var/www/html/dainikShahtha/app/Http/Controllers/sksController.php(24): Illuminate\\Database\\Eloquent\\Builder->get()
#9 [internal function]: App\\Http\\Controllers\\sksController->index()
#10 /var/www/html/dainikShahtha/vendor/laravel/framework/src/Illuminate/Routing/Controller.php(54): call_user_func_array(Array, Array)
#11 /var/www/html/dainikShahtha/vendor/laravel/framework/src/Illuminate/Routing/ControllerDispatcher.php(45): Illuminate\\Routing\\Controller->callAction('index', Array)
#12 /var/www/html/dainikShahtha/vendor/laravel/framework/src/Illuminate/Routing/Route.php(219): Illuminate\\Routing\\ControllerDispatcher->dispatch(Object(Illuminate\\Routing\\Route), Object(App\\Http\\Controllers\\sksController), 'index')
#13 /var/www/html/dainikShahtha/vendor/laravel/framework/src/Illuminate/Routing/Route.php(176): Illuminate\\Routing\\Route->runController()
#14 /var/www/html/dainikShahtha/vendor/laravel/framework/src/Illuminate/Routing/Router.php(682): Illuminate\\Routing\\Route->run()
#15 /var/www/html/dainikShahtha/vendor/laravel/framework/src/Illuminate/Routing/Pipeline.php(30): Illuminate\\Routing\\Router->Illuminate\\Routing\\{closure}(Object(Illuminate\\Http\\Request))
#16 /var/www/html/dainikShahtha/vendor/laravel/framework/src/Illuminate/Routing/Middleware/SubstituteBindings.php(41): Illuminate\\Routing\\Pipeline->Illuminate\\Routing\\{closure}(Object(Illuminate\\Http\\Request))
#17 /var/www/html/dainikShahtha/vendor/laravel/framework/src/Illuminate/Pipeline/Pipeline.php(163): Illuminate\\Routing\\Middleware\\SubstituteBindings->handle(Object(Illuminate\\Http\\Request), Object(Closure))
#18 /var/www/html/dainikShahtha/vendor/laravel/framework/src/Illuminate/Routing/Pipeline.php(53): Illuminate\\Pipeline\\Pipeline->Illuminate\\Pipeline\\{closure}(Object(Illuminate\\Http\\Request))
#19 /var/www/html/dainikShahtha/vendor/laravel/framework/src/Illuminate/Foundation/Http/Middleware/VerifyCsrfToken.php(75): Illuminate\\Routing\\Pipeline->Illuminate\\Routing\\{closure}(Object(Illuminate\\Http\\Request))
#20 /var/www/html/dainikShahtha/vendor/laravel/framework/src/Illuminate/Pipeline/Pipeline.php(163): Illuminate\\Foundation\\Http\\Middleware\\VerifyCsrfToken->handle(Object(Illuminate\\Http\\Request), Object(Closure))
#21 /var/www/html/dainikShahtha/vendor/laravel/framework/src/Illuminate/Routing/Pipeline.php(53): Illuminate\\Pipeline\\Pipeline->Illuminate\\Pipeline\\{closure}(Object(Illuminate\\Http\\Request))
#22 /var/www/html/dainikShahtha/vendor/laravel/framework/src/Illuminate/View/Middleware/ShareErrorsFromSession.php(49): Illuminate\\Routing\\Pipeline->Illuminate\\Routing\\{closure}(Object(Illuminate\\Http\\Request))
#23 /var/www/html/dainikShahtha/vendor/laravel/framework/src/Illuminate/Pipeline/Pipeline.php(163): Illuminate\\View\\Middleware\\ShareErrorsFromSession->handle(Object(Illuminate\\Http\\Request), Object(Closure))
#24 /var/www/html/dainikShahtha/vendor/laravel/framework/src/Illuminate/Routing/Pipeline.php(53): Illuminate\\Pipeline\\Pipeline->Illuminate\\Pipeline\\{closure}(Object(Illuminate\\Http\\Request))
#25 /var/www/html/dainikShahtha/vendor/laravel/framework/src/Illuminate/Session/Middleware/StartSession.php(63): Illuminate\\Routing\\Pipeline->Illuminate\\Routing\\{closure}(Object(Illuminate\\Http\\Request))
#26 /var/www/html/dainikShahtha/vendor/laravel/framework/src/Illuminate/Pipeline/Pipeline.php(163): Illuminate\\Session\\Middleware\\StartSession->handle(Object(Illuminate\\Http\\Request), Object(Closure))
#27 /var/www/html/dainikShahtha/vendor/laravel/framework/src/Illuminate/Routing/Pipeline.php(53): Illuminate\\Pipeline\\Pipeline->Illuminate\\Pipeline\\{closure}(Object(Illuminate\\Http\\Request))
#28 /var/www/html/dainikShahtha/vendor/laravel/framework/src/Illuminate/Cookie/Middleware/AddQueuedCookiesToResponse.php(37): Illuminate\\Routing\\Pipeline->Illuminate\\Routing\\{closure}(Object(Illuminate\\Http\\Request))
#29 /var/www/html/dainikShahtha/vendor/laravel/framework/src/Illuminate/Pipeline/Pipeline.php(163): Illuminate\\Cookie\\Middleware\\AddQueuedCookiesToResponse->handle(Object(Illuminate\\Http\\Request), Object(Closure))
#30 /var/www/html/dainikShahtha/vendor/laravel/framework/src/Illuminate/Routing/Pipeline.php(53): Illuminate\\Pipeline\\Pipeline->Illuminate\\Pipeline\\{closure}(Object(Illuminate\\Http\\Request))
#31 /var/www/html/dainikShahtha/vendor/laravel/framework/src/Illuminate/Cookie/Middleware/EncryptCookies.php(66): Illuminate\\Routing\\Pipeline->Illuminate\\Routing\\{closure}(Object(Illuminate\\Http\\Request))
#32 /var/www/html/dainikShahtha/vendor/laravel/framework/src/Illuminate/Pipeline/Pipeline.php(163): Illuminate\\Cookie\\Middleware\\EncryptCookies->handle(Object(Illuminate\\Http\\Request), Object(Closure))
#33 /var/www/html/dainikShahtha/vendor/laravel/framework/src/Illuminate/Routing/Pipeline.php(53): Illuminate\\Pipeline\\Pipeline->Illuminate\\Pipeline\\{closure}(Object(Illuminate\\Http\\Request))
#34 /var/www/html/dainikShahtha/vendor/laravel/framework/src/Illuminate/Pipeline/Pipeline.php(104): Illuminate\\Routing\\Pipeline->Illuminate\\Routing\\{closure}(Object(Illuminate\\Http\\Request))
#35 /var/www/html/dainikShahtha/vendor/laravel/framework/src/Illuminate/Routing/Router.php(684): Illuminate\\Pipeline\\Pipeline->then(Object(Closure))
#36 /var/www/html/dainikShahtha/vendor/laravel/framework/src/Illuminate/Routing/Router.php(659): Illuminate\\Routing\\Router->runRouteWithinStack(Object(Illuminate\\Routing\\Route), Object(Illuminate\\Http\\Request))
#37 /var/www/html/dainikShahtha/vendor/laravel/framework/src/Illuminate/Routing/Router.php(625): Illuminate\\Routing\\Router->runRoute(Object(Illuminate\\Http\\Request), Object(Illuminate\\Routing\\Route))
#38 /var/www/html/dainikShahtha/vendor/laravel/framework/src/Illuminate/Routing/Router.php(614): Illuminate\\Routing\\Router->dispatchToRoute(Object(Illuminate\\Http\\Request))
#39 /var/www/html/dainikShahtha/vendor/laravel/framework/src/Illuminate/Foundation/Http/Kernel.php(176): Illuminate\\Routing\\Router->dispatch(Object(Illuminate\\Http\\Request))
#40 /var/www/html/dainikShahtha/vendor/laravel/framework/src/Illuminate/Routing/Pipeline.php(30): Illuminate\\Foundation\\Http\\Kernel->Illuminate\\Foundation\\Http\\{closure}(Object(Illuminate\\Http\\Request))
#41 /var/www/html/dainikShahtha/vendor/barryvdh/laravel-debugbar/src/Middleware/InjectDebugbar.php(58): Illuminate\\Routing\\Pipeline->Illuminate\\Routing\\{closure}(Object(Illuminate\\Http\\Request))
#42 /var/www/html/dainikShahtha/vendor/laravel/framework/src/Illuminate/Pipeline/Pipeline.php(163): Barryvdh\\Debugbar\\Middleware\\InjectDebugbar->handle(Object(Illuminate\\Http\\Request), Object(Closure))
#43 /var/www/html/dainikShahtha/vendor/laravel/framework/src/Illuminate/Routing/Pipeline.php(53): Illuminate\\Pipeline\\Pipeline->Illuminate\\Pipeline\\{closure}(Object(Illuminate\\Http\\Request))
#44 /var/www/html/dainikShahtha/vendor/fideloper/proxy/src/TrustProxies.php(57): Illuminate\\Routing\\Pipeline->Illuminate\\Routing\\{closure}(Object(Illuminate\\Http\\Request))
#45 /var/www/html/dainikShahtha/vendor/laravel/framework/src/Illuminate/Pipeline/Pipeline.php(163): Fideloper\\Proxy\\TrustProxies->handle(Object(Illuminate\\Http\\Request), Object(Closure))
#46 /var/www/html/dainikShahtha/vendor/laravel/framework/src/Illuminate/Routing/Pipeline.php(53): Illuminate\\Pipeline\\Pipeline->Illuminate\\Pipeline\\{closure}(Object(Illuminate\\Http\\Request))
#47 /var/www/html/dainikShahtha/vendor/laravel/framework/src/Illuminate/Foundation/Http/Middleware/TransformsRequest.php(31): Illuminate\\Routing\\Pipeline->Illuminate\\Routing\\{closure}(Object(Illuminate\\Http\\Request))
#48 /var/www/html/dainikShahtha/vendor/laravel/framework/src/Illuminate/Pipeline/Pipeline.php(163): Illuminate\\Foundation\\Http\\Middleware\\TransformsRequest->handle(Object(Illuminate\\Http\\Request), Object(Closure))
#49 /var/www/html/dainikShahtha/vendor/laravel/framework/src/Illuminate/Routing/Pipeline.php(53): Illuminate\\Pipeline\\Pipeline->Illuminate\\Pipeline\\{closure}(Object(Illuminate\\Http\\Request))
#50 /var/www/html/dainikShahtha/vendor/laravel/framework/src/Illuminate/Foundation/Http/Middleware/TransformsRequest.php(31): Illuminate\\Routing\\Pipeline->Illuminate\\Routing\\{closure}(Object(Illuminate\\Http\\Request))
#51 /var/www/html/dainikShahtha/vendor/laravel/framework/src/Illuminate/Pipeline/Pipeline.php(163): Illuminate\\Foundation\\Http\\Middleware\\TransformsRequest->handle(Object(Illuminate\\Http\\Request), Object(Closure))
#52 /var/www/html/dainikShahtha/vendor/laravel/framework/src/Illuminate/Routing/Pipeline.php(53): Illuminate\\Pipeline\\Pipeline->Illuminate\\Pipeline\\{closure}(Object(Illuminate\\Http\\Request))
#53 /var/www/html/dainikShahtha/vendor/laravel/framework/src/Illuminate/Foundation/Http/Middleware/ValidatePostSize.php(27): Illuminate\\Routing\\Pipeline->Illuminate\\Routing\\{closure}(Object(Illuminate\\Http\\Request))
#54 /var/www/html/dainikShahtha/vendor/laravel/framework/src/Illuminate/Pipeline/Pipeline.php(163): Illuminate\\Foundation\\Http\\Middleware\\ValidatePostSize->handle(Object(Illuminate\\Http\\Request), Object(Closure))
#55 /var/www/html/dainikShahtha/vendor/laravel/framework/src/Illuminate/Routing/Pipeline.php(53): Illuminate\\Pipeline\\Pipeline->Illuminate\\Pipeline\\{closure}(Object(Illuminate\\Http\\Request))
#56 /var/www/html/dainikShahtha/vendor/laravel/framework/src/Illuminate/Foundation/Http/Middleware/CheckForMaintenanceMode.php(62): Illuminate\\Routing\\Pipeline->Illuminate\\Routing\\{closure}(Object(Illuminate\\Http\\Request))
#57 /var/www/html/dainikShahtha/vendor/laravel/framework/src/Illuminate/Pipeline/Pipeline.php(163): Illuminate\\Foundation\\Http\\Middleware\\CheckForMaintenanceMode->handle(Object(Illuminate\\Http\\Request), Object(Closure))
#58 /var/www/html/dainikShahtha/vendor/laravel/framework/src/Illuminate/Routing/Pipeline.php(53): Illuminate\\Pipeline\\Pipeline->Illuminate\\Pipeline\\{closure}(Object(Illuminate\\Http\\Request))
#59 /var/www/html/dainikShahtha/vendor/laravel/framework/src/Illuminate/Pipeline/Pipeline.php(104): Illuminate\\Routing\\Pipeline->Illuminate\\Routing\\{closure}(Object(Illuminate\\Http\\Request))
#60 /var/www/html/dainikShahtha/vendor/laravel/framework/src/Illuminate/Foundation/Http/Kernel.php(151): Illuminate\\Pipeline\\Pipeline->then(Object(Closure))
#61 /var/www/html/dainikShahtha/vendor/laravel/framework/src/Illuminate/Foundation/Http/Kernel.php(116): Illuminate\\Foundation\\Http\\Kernel->sendRequestThroughRouter(Object(Illuminate\\Http\\Request))
#62 /var/www/html/dainikShahtha/public/index.php(55): Illuminate\\Foundation\\Http\\Kernel->handle(Object(Illuminate\\Http\\Request))
#63 /var/www/html/dainikShahtha/server.php(21): require_once('/var/www/html/d...')
#64 {main}
"} 
[2026-03-27 06:45:13] local.ERROR: Class UsersTableSeeder does not exist {"exception":"[object] (ReflectionException(code: -1): Class UsersTableSeeder does not exist at /var/www/html/dainikShahtha/vendor/laravel/framework/src/Illuminate/Container/Container.php:779)
[stacktrace]
#0 /var/www/html/dainikShahtha/vendor/laravel/framework/src/Illuminate/Container/Container.php(779): ReflectionClass->__construct('UsersTableSeede...')
#1 /var/www/html/dainikShahtha/vendor/laravel/framework/src/Illuminate/Container/Container.php(658): Illuminate\\Container\\Container->build('UsersTableSeede...')
#2 /var/www/html/dainikShahtha/vendor/laravel/framework/src/Illuminate/Container/Container.php(609): Illuminate\\Container\\Container->resolve('UsersTableSeede...', Array)
#3 /var/www/html/dainikShahtha/vendor/laravel/framework/src/Illuminate/Foundation/Application.php(759): Illuminate\\Container\\Container->make('UsersTableSeede...', Array)
#4 /var/www/html/dainikShahtha/vendor/laravel/framework/src/Illuminate/Database/Seeder.php(68): Illuminate\\Foundation\\Application->make('UsersTableSeede...')
#5 /var/www/html/dainikShahtha/vendor/laravel/framework/src/Illuminate/Database/Seeder.php(42): Illuminate\\Database\\Seeder->resolve('UsersTableSeede...')
#6 /var/www/html/dainikShahtha/database/seeds/DatabaseSeeder.php(14): Illuminate\\Database\\Seeder->call('UsersTableSeede...')
#7 [internal function]: DatabaseSeeder->run()
#8 /var/www/html/dainikShahtha/vendor/laravel/framework/src/Illuminate/Container/BoundMethod.php(29): call_user_func_array(Array, Array)
#9 /var/www/html/dainikShahtha/vendor/laravel/framework/src/Illuminate/Container/BoundMethod.php(87): Illuminate\\Container\\BoundMethod::Illuminate\\Container\\{closure}()
#10 /var/www/html/dainikShahtha/vendor/laravel/framework/src/Illuminate/Container/BoundMethod.php(31): Illuminate\\Container\\BoundMethod::callBoundMethod(Object(Illuminate\\Foundation\\Application), Array, Object(Closure))
#11 /var/www/html/dainikShahtha/vendor/laravel/framework/src/Illuminate/Container/Container.php(572): Illuminate\\Container\\BoundMethod::call(Object(Illuminate\\Foundation\\Application), Array, Array, NULL)
#12 /var/www/html/dainikShahtha/vendor/laravel/framework/src/Illuminate/Database/Seeder.php(122): Illuminate\\Container\\Container->call(Array)
#13 /var/www/html/dainikShahtha/vendor/laravel/framework/src/Illuminate/Database/Console/Seeds/SeedCommand.php(63): Illuminate\\Database\\Seeder->__invoke()
#14 /var/www/html/dainikShahtha/vendor/laravel/framework/src/Illuminate/Database/Eloquent/Concerns/GuardsAttributes.php(122): Illuminate\\Database\\Console\\Seeds\\SeedCommand->Illuminate\\Database\\Console\\Seeds\\{closure}()
#15 /var/www/html/dainikShahtha/vendor/laravel/framework/src/Illuminate/Database/Console/Seeds/SeedCommand.php(64): Illuminate\\Database\\Eloquent\\Model::unguarded(Object(Closure))
#16 [internal function]: Illuminate\\Database\\Console\\Seeds\\SeedCommand->handle()
#17 /var/www/html/dainikShahtha/vendor/laravel/framework/src/Illuminate/Container/BoundMethod.php(29): call_user_func_array(Array, Array)
#18 /var/www/html/dainikShahtha/vendor/laravel/framework/src/Illuminate/Container/BoundMethod.php(87): Illuminate\\Container\\BoundMethod::Illuminate\\Container\\{closure}()
#19 /var/www/html/dainikShahtha/vendor/laravel/framework/src/Illuminate/Container/BoundMethod.php(31): Illuminate\\Container\\BoundMethod::callBoundMethod(Object(Illuminate\\Foundation\\Application), Array, Object(Closure))
#20 /var/www/html/dainikShahtha/vendor/laravel/framework/src/Illuminate/Container/Container.php(572): Illuminate\\Container\\BoundMethod::call(Object(Illuminate\\Foundation\\Application), Array, Array, NULL)
#21 /var/www/html/dainikShahtha/vendor/laravel/framework/src/Illuminate/Console/Command.php(183): Illuminate\\Container\\Container->call(Array)
#22 /var/www/html/dainikShahtha/vendor/symfony/console/Command/Command.php(255): Illuminate\\Console\\Command->execute(Object(Symfony\\Component\\Console\\Input\\ArrayInput), Object(Illuminate\\Console\\OutputStyle))
#23 /var/www/html/dainikShahtha/vendor/laravel/framework/src/Illuminate/Console/Command.php(170): Symfony\\Component\\Console\\Command\\Command->run(Object(Symfony\\Component\\Console\\Input\\ArrayInput), Object(Illuminate\\Console\\OutputStyle))
#24 /var/www/html/dainikShahtha/vendor/laravel/framework/src/Illuminate/Console/Command.php(198): Illuminate\\Console\\Command->run(Object(Symfony\\Component\\Console\\Input\\ArrayInput), Object(Illuminate\\Console\\OutputStyle))
#25 /var/www/html/dainikShahtha/vendor/laravel/framework/src/Illuminate/Database/Console/Migrations/FreshCommand.php(108): Illuminate\\Console\\Command->call('db:seed', Array)
#26 /var/www/html/dainikShahtha/vendor/laravel/framework/src/Illuminate/Database/Console/Migrations/FreshCommand.php(59): Illuminate\\Database\\Console\\Migrations\\FreshCommand->runSeeder(NULL)
#27 [internal function]: Illuminate\\Database\\Console\\Migrations\\FreshCommand->handle()
#28 /var/www/html/dainikShahtha/vendor/laravel/framework/src/Illuminate/Container/BoundMethod.php(29): call_user_func_array(Array, Array)
#29 /var/www/html/dainikShahtha/vendor/laravel/framework/src/Illuminate/Container/BoundMethod.php(87): Illuminate\\Container\\BoundMethod::Illuminate\\Container\\{closure}()
#30 /var/www/html/dainikShahtha/vendor/laravel/framework/src/Illuminate/Container/BoundMethod.php(31): Illuminate\\Container\\BoundMethod::callBoundMethod(Object(Illuminate\\Foundation\\Application), Array, Object(Closure))
#31 /var/www/html/dainikShahtha/vendor/laravel/framework/src/Illuminate/Container/Container.php(572): Illuminate\\Container\\BoundMethod::call(Object(Illuminate\\Foundation\\Application), Array, Array, NULL)
#32 /var/www/html/dainikShahtha/vendor/laravel/framework/src/Illuminate/Console/Command.php(183): Illuminate\\Container\\Container->call(Array)
#33 /var/www/html/dainikShahtha/vendor/symfony/console/Command/Command.php(255): Illuminate\\Console\\Command->execute(Object(Symfony\\Component\\Console\\Input\\ArgvInput), Object(Illuminate\\Console\\OutputStyle))
#34 /var/www/html/dainikShahtha/vendor/laravel/framework/src/Illuminate/Console/Command.php(170): Symfony\\Component\\Console\\Command\\Command->run(Object(Symfony\\Component\\Console\\Input\\ArgvInput), Object(Illuminate\\Console\\OutputStyle))
#35 /var/www/html/dainikShahtha/vendor/symfony/console/Application.php(1021): Illuminate\\Console\\Command->run(Object(Symfony\\Component\\Console\\Input\\ArgvInput), Object(Symfony\\Component\\Console\\Output\\ConsoleOutput))
#36 /var/www/html/dainikShahtha/vendor/symfony/console/Application.php(275): Symfony\\Component\\Console\\Application->doRunCommand(Object(Illuminate\\Database\\Console\\Migrations\\FreshCommand), Object(Symfony\\Component\\Console\\Input\\ArgvInput), Object(Symfony\\Component\\Console\\Output\\ConsoleOutput))
#37 /var/www/html/dainikShahtha/vendor/symfony/console/Application.php(149): Symfony\\Component\\Console\\Application->doRun(Object(Symfony\\Component\\Console\\Input\\ArgvInput), Object(Symfony\\Component\\Console\\Output\\ConsoleOutput))
#38 /var/www/html/dainikShahtha/vendor/laravel/framework/src/Illuminate/Console/Application.php(89): Symfony\\Component\\Console\\Application->run(Object(Symfony\\Component\\Console\\Input\\ArgvInput), Object(Symfony\\Component\\Console\\Output\\ConsoleOutput))
#39 /var/www/html/dainikShahtha/vendor/laravel/framework/src/Illuminate/Foundation/Console/Kernel.php(122): Illuminate\\Console\\Application->run(Object(Symfony\\Component\\Console\\Input\\ArgvInput), Object(Symfony\\Component\\Console\\Output\\ConsoleOutput))
#40 /var/www/html/dainikShahtha/artisan(37): Illuminate\\Foundation\\Console\\Kernel->handle(Object(Symfony\\Component\\Console\\Input\\ArgvInput), Object(Symfony\\Component\\Console\\Output\\ConsoleOutput))
#41 {main}
"} 
[2026-03-27 06:46:56] local.ERROR: Class UsersTableSeeder does not exist {"exception":"[object] (ReflectionException(code: -1): Class UsersTableSeeder does not exist at /var/www/html/dainikShahtha/vendor/laravel/framework/src/Illuminate/Container/Container.php:779)
[stacktrace]
#0 /var/www/html/dainikShahtha/vendor/laravel/framework/src/Illuminate/Container/Container.php(779): ReflectionClass->__construct('UsersTableSeede...')
#1 /var/www/html/dainikShahtha/vendor/laravel/framework/src/Illuminate/Container/Container.php(658): Illuminate\\Container\\Container->build('UsersTableSeede...')
#2 /var/www/html/dainikShahtha/vendor/laravel/framework/src/Illuminate/Container/Container.php(609): Illuminate\\Container\\Container->resolve('UsersTableSeede...', Array)
#3 /var/www/html/dainikShahtha/vendor/laravel/framework/src/Illuminate/Foundation/Application.php(759): Illuminate\\Container\\Container->make('UsersTableSeede...', Array)
#4 /var/www/html/dainikShahtha/vendor/laravel/framework/src/Illuminate/Database/Seeder.php(68): Illuminate\\Foundation\\Application->make('UsersTableSeede...')
#5 /var/www/html/dainikShahtha/vendor/laravel/framework/src/Illuminate/Database/Seeder.php(42): Illuminate\\Database\\Seeder->resolve('UsersTableSeede...')
#6 /var/www/html/dainikShahtha/database/seeds/DatabaseSeeder.php(14): Illuminate\\Database\\Seeder->call('UsersTableSeede...')
#7 [internal function]: DatabaseSeeder->run()
#8 /var/www/html/dainikShahtha/vendor/laravel/framework/src/Illuminate/Container/BoundMethod.php(29): call_user_func_array(Array, Array)
#9 /var/www/html/dainikShahtha/vendor/laravel/framework/src/Illuminate/Container/BoundMethod.php(87): Illuminate\\Container\\BoundMethod::Illuminate\\Container\\{closure}()
#10 /var/www/html/dainikShahtha/vendor/laravel/framework/src/Illuminate/Container/BoundMethod.php(31): Illuminate\\Container\\BoundMethod::callBoundMethod(Object(Illuminate\\Foundation\\Application), Array, Object(Closure))
#11 /var/www/html/dainikShahtha/vendor/laravel/framework/src/Illuminate/Container/Container.php(572): Illuminate\\Container\\BoundMethod::call(Object(Illuminate\\Foundation\\Application), Array, Array, NULL)
#12 /var/www/html/dainikShahtha/vendor/laravel/framework/src/Illuminate/Database/Seeder.php(122): Illuminate\\Container\\Container->call(Array)
#13 /var/www/html/dainikShahtha/vendor/laravel/framework/src/Illuminate/Database/Console/Seeds/SeedCommand.php(63): Illuminate\\Database\\Seeder->__invoke()
#14 /var/www/html/dainikShahtha/vendor/laravel/framework/src/Illuminate/Database/Eloquent/Concerns/GuardsAttributes.php(122): Illuminate\\Database\\Console\\Seeds\\SeedCommand->Illuminate\\Database\\Console\\Seeds\\{closure}()
#15 /var/www/html/dainikShahtha/vendor/laravel/framework/src/Illuminate/Database/Console/Seeds/SeedCommand.php(64): Illuminate\\Database\\Eloquent\\Model::unguarded(Object(Closure))
#16 [internal function]: Illuminate\\Database\\Console\\Seeds\\SeedCommand->handle()
#17 /var/www/html/dainikShahtha/vendor/laravel/framework/src/Illuminate/Container/BoundMethod.php(29): call_user_func_array(Array, Array)
#18 /var/www/html/dainikShahtha/vendor/laravel/framework/src/Illuminate/Container/BoundMethod.php(87): Illuminate\\Container\\BoundMethod::Illuminate\\Container\\{closure}()
#19 /var/www/html/dainikShahtha/vendor/laravel/framework/src/Illuminate/Container/BoundMethod.php(31): Illuminate\\Container\\BoundMethod::callBoundMethod(Object(Illuminate\\Foundation\\Application), Array, Object(Closure))
#20 /var/www/html/dainikShahtha/vendor/laravel/framework/src/Illuminate/Container/Container.php(572): Illuminate\\Container\\BoundMethod::call(Object(Illuminate\\Foundation\\Application), Array, Array, NULL)
#21 /var/www/html/dainikShahtha/vendor/laravel/framework/src/Illuminate/Console/Command.php(183): Illuminate\\Container\\Container->call(Array)
#22 /var/www/html/dainikShahtha/vendor/symfony/console/Command/Command.php(255): Illuminate\\Console\\Command->execute(Object(Symfony\\Component\\Console\\Input\\ArgvInput), Object(Illuminate\\Console\\OutputStyle))
#23 /var/www/html/dainikShahtha/vendor/laravel/framework/src/Illuminate/Console/Command.php(170): Symfony\\Component\\Console\\Command\\Command->run(Object(Symfony\\Component\\Console\\Input\\ArgvInput), Object(Illuminate\\Console\\OutputStyle))
#24 /var/www/html/dainikShahtha/vendor/symfony/console/Application.php(1021): Illuminate\\Console\\Command->run(Object(Symfony\\Component\\Console\\Input\\ArgvInput), Object(Symfony\\Component\\Console\\Output\\ConsoleOutput))
#25 /var/www/html/dainikShahtha/vendor/symfony/console/Application.php(275): Symfony\\Component\\Console\\Application->doRunCommand(Object(Illuminate\\Database\\Console\\Seeds\\SeedCommand), Object(Symfony\\Component\\Console\\Input\\ArgvInput), Object(Symfony\\Component\\Console\\Output\\ConsoleOutput))
#26 /var/www/html/dainikShahtha/vendor/symfony/console/Application.php(149): Symfony\\Component\\Console\\Application->doRun(Object(Symfony\\Component\\Console\\Input\\ArgvInput), Object(Symfony\\Component\\Console\\Output\\ConsoleOutput))
#27 /var/www/html/dainikShahtha/vendor/laravel/framework/src/Illuminate/Console/Application.php(89): Symfony\\Component\\Console\\Application->run(Object(Symfony\\Component\\Console\\Input\\ArgvInput), Object(Symfony\\Component\\Console\\Output\\ConsoleOutput))
#28 /var/www/html/dainikShahtha/vendor/laravel/framework/src/Illuminate/Foundation/Console/Kernel.php(122): Illuminate\\Console\\Application->run(Object(Symfony\\Component\\Console\\Input\\ArgvInput), Object(Symfony\\Component\\Console\\Output\\ConsoleOutput))
#29 /var/www/html/dainikShahtha/artisan(37): Illuminate\\Foundation\\Console\\Kernel->handle(Object(Symfony\\Component\\Console\\Input\\ArgvInput), Object(Symfony\\Component\\Console\\Output\\ConsoleOutput))
#30 {main}
"} 
[2026-03-27 06:50:33] local.ERROR: SQLSTATE[42S02]: Base table or view not found: 1146 Table 'news-portal.set_as' doesn't exist (SQL: select * from `set_as` where `set_as` in (lead_news_1, lead_news_2, lead_news_3) order by `set_as` asc) {"exception":"[object] (Illuminate\\Database\\QueryException(code: 42S02): SQLSTATE[42S02]: Base table or view not found: 1146 Table 'news-portal.set_as' doesn't exist (SQL: select * from `set_as` where `set_as` in (lead_news_1, lead_news_2, lead_news_3) order by `set_as` asc) at /var/www/html/dainikShahtha/vendor/laravel/framework/src/Illuminate/Database/Connection.php:664, PDOException(code: 42S02): SQLSTATE[42S02]: Base table or view not found: 1146 Table 'news-portal.set_as' doesn't exist at /var/www/html/dainikShahtha/vendor/laravel/framework/src/Illuminate/Database/Connection.php:326)
[stacktrace]
#0 /var/www/html/dainikShahtha/vendor/laravel/framework/src/Illuminate/Database/Connection.php(624): Illuminate\\Database\\Connection->runQueryCallback('select * from `...', Array, Object(Closure))
#1 /var/www/html/dainikShahtha/vendor/laravel/framework/src/Illuminate/Database/Connection.php(333): Illuminate\\Database\\Connection->run('select * from `...', Array, Object(Closure))
#2 /var/www/html/dainikShahtha/vendor/laravel/framework/src/Illuminate/Database/Query/Builder.php(2095): Illuminate\\Database\\Connection->select('select * from `...', Array, true)
#3 /var/www/html/dainikShahtha/vendor/laravel/framework/src/Illuminate/Database/Query/Builder.php(2083): Illuminate\\Database\\Query\\Builder->runSelect()
#4 /var/www/html/dainikShahtha/vendor/laravel/framework/src/Illuminate/Database/Query/Builder.php(2569): Illuminate\\Database\\Query\\Builder->Illuminate\\Database\\Query\\{closure}()
#5 /var/www/html/dainikShahtha/vendor/laravel/framework/src/Illuminate/Database/Query/Builder.php(2084): Illuminate\\Database\\Query\\Builder->onceWithColumns(Array, Object(Closure))
#6 /var/www/html/dainikShahtha/vendor/laravel/framework/src/Illuminate/Database/Eloquent/Builder.php(519): Illuminate\\Database\\Query\\Builder->get(Array)
#7 /var/www/html/dainikShahtha/vendor/laravel/framework/src/Illuminate/Database/Eloquent/Builder.php(503): Illuminate\\Database\\Eloquent\\Builder->getModels(Array)
#8 /var/www/html/dainikShahtha/app/Http/Controllers/sksController.php(24): Illuminate\\Database\\Eloquent\\Builder->get()
#9 [internal function]: App\\Http\\Controllers\\sksController->index()
#10 /var/www/html/dainikShahtha/vendor/laravel/framework/src/Illuminate/Routing/Controller.php(54): call_user_func_array(Array, Array)
#11 /var/www/html/dainikShahtha/vendor/laravel/framework/src/Illuminate/Routing/ControllerDispatcher.php(45): Illuminate\\Routing\\Controller->callAction('index', Array)
#12 /var/www/html/dainikShahtha/vendor/laravel/framework/src/Illuminate/Routing/Route.php(219): Illuminate\\Routing\\ControllerDispatcher->dispatch(Object(Illuminate\\Routing\\Route), Object(App\\Http\\Controllers\\sksController), 'index')
#13 /var/www/html/dainikShahtha/vendor/laravel/framework/src/Illuminate/Routing/Route.php(176): Illuminate\\Routing\\Route->runController()
#14 /var/www/html/dainikShahtha/vendor/laravel/framework/src/Illuminate/Routing/Router.php(682): Illuminate\\Routing\\Route->run()
#15 /var/www/html/dainikShahtha/vendor/laravel/framework/src/Illuminate/Routing/Pipeline.php(30): Illuminate\\Routing\\Router->Illuminate\\Routing\\{closure}(Object(Illuminate\\Http\\Request))
#16 /var/www/html/dainikShahtha/vendor/laravel/framework/src/Illuminate/Routing/Middleware/SubstituteBindings.php(41): Illuminate\\Routing\\Pipeline->Illuminate\\Routing\\{closure}(Object(Illuminate\\Http\\Request))
#17 /var/www/html/dainikShahtha/vendor/laravel/framework/src/Illuminate/Pipeline/Pipeline.php(163): Illuminate\\Routing\\Middleware\\SubstituteBindings->handle(Object(Illuminate\\Http\\Request), Object(Closure))
#18 /var/www/html/dainikShahtha/vendor/laravel/framework/src/Illuminate/Routing/Pipeline.php(53): Illuminate\\Pipeline\\Pipeline->Illuminate\\Pipeline\\{closure}(Object(Illuminate\\Http\\Request))
#19 /var/www/html/dainikShahtha/vendor/laravel/framework/src/Illuminate/Foundation/Http/Middleware/VerifyCsrfToken.php(75): Illuminate\\Routing\\Pipeline->Illuminate\\Routing\\{closure}(Object(Illuminate\\Http\\Request))
#20 /var/www/html/dainikShahtha/vendor/laravel/framework/src/Illuminate/Pipeline/Pipeline.php(163): Illuminate\\Foundation\\Http\\Middleware\\VerifyCsrfToken->handle(Object(Illuminate\\Http\\Request), Object(Closure))
#21 /var/www/html/dainikShahtha/vendor/laravel/framework/src/Illuminate/Routing/Pipeline.php(53): Illuminate\\Pipeline\\Pipeline->Illuminate\\Pipeline\\{closure}(Object(Illuminate\\Http\\Request))
#22 /var/www/html/dainikShahtha/vendor/laravel/framework/src/Illuminate/View/Middleware/ShareErrorsFromSession.php(49): Illuminate\\Routing\\Pipeline->Illuminate\\Routing\\{closure}(Object(Illuminate\\Http\\Request))
#23 /var/www/html/dainikShahtha/vendor/laravel/framework/src/Illuminate/Pipeline/Pipeline.php(163): Illuminate\\View\\Middleware\\ShareErrorsFromSession->handle(Object(Illuminate\\Http\\Request), Object(Closure))
#24 /var/www/html/dainikShahtha/vendor/laravel/framework/src/Illuminate/Routing/Pipeline.php(53): Illuminate\\Pipeline\\Pipeline->Illuminate\\Pipeline\\{closure}(Object(Illuminate\\Http\\Request))
#25 /var/www/html/dainikShahtha/vendor/laravel/framework/src/Illuminate/Session/Middleware/StartSession.php(63): Illuminate\\Routing\\Pipeline->Illuminate\\Routing\\{closure}(Object(Illuminate\\Http\\Request))
#26 /var/www/html/dainikShahtha/vendor/laravel/framework/src/Illuminate/Pipeline/Pipeline.php(163): Illuminate\\Session\\Middleware\\StartSession->handle(Object(Illuminate\\Http\\Request), Object(Closure))
#27 /var/www/html/dainikShahtha/vendor/laravel/framework/src/Illuminate/Routing/Pipeline.php(53): Illuminate\\Pipeline\\Pipeline->Illuminate\\Pipeline\\{closure}(Object(Illuminate\\Http\\Request))
#28 /var/www/html/dainikShahtha/vendor/laravel/framework/src/Illuminate/Cookie/Middleware/AddQueuedCookiesToResponse.php(37): Illuminate\\Routing\\Pipeline->Illuminate\\Routing\\{closure}(Object(Illuminate\\Http\\Request))
#29 /var/www/html/dainikShahtha/vendor/laravel/framework/src/Illuminate/Pipeline/Pipeline.php(163): Illuminate\\Cookie\\Middleware\\AddQueuedCookiesToResponse->handle(Object(Illuminate\\Http\\Request), Object(Closure))
#30 /var/www/html/dainikShahtha/vendor/laravel/framework/src/Illuminate/Routing/Pipeline.php(53): Illuminate\\Pipeline\\Pipeline->Illuminate\\Pipeline\\{closure}(Object(Illuminate\\Http\\Request))
#31 /var/www/html/dainikShahtha/vendor/laravel/framework/src/Illuminate/Cookie/Middleware/EncryptCookies.php(66): Illuminate\\Routing\\Pipeline->Illuminate\\Routing\\{closure}(Object(Illuminate\\Http\\Request))
#32 /var/www/html/dainikShahtha/vendor/laravel/framework/src/Illuminate/Pipeline/Pipeline.php(163): Illuminate\\Cookie\\Middleware\\EncryptCookies->handle(Object(Illuminate\\Http\\Request), Object(Closure))
#33 /var/www/html/dainikShahtha/vendor/laravel/framework/src/Illuminate/Routing/Pipeline.php(53): Illuminate\\Pipeline\\Pipeline->Illuminate\\Pipeline\\{closure}(Object(Illuminate\\Http\\Request))
#34 /var/www/html/dainikShahtha/vendor/laravel/framework/src/Illuminate/Pipeline/Pipeline.php(104): Illuminate\\Routing\\Pipeline->Illuminate\\Routing\\{closure}(Object(Illuminate\\Http\\Request))
#35 /var/www/html/dainikShahtha/vendor/laravel/framework/src/Illuminate/Routing/Router.php(684): Illuminate\\Pipeline\\Pipeline->then(Object(Closure))
#36 /var/www/html/dainikShahtha/vendor/laravel/framework/src/Illuminate/Routing/Router.php(659): Illuminate\\Routing\\Router->runRouteWithinStack(Object(Illuminate\\Routing\\Route), Object(Illuminate\\Http\\Request))
#37 /var/www/html/dainikShahtha/vendor/laravel/framework/src/Illuminate/Routing/Router.php(625): Illuminate\\Routing\\Router->runRoute(Object(Illuminate\\Http\\Request), Object(Illuminate\\Routing\\Route))
#38 /var/www/html/dainikShahtha/vendor/laravel/framework/src/Illuminate/Routing/Router.php(614): Illuminate\\Routing\\Router->dispatchToRoute(Object(Illuminate\\Http\\Request))
#39 /var/www/html/dainikShahtha/vendor/laravel/framework/src/Illuminate/Foundation/Http/Kernel.php(176): Illuminate\\Routing\\Router->dispatch(Object(Illuminate\\Http\\Request))
#40 /var/www/html/dainikShahtha/vendor/laravel/framework/src/Illuminate/Routing/Pipeline.php(30): Illuminate\\Foundation\\Http\\Kernel->Illuminate\\Foundation\\Http\\{closure}(Object(Illuminate\\Http\\Request))
#41 /var/www/html/dainikShahtha/vendor/barryvdh/laravel-debugbar/src/Middleware/InjectDebugbar.php(58): Illuminate\\Routing\\Pipeline->Illuminate\\Routing\\{closure}(Object(Illuminate\\Http\\Request))
#42 /var/www/html/dainikShahtha/vendor/laravel/framework/src/Illuminate/Pipeline/Pipeline.php(163): Barryvdh\\Debugbar\\Middleware\\InjectDebugbar->handle(Object(Illuminate\\Http\\Request), Object(Closure))
#43 /var/www/html/dainikShahtha/vendor/laravel/framework/src/Illuminate/Routing/Pipeline.php(53): Illuminate\\Pipeline\\Pipeline->Illuminate\\Pipeline\\{closure}(Object(Illuminate\\Http\\Request))
#44 /var/www/html/dainikShahtha/vendor/fideloper/proxy/src/TrustProxies.php(57): Illuminate\\Routing\\Pipeline->Illuminate\\Routing\\{closure}(Object(Illuminate\\Http\\Request))
#45 /var/www/html/dainikShahtha/vendor/laravel/framework/src/Illuminate/Pipeline/Pipeline.php(163): Fideloper\\Proxy\\TrustProxies->handle(Object(Illuminate\\Http\\Request), Object(Closure))
#46 /var/www/html/dainikShahtha/vendor/laravel/framework/src/Illuminate/Routing/Pipeline.php(53): Illuminate\\Pipeline\\Pipeline->Illuminate\\Pipeline\\{closure}(Object(Illuminate\\Http\\Request))
#47 /var/www/html/dainikShahtha/vendor/laravel/framework/src/Illuminate/Foundation/Http/Middleware/TransformsRequest.php(31): Illuminate\\Routing\\Pipeline->Illuminate\\Routing\\{closure}(Object(Illuminate\\Http\\Request))
#48 /var/www/html/dainikShahtha/vendor/laravel/framework/src/Illuminate/Pipeline/Pipeline.php(163): Illuminate\\Foundation\\Http\\Middleware\\TransformsRequest->handle(Object(Illuminate\\Http\\Request), Object(Closure))
#49 /var/www/html/dainikShahtha/vendor/laravel/framework/src/Illuminate/Routing/Pipeline.php(53): Illuminate\\Pipeline\\Pipeline->Illuminate\\Pipeline\\{closure}(Object(Illuminate\\Http\\Request))
#50 /var/www/html/dainikShahtha/vendor/laravel/framework/src/Illuminate/Foundation/Http/Middleware/TransformsRequest.php(31): Illuminate\\Routing\\Pipeline->Illuminate\\Routing\\{closure}(Object(Illuminate\\Http\\Request))
#51 /var/www/html/dainikShahtha/vendor/laravel/framework/src/Illuminate/Pipeline/Pipeline.php(163): Illuminate\\Foundation\\Http\\Middleware\\TransformsRequest->handle(Object(Illuminate\\Http\\Request), Object(Closure))
#52 /var/www/html/dainikShahtha/vendor/laravel/framework/src/Illuminate/Routing/Pipeline.php(53): Illuminate\\Pipeline\\Pipeline->Illuminate\\Pipeline\\{closure}(Object(Illuminate\\Http\\Request))
#53 /var/www/html/dainikShahtha/vendor/laravel/framework/src/Illuminate/Foundation/Http/Middleware/ValidatePostSize.php(27): Illuminate\\Routing\\Pipeline->Illuminate\\Routing\\{closure}(Object(Illuminate\\Http\\Request))
#54 /var/www/html/dainikShahtha/vendor/laravel/framework/src/Illuminate/Pipeline/Pipeline.php(163): Illuminate\\Foundation\\Http\\Middleware\\ValidatePostSize->handle(Object(Illuminate\\Http\\Request), Object(Closure))
#55 /var/www/html/dainikShahtha/vendor/laravel/framework/src/Illuminate/Routing/Pipeline.php(53): Illuminate\\Pipeline\\Pipeline->Illuminate\\Pipeline\\{closure}(Object(Illuminate\\Http\\Request))
#56 /var/www/html/dainikShahtha/vendor/laravel/framework/src/Illuminate/Foundation/Http/Middleware/CheckForMaintenanceMode.php(62): Illuminate\\Routing\\Pipeline->Illuminate\\Routing\\{closure}(Object(Illuminate\\Http\\Request))
#57 /var/www/html/dainikShahtha/vendor/laravel/framework/src/Illuminate/Pipeline/Pipeline.php(163): Illuminate\\Foundation\\Http\\Middleware\\CheckForMaintenanceMode->handle(Object(Illuminate\\Http\\Request), Object(Closure))
#58 /var/www/html/dainikShahtha/vendor/laravel/framework/src/Illuminate/Routing/Pipeline.php(53): Illuminate\\Pipeline\\Pipeline->Illuminate\\Pipeline\\{closure}(Object(Illuminate\\Http\\Request))
#59 /var/www/html/dainikShahtha/vendor/laravel/framework/src/Illuminate/Pipeline/Pipeline.php(104): Illuminate\\Routing\\Pipeline->Illuminate\\Routing\\{closure}(Object(Illuminate\\Http\\Request))
#60 /var/www/html/dainikShahtha/vendor/laravel/framework/src/Illuminate/Foundation/Http/Kernel.php(151): Illuminate\\Pipeline\\Pipeline->then(Object(Closure))
#61 /var/www/html/dainikShahtha/vendor/laravel/framework/src/Illuminate/Foundation/Http/Kernel.php(116): Illuminate\\Foundation\\Http\\Kernel->sendRequestThroughRouter(Object(Illuminate\\Http\\Request))
#62 /var/www/html/dainikShahtha/public/index.php(55): Illuminate\\Foundation\\Http\\Kernel->handle(Object(Illuminate\\Http\\Request))
#63 /var/www/html/dainikShahtha/server.php(21): require_once('/var/www/html/d...')
#64 {main}
"} 
[2026-03-27 17:13:29] local.ERROR: SQLSTATE[42S02]: Base table or view not found: 1146 Table 'news-portal.set_as' doesn't exist (SQL: select * from `set_as` where `set_as` in (lead_news_1, lead_news_2, lead_news_3) order by `set_as` asc) {"exception":"[object] (Illuminate\\Database\\QueryException(code: 42S02): SQLSTATE[42S02]: Base table or view not found: 1146 Table 'news-portal.set_as' doesn't exist (SQL: select * from `set_as` where `set_as` in (lead_news_1, lead_news_2, lead_news_3) order by `set_as` asc) at /var/www/html/dainikShahtha/vendor/laravel/framework/src/Illuminate/Database/Connection.php:664, PDOException(code: 42S02): SQLSTATE[42S02]: Base table or view not found: 1146 Table 'news-portal.set_as' doesn't exist at /var/www/html/dainikShahtha/vendor/laravel/framework/src/Illuminate/Database/Connection.php:326)
[stacktrace]
#0 /var/www/html/dainikShahtha/vendor/laravel/framework/src/Illuminate/Database/Connection.php(624): Illuminate\\Database\\Connection->runQueryCallback('select * from `...', Array, Object(Closure))
#1 /var/www/html/dainikShahtha/vendor/laravel/framework/src/Illuminate/Database/Connection.php(333): Illuminate\\Database\\Connection->run('select * from `...', Array, Object(Closure))
#2 /var/www/html/dainikShahtha/vendor/laravel/framework/src/Illuminate/Database/Query/Builder.php(2095): Illuminate\\Database\\Connection->select('select * from `...', Array, true)
#3 /var/www/html/dainikShahtha/vendor/laravel/framework/src/Illuminate/Database/Query/Builder.php(2083): Illuminate\\Database\\Query\\Builder->runSelect()
#4 /var/www/html/dainikShahtha/vendor/laravel/framework/src/Illuminate/Database/Query/Builder.php(2569): Illuminate\\Database\\Query\\Builder->Illuminate\\Database\\Query\\{closure}()
#5 /var/www/html/dainikShahtha/vendor/laravel/framework/src/Illuminate/Database/Query/Builder.php(2084): Illuminate\\Database\\Query\\Builder->onceWithColumns(Array, Object(Closure))
#6 /var/www/html/dainikShahtha/vendor/laravel/framework/src/Illuminate/Database/Eloquent/Builder.php(519): Illuminate\\Database\\Query\\Builder->get(Array)
#7 /var/www/html/dainikShahtha/vendor/laravel/framework/src/Illuminate/Database/Eloquent/Builder.php(503): Illuminate\\Database\\Eloquent\\Builder->getModels(Array)
#8 /var/www/html/dainikShahtha/app/Http/Controllers/sksController.php(24): Illuminate\\Database\\Eloquent\\Builder->get()
#9 [internal function]: App\\Http\\Controllers\\sksController->index()
#10 /var/www/html/dainikShahtha/vendor/laravel/framework/src/Illuminate/Routing/Controller.php(54): call_user_func_array(Array, Array)
#11 /var/www/html/dainikShahtha/vendor/laravel/framework/src/Illuminate/Routing/ControllerDispatcher.php(45): Illuminate\\Routing\\Controller->callAction('index', Array)
#12 /var/www/html/dainikShahtha/vendor/laravel/framework/src/Illuminate/Routing/Route.php(219): Illuminate\\Routing\\ControllerDispatcher->dispatch(Object(Illuminate\\Routing\\Route), Object(App\\Http\\Controllers\\sksController), 'index')
#13 /var/www/html/dainikShahtha/vendor/laravel/framework/src/Illuminate/Routing/Route.php(176): Illuminate\\Routing\\Route->runController()
#14 /var/www/html/dainikShahtha/vendor/laravel/framework/src/Illuminate/Routing/Router.php(682): Illuminate\\Routing\\Route->run()
#15 /var/www/html/dainikShahtha/vendor/laravel/framework/src/Illuminate/Routing/Pipeline.php(30): Illuminate\\Routing\\Router->Illuminate\\Routing\\{closure}(Object(Illuminate\\Http\\Request))
#16 /var/www/html/dainikShahtha/vendor/laravel/framework/src/Illuminate/Routing/Middleware/SubstituteBindings.php(41): Illuminate\\Routing\\Pipeline->Illuminate\\Routing\\{closure}(Object(Illuminate\\Http\\Request))
#17 /var/www/html/dainikShahtha/vendor/laravel/framework/src/Illuminate/Pipeline/Pipeline.php(163): Illuminate\\Routing\\Middleware\\SubstituteBindings->handle(Object(Illuminate\\Http\\Request), Object(Closure))
#18 /var/www/html/dainikShahtha/vendor/laravel/framework/src/Illuminate/Routing/Pipeline.php(53): Illuminate\\Pipeline\\Pipeline->Illuminate\\Pipeline\\{closure}(Object(Illuminate\\Http\\Request))
#19 /var/www/html/dainikShahtha/vendor/laravel/framework/src/Illuminate/Foundation/Http/Middleware/VerifyCsrfToken.php(75): Illuminate\\Routing\\Pipeline->Illuminate\\Routing\\{closure}(Object(Illuminate\\Http\\Request))
#20 /var/www/html/dainikShahtha/vendor/laravel/framework/src/Illuminate/Pipeline/Pipeline.php(163): Illuminate\\Foundation\\Http\\Middleware\\VerifyCsrfToken->handle(Object(Illuminate\\Http\\Request), Object(Closure))
#21 /var/www/html/dainikShahtha/vendor/laravel/framework/src/Illuminate/Routing/Pipeline.php(53): Illuminate\\Pipeline\\Pipeline->Illuminate\\Pipeline\\{closure}(Object(Illuminate\\Http\\Request))
#22 /var/www/html/dainikShahtha/vendor/laravel/framework/src/Illuminate/View/Middleware/ShareErrorsFromSession.php(49): Illuminate\\Routing\\Pipeline->Illuminate\\Routing\\{closure}(Object(Illuminate\\Http\\Request))
#23 /var/www/html/dainikShahtha/vendor/laravel/framework/src/Illuminate/Pipeline/Pipeline.php(163): Illuminate\\View\\Middleware\\ShareErrorsFromSession->handle(Object(Illuminate\\Http\\Request), Object(Closure))
#24 /var/www/html/dainikShahtha/vendor/laravel/framework/src/Illuminate/Routing/Pipeline.php(53): Illuminate\\Pipeline\\Pipeline->Illuminate\\Pipeline\\{closure}(Object(Illuminate\\Http\\Request))
#25 /var/www/html/dainikShahtha/vendor/laravel/framework/src/Illuminate/Session/Middleware/StartSession.php(63): Illuminate\\Routing\\Pipeline->Illuminate\\Routing\\{closure}(Object(Illuminate\\Http\\Request))
#26 /var/www/html/dainikShahtha/vendor/laravel/framework/src/Illuminate/Pipeline/Pipeline.php(163): Illuminate\\Session\\Middleware\\StartSession->handle(Object(Illuminate\\Http\\Request), Object(Closure))
#27 /var/www/html/dainikShahtha/vendor/laravel/framework/src/Illuminate/Routing/Pipeline.php(53): Illuminate\\Pipeline\\Pipeline->Illuminate\\Pipeline\\{closure}(Object(Illuminate\\Http\\Request))
#28 /var/www/html/dainikShahtha/vendor/laravel/framework/src/Illuminate/Cookie/Middleware/AddQueuedCookiesToResponse.php(37): Illuminate\\Routing\\Pipeline->Illuminate\\Routing\\{closure}(Object(Illuminate\\Http\\Request))
#29 /var/www/html/dainikShahtha/vendor/laravel/framework/src/Illuminate/Pipeline/Pipeline.php(163): Illuminate\\Cookie\\Middleware\\AddQueuedCookiesToResponse->handle(Object(Illuminate\\Http\\Request), Object(Closure))
#30 /var/www/html/dainikShahtha/vendor/laravel/framework/src/Illuminate/Routing/Pipeline.php(53): Illuminate\\Pipeline\\Pipeline->Illuminate\\Pipeline\\{closure}(Object(Illuminate\\Http\\Request))
#31 /var/www/html/dainikShahtha/vendor/laravel/framework/src/Illuminate/Cookie/Middleware/EncryptCookies.php(66): Illuminate\\Routing\\Pipeline->Illuminate\\Routing\\{closure}(Object(Illuminate\\Http\\Request))
#32 /var/www/html/dainikShahtha/vendor/laravel/framework/src/Illuminate/Pipeline/Pipeline.php(163): Illuminate\\Cookie\\Middleware\\EncryptCookies->handle(Object(Illuminate\\Http\\Request), Object(Closure))
#33 /var/www/html/dainikShahtha/vendor/laravel/framework/src/Illuminate/Routing/Pipeline.php(53): Illuminate\\Pipeline\\Pipeline->Illuminate\\Pipeline\\{closure}(Object(Illuminate\\Http\\Request))
#34 /var/www/html/dainikShahtha/vendor/laravel/framework/src/Illuminate/Pipeline/Pipeline.php(104): Illuminate\\Routing\\Pipeline->Illuminate\\Routing\\{closure}(Object(Illuminate\\Http\\Request))
#35 /var/www/html/dainikShahtha/vendor/laravel/framework/src/Illuminate/Routing/Router.php(684): Illuminate\\Pipeline\\Pipeline->then(Object(Closure))
#36 /var/www/html/dainikShahtha/vendor/laravel/framework/src/Illuminate/Routing/Router.php(659): Illuminate\\Routing\\Router->runRouteWithinStack(Object(Illuminate\\Routing\\Route), Object(Illuminate\\Http\\Request))
#37 /var/www/html/dainikShahtha/vendor/laravel/framework/src/Illuminate/Routing/Router.php(625): Illuminate\\Routing\\Router->runRoute(Object(Illuminate\\Http\\Request), Object(Illuminate\\Routing\\Route))
#38 /var/www/html/dainikShahtha/vendor/laravel/framework/src/Illuminate/Routing/Router.php(614): Illuminate\\Routing\\Router->dispatchToRoute(Object(Illuminate\\Http\\Request))
#39 /var/www/html/dainikShahtha/vendor/laravel/framework/src/Illuminate/Foundation/Http/Kernel.php(176): Illuminate\\Routing\\Router->dispatch(Object(Illuminate\\Http\\Request))
#40 /var/www/html/dainikShahtha/vendor/laravel/framework/src/Illuminate/Routing/Pipeline.php(30): Illuminate\\Foundation\\Http\\Kernel->Illuminate\\Foundation\\Http\\{closure}(Object(Illuminate\\Http\\Request))
#41 /var/www/html/dainikShahtha/vendor/barryvdh/laravel-debugbar/src/Middleware/InjectDebugbar.php(58): Illuminate\\Routing\\Pipeline->Illuminate\\Routing\\{closure}(Object(Illuminate\\Http\\Request))
#42 /var/www/html/dainikShahtha/vendor/laravel/framework/src/Illuminate/Pipeline/Pipeline.php(163): Barryvdh\\Debugbar\\Middleware\\InjectDebugbar->handle(Object(Illuminate\\Http\\Request), Object(Closure))
#43 /var/www/html/dainikShahtha/vendor/laravel/framework/src/Illuminate/Routing/Pipeline.php(53): Illuminate\\Pipeline\\Pipeline->Illuminate\\Pipeline\\{closure}(Object(Illuminate\\Http\\Request))
#44 /var/www/html/dainikShahtha/vendor/fideloper/proxy/src/TrustProxies.php(57): Illuminate\\Routing\\Pipeline->Illuminate\\Routing\\{closure}(Object(Illuminate\\Http\\Request))
#45 /var/www/html/dainikShahtha/vendor/laravel/framework/src/Illuminate/Pipeline/Pipeline.php(163): Fideloper\\Proxy\\TrustProxies->handle(Object(Illuminate\\Http\\Request), Object(Closure))
#46 /var/www/html/dainikShahtha/vendor/laravel/framework/src/Illuminate/Routing/Pipeline.php(53): Illuminate\\Pipeline\\Pipeline->Illuminate\\Pipeline\\{closure}(Object(Illuminate\\Http\\Request))
#47 /var/www/html/dainikShahtha/vendor/laravel/framework/src/Illuminate/Foundation/Http/Middleware/TransformsRequest.php(31): Illuminate\\Routing\\Pipeline->Illuminate\\Routing\\{closure}(Object(Illuminate\\Http\\Request))
#48 /var/www/html/dainikShahtha/vendor/laravel/framework/src/Illuminate/Pipeline/Pipeline.php(163): Illuminate\\Foundation\\Http\\Middleware\\TransformsRequest->handle(Object(Illuminate\\Http\\Request), Object(Closure))
#49 /var/www/html/dainikShahtha/vendor/laravel/framework/src/Illuminate/Routing/Pipeline.php(53): Illuminate\\Pipeline\\Pipeline->Illuminate\\Pipeline\\{closure}(Object(Illuminate\\Http\\Request))
#50 /var/www/html/dainikShahtha/vendor/laravel/framework/src/Illuminate/Foundation/Http/Middleware/TransformsRequest.php(31): Illuminate\\Routing\\Pipeline->Illuminate\\Routing\\{closure}(Object(Illuminate\\Http\\Request))
#51 /var/www/html/dainikShahtha/vendor/laravel/framework/src/Illuminate/Pipeline/Pipeline.php(163): Illuminate\\Foundation\\Http\\Middleware\\TransformsRequest->handle(Object(Illuminate\\Http\\Request), Object(Closure))
#52 /var/www/html/dainikShahtha/vendor/laravel/framework/src/Illuminate/Routing/Pipeline.php(53): Illuminate\\Pipeline\\Pipeline->Illuminate\\Pipeline\\{closure}(Object(Illuminate\\Http\\Request))
#53 /var/www/html/dainikShahtha/vendor/laravel/framework/src/Illuminate/Foundation/Http/Middleware/ValidatePostSize.php(27): Illuminate\\Routing\\Pipeline->Illuminate\\Routing\\{closure}(Object(Illuminate\\Http\\Request))
#54 /var/www/html/dainikShahtha/vendor/laravel/framework/src/Illuminate/Pipeline/Pipeline.php(163): Illuminate\\Foundation\\Http\\Middleware\\ValidatePostSize->handle(Object(Illuminate\\Http\\Request), Object(Closure))
#55 /var/www/html/dainikShahtha/vendor/laravel/framework/src/Illuminate/Routing/Pipeline.php(53): Illuminate\\Pipeline\\Pipeline->Illuminate\\Pipeline\\{closure}(Object(Illuminate\\Http\\Request))
#56 /var/www/html/dainikShahtha/vendor/laravel/framework/src/Illuminate/Foundation/Http/Middleware/CheckForMaintenanceMode.php(62): Illuminate\\Routing\\Pipeline->Illuminate\\Routing\\{closure}(Object(Illuminate\\Http\\Request))
#57 /var/www/html/dainikShahtha/vendor/laravel/framework/src/Illuminate/Pipeline/Pipeline.php(163): Illuminate\\Foundation\\Http\\Middleware\\CheckForMaintenanceMode->handle(Object(Illuminate\\Http\\Request), Object(Closure))
#58 /var/www/html/dainikShahtha/vendor/laravel/framework/src/Illuminate/Routing/Pipeline.php(53): Illuminate\\Pipeline\\Pipeline->Illuminate\\Pipeline\\{closure}(Object(Illuminate\\Http\\Request))
#59 /var/www/html/dainikShahtha/vendor/laravel/framework/src/Illuminate/Pipeline/Pipeline.php(104): Illuminate\\Routing\\Pipeline->Illuminate\\Routing\\{closure}(Object(Illuminate\\Http\\Request))
#60 /var/www/html/dainikShahtha/vendor/laravel/framework/src/Illuminate/Foundation/Http/Kernel.php(151): Illuminate\\Pipeline\\Pipeline->then(Object(Closure))
#61 /var/www/html/dainikShahtha/vendor/laravel/framework/src/Illuminate/Foundation/Http/Kernel.php(116): Illuminate\\Foundation\\Http\\Kernel->sendRequestThroughRouter(Object(Illuminate\\Http\\Request))
#62 /var/www/html/dainikShahtha/public/index.php(55): Illuminate\\Foundation\\Http\\Kernel->handle(Object(Illuminate\\Http\\Request))
#63 /var/www/html/dainikShahtha/server.php(21): require_once('/var/www/html/d...')
#64 {main}
"} 
[2026-03-27 19:29:25] local.ERROR: Class DatabaseSeeder does not exist {"exception":"[object] (ReflectionException(code: -1): Class DatabaseSeeder does not exist at /var/www/html/dainikShahtha/vendor/laravel/framework/src/Illuminate/Container/Container.php:779)
[stacktrace]
#0 /var/www/html/dainikShahtha/vendor/laravel/framework/src/Illuminate/Container/Container.php(779): ReflectionClass->__construct('DatabaseSeeder')
#1 /var/www/html/dainikShahtha/vendor/laravel/framework/src/Illuminate/Container/Container.php(658): Illuminate\\Container\\Container->build('DatabaseSeeder')
#2 /var/www/html/dainikShahtha/vendor/laravel/framework/src/Illuminate/Container/Container.php(609): Illuminate\\Container\\Container->resolve('DatabaseSeeder', Array)
#3 /var/www/html/dainikShahtha/vendor/laravel/framework/src/Illuminate/Foundation/Application.php(759): Illuminate\\Container\\Container->make('DatabaseSeeder', Array)
#4 /var/www/html/dainikShahtha/vendor/laravel/framework/src/Illuminate/Database/Console/Seeds/SeedCommand.php(76): Illuminate\\Foundation\\Application->make('DatabaseSeeder')
#5 /var/www/html/dainikShahtha/vendor/laravel/framework/src/Illuminate/Database/Console/Seeds/SeedCommand.php(63): Illuminate\\Database\\Console\\Seeds\\SeedCommand->getSeeder()
#6 /var/www/html/dainikShahtha/vendor/laravel/framework/src/Illuminate/Database/Eloquent/Concerns/GuardsAttributes.php(122): Illuminate\\Database\\Console\\Seeds\\SeedCommand->Illuminate\\Database\\Console\\Seeds\\{closure}()
#7 /var/www/html/dainikShahtha/vendor/laravel/framework/src/Illuminate/Database/Console/Seeds/SeedCommand.php(64): Illuminate\\Database\\Eloquent\\Model::unguarded(Object(Closure))
#8 [internal function]: Illuminate\\Database\\Console\\Seeds\\SeedCommand->handle()
#9 /var/www/html/dainikShahtha/vendor/laravel/framework/src/Illuminate/Container/BoundMethod.php(29): call_user_func_array(Array, Array)
#10 /var/www/html/dainikShahtha/vendor/laravel/framework/src/Illuminate/Container/BoundMethod.php(87): Illuminate\\Container\\BoundMethod::Illuminate\\Container\\{closure}()
#11 /var/www/html/dainikShahtha/vendor/laravel/framework/src/Illuminate/Container/BoundMethod.php(31): Illuminate\\Container\\BoundMethod::callBoundMethod(Object(Illuminate\\Foundation\\Application), Array, Object(Closure))
#12 /var/www/html/dainikShahtha/vendor/laravel/framework/src/Illuminate/Container/Container.php(572): Illuminate\\Container\\BoundMethod::call(Object(Illuminate\\Foundation\\Application), Array, Array, NULL)
#13 /var/www/html/dainikShahtha/vendor/laravel/framework/src/Illuminate/Console/Command.php(183): Illuminate\\Container\\Container->call(Array)
#14 /var/www/html/dainikShahtha/vendor/symfony/console/Command/Command.php(255): Illuminate\\Console\\Command->execute(Object(Symfony\\Component\\Console\\Input\\ArrayInput), Object(Illuminate\\Console\\OutputStyle))
#15 /var/www/html/dainikShahtha/vendor/laravel/framework/src/Illuminate/Console/Command.php(170): Symfony\\Component\\Console\\Command\\Command->run(Object(Symfony\\Component\\Console\\Input\\ArrayInput), Object(Illuminate\\Console\\OutputStyle))
#16 /var/www/html/dainikShahtha/vendor/laravel/framework/src/Illuminate/Console/Command.php(198): Illuminate\\Console\\Command->run(Object(Symfony\\Component\\Console\\Input\\ArrayInput), Object(Illuminate\\Console\\OutputStyle))
#17 /var/www/html/dainikShahtha/vendor/laravel/framework/src/Illuminate/Database/Console/Migrations/FreshCommand.php(108): Illuminate\\Console\\Command->call('db:seed', Array)
#18 /var/www/html/dainikShahtha/vendor/laravel/framework/src/Illuminate/Database/Console/Migrations/FreshCommand.php(59): Illuminate\\Database\\Console\\Migrations\\FreshCommand->runSeeder(NULL)
#19 [internal function]: Illuminate\\Database\\Console\\Migrations\\FreshCommand->handle()
#20 /var/www/html/dainikShahtha/vendor/laravel/framework/src/Illuminate/Container/BoundMethod.php(29): call_user_func_array(Array, Array)
#21 /var/www/html/dainikShahtha/vendor/laravel/framework/src/Illuminate/Container/BoundMethod.php(87): Illuminate\\Container\\BoundMethod::Illuminate\\Container\\{closure}()
#22 /var/www/html/dainikShahtha/vendor/laravel/framework/src/Illuminate/Container/BoundMethod.php(31): Illuminate\\Container\\BoundMethod::callBoundMethod(Object(Illuminate\\Foundation\\Application), Array, Object(Closure))
#23 /var/www/html/dainikShahtha/vendor/laravel/framework/src/Illuminate/Container/Container.php(572): Illuminate\\Container\\BoundMethod::call(Object(Illuminate\\Foundation\\Application), Array, Array, NULL)
#24 /var/www/html/dainikShahtha/vendor/laravel/framework/src/Illuminate/Console/Command.php(183): Illuminate\\Container\\Container->call(Array)
#25 /var/www/html/dainikShahtha/vendor/symfony/console/Command/Command.php(255): Illuminate\\Console\\Command->execute(Object(Symfony\\Component\\Console\\Input\\ArgvInput), Object(Illuminate\\Console\\OutputStyle))
#26 /var/www/html/dainikShahtha/vendor/laravel/framework/src/Illuminate/Console/Command.php(170): Symfony\\Component\\Console\\Command\\Command->run(Object(Symfony\\Component\\Console\\Input\\ArgvInput), Object(Illuminate\\Console\\OutputStyle))
#27 /var/www/html/dainikShahtha/vendor/symfony/console/Application.php(1021): Illuminate\\Console\\Command->run(Object(Symfony\\Component\\Console\\Input\\ArgvInput), Object(Symfony\\Component\\Console\\Output\\ConsoleOutput))
#28 /var/www/html/dainikShahtha/vendor/symfony/console/Application.php(275): Symfony\\Component\\Console\\Application->doRunCommand(Object(Illuminate\\Database\\Console\\Migrations\\FreshCommand), Object(Symfony\\Component\\Console\\Input\\ArgvInput), Object(Symfony\\Component\\Console\\Output\\ConsoleOutput))
#29 /var/www/html/dainikShahtha/vendor/symfony/console/Application.php(149): Symfony\\Component\\Console\\Application->doRun(Object(Symfony\\Component\\Console\\Input\\ArgvInput), Object(Symfony\\Component\\Console\\Output\\ConsoleOutput))
#30 /var/www/html/dainikShahtha/vendor/laravel/framework/src/Illuminate/Console/Application.php(89): Symfony\\Component\\Console\\Application->run(Object(Symfony\\Component\\Console\\Input\\ArgvInput), Object(Symfony\\Component\\Console\\Output\\ConsoleOutput))
#31 /var/www/html/dainikShahtha/vendor/laravel/framework/src/Illuminate/Foundation/Console/Kernel.php(122): Illuminate\\Console\\Application->run(Object(Symfony\\Component\\Console\\Input\\ArgvInput), Object(Symfony\\Component\\Console\\Output\\ConsoleOutput))
#32 /var/www/html/dainikShahtha/artisan(37): Illuminate\\Foundation\\Console\\Kernel->handle(Object(Symfony\\Component\\Console\\Input\\ArgvInput), Object(Symfony\\Component\\Console\\Output\\ConsoleOutput))
#33 {main}
"} 
[2026-03-27 19:30:03] local.ERROR: Class DatabaseSeeder does not exist {"exception":"[object] (ReflectionException(code: -1): Class DatabaseSeeder does not exist at /var/www/html/dainikShahtha/vendor/laravel/framework/src/Illuminate/Container/Container.php:779)
[stacktrace]
#0 /var/www/html/dainikShahtha/vendor/laravel/framework/src/Illuminate/Container/Container.php(779): ReflectionClass->__construct('DatabaseSeeder')
#1 /var/www/html/dainikShahtha/vendor/laravel/framework/src/Illuminate/Container/Container.php(658): Illuminate\\Container\\Container->build('DatabaseSeeder')
#2 /var/www/html/dainikShahtha/vendor/laravel/framework/src/Illuminate/Container/Container.php(609): Illuminate\\Container\\Container->resolve('DatabaseSeeder', Array)
#3 /var/www/html/dainikShahtha/vendor/laravel/framework/src/Illuminate/Foundation/Application.php(759): Illuminate\\Container\\Container->make('DatabaseSeeder', Array)
#4 /var/www/html/dainikShahtha/vendor/laravel/framework/src/Illuminate/Database/Console/Seeds/SeedCommand.php(76): Illuminate\\Foundation\\Application->make('DatabaseSeeder')
#5 /var/www/html/dainikShahtha/vendor/laravel/framework/src/Illuminate/Database/Console/Seeds/SeedCommand.php(63): Illuminate\\Database\\Console\\Seeds\\SeedCommand->getSeeder()
#6 /var/www/html/dainikShahtha/vendor/laravel/framework/src/Illuminate/Database/Eloquent/Concerns/GuardsAttributes.php(122): Illuminate\\Database\\Console\\Seeds\\SeedCommand->Illuminate\\Database\\Console\\Seeds\\{closure}()
#7 /var/www/html/dainikShahtha/vendor/laravel/framework/src/Illuminate/Database/Console/Seeds/SeedCommand.php(64): Illuminate\\Database\\Eloquent\\Model::unguarded(Object(Closure))
#8 [internal function]: Illuminate\\Database\\Console\\Seeds\\SeedCommand->handle()
#9 /var/www/html/dainikShahtha/vendor/laravel/framework/src/Illuminate/Container/BoundMethod.php(29): call_user_func_array(Array, Array)
#10 /var/www/html/dainikShahtha/vendor/laravel/framework/src/Illuminate/Container/BoundMethod.php(87): Illuminate\\Container\\BoundMethod::Illuminate\\Container\\{closure}()
#11 /var/www/html/dainikShahtha/vendor/laravel/framework/src/Illuminate/Container/BoundMethod.php(31): Illuminate\\Container\\BoundMethod::callBoundMethod(Object(Illuminate\\Foundation\\Application), Array, Object(Closure))
#12 /var/www/html/dainikShahtha/vendor/laravel/framework/src/Illuminate/Container/Container.php(572): Illuminate\\Container\\BoundMethod::call(Object(Illuminate\\Foundation\\Application), Array, Array, NULL)
#13 /var/www/html/dainikShahtha/vendor/laravel/framework/src/Illuminate/Console/Command.php(183): Illuminate\\Container\\Container->call(Array)
#14 /var/www/html/dainikShahtha/vendor/symfony/console/Command/Command.php(255): Illuminate\\Console\\Command->execute(Object(Symfony\\Component\\Console\\Input\\ArrayInput), Object(Illuminate\\Console\\OutputStyle))
#15 /var/www/html/dainikShahtha/vendor/laravel/framework/src/Illuminate/Console/Command.php(170): Symfony\\Component\\Console\\Command\\Command->run(Object(Symfony\\Component\\Console\\Input\\ArrayInput), Object(Illuminate\\Console\\OutputStyle))
#16 /var/www/html/dainikShahtha/vendor/laravel/framework/src/Illuminate/Console/Command.php(198): Illuminate\\Console\\Command->run(Object(Symfony\\Component\\Console\\Input\\ArrayInput), Object(Illuminate\\Console\\OutputStyle))
#17 /var/www/html/dainikShahtha/vendor/laravel/framework/src/Illuminate/Database/Console/Migrations/FreshCommand.php(108): Illuminate\\Console\\Command->call('db:seed', Array)
#18 /var/www/html/dainikShahtha/vendor/laravel/framework/src/Illuminate/Database/Console/Migrations/FreshCommand.php(59): Illuminate\\Database\\Console\\Migrations\\FreshCommand->runSeeder(NULL)
#19 [internal function]: Illuminate\\Database\\Console\\Migrations\\FreshCommand->handle()
#20 /var/www/html/dainikShahtha/vendor/laravel/framework/src/Illuminate/Container/BoundMethod.php(29): call_user_func_array(Array, Array)
#21 /var/www/html/dainikShahtha/vendor/laravel/framework/src/Illuminate/Container/BoundMethod.php(87): Illuminate\\Container\\BoundMethod::Illuminate\\Container\\{closure}()
#22 /var/www/html/dainikShahtha/vendor/laravel/framework/src/Illuminate/Container/BoundMethod.php(31): Illuminate\\Container\\BoundMethod::callBoundMethod(Object(Illuminate\\Foundation\\Application), Array, Object(Closure))
#23 /var/www/html/dainikShahtha/vendor/laravel/framework/src/Illuminate/Container/Container.php(572): Illuminate\\Container\\BoundMethod::call(Object(Illuminate\\Foundation\\Application), Array, Array, NULL)
#24 /var/www/html/dainikShahtha/vendor/laravel/framework/src/Illuminate/Console/Command.php(183): Illuminate\\Container\\Container->call(Array)
#25 /var/www/html/dainikShahtha/vendor/symfony/console/Command/Command.php(255): Illuminate\\Console\\Command->execute(Object(Symfony\\Component\\Console\\Input\\ArgvInput), Object(Illuminate\\Console\\OutputStyle))
#26 /var/www/html/dainikShahtha/vendor/laravel/framework/src/Illuminate/Console/Command.php(170): Symfony\\Component\\Console\\Command\\Command->run(Object(Symfony\\Component\\Console\\Input\\ArgvInput), Object(Illuminate\\Console\\OutputStyle))
#27 /var/www/html/dainikShahtha/vendor/symfony/console/Application.php(1021): Illuminate\\Console\\Command->run(Object(Symfony\\Component\\Console\\Input\\ArgvInput), Object(Symfony\\Component\\Console\\Output\\ConsoleOutput))
#28 /var/www/html/dainikShahtha/vendor/symfony/console/Application.php(275): Symfony\\Component\\Console\\Application->doRunCommand(Object(Illuminate\\Database\\Console\\Migrations\\FreshCommand), Object(Symfony\\Component\\Console\\Input\\ArgvInput), Object(Symfony\\Component\\Console\\Output\\ConsoleOutput))
#29 /var/www/html/dainikShahtha/vendor/symfony/console/Application.php(149): Symfony\\Component\\Console\\Application->doRun(Object(Symfony\\Component\\Console\\Input\\ArgvInput), Object(Symfony\\Component\\Console\\Output\\ConsoleOutput))
#30 /var/www/html/dainikShahtha/vendor/laravel/framework/src/Illuminate/Console/Application.php(89): Symfony\\Component\\Console\\Application->run(Object(Symfony\\Component\\Console\\Input\\ArgvInput), Object(Symfony\\Component\\Console\\Output\\ConsoleOutput))
#31 /var/www/html/dainikShahtha/vendor/laravel/framework/src/Illuminate/Foundation/Console/Kernel.php(122): Illuminate\\Console\\Application->run(Object(Symfony\\Component\\Console\\Input\\ArgvInput), Object(Symfony\\Component\\Console\\Output\\ConsoleOutput))
#32 /var/www/html/dainikShahtha/artisan(37): Illuminate\\Foundation\\Console\\Kernel->handle(Object(Symfony\\Component\\Console\\Input\\ArgvInput), Object(Symfony\\Component\\Console\\Output\\ConsoleOutput))
#33 {main}
"} 
[2026-03-27 19:31:14] local.ERROR: Class DatabaseSeeder does not exist {"exception":"[object] (ReflectionException(code: -1): Class DatabaseSeeder does not exist at /var/www/html/dainikShahtha/vendor/laravel/framework/src/Illuminate/Container/Container.php:779)
[stacktrace]
#0 /var/www/html/dainikShahtha/vendor/laravel/framework/src/Illuminate/Container/Container.php(779): ReflectionClass->__construct('DatabaseSeeder')
#1 /var/www/html/dainikShahtha/vendor/laravel/framework/src/Illuminate/Container/Container.php(658): Illuminate\\Container\\Container->build('DatabaseSeeder')
#2 /var/www/html/dainikShahtha/vendor/laravel/framework/src/Illuminate/Container/Container.php(609): Illuminate\\Container\\Container->resolve('DatabaseSeeder', Array)
#3 /var/www/html/dainikShahtha/vendor/laravel/framework/src/Illuminate/Foundation/Application.php(759): Illuminate\\Container\\Container->make('DatabaseSeeder', Array)
#4 /var/www/html/dainikShahtha/vendor/laravel/framework/src/Illuminate/Database/Console/Seeds/SeedCommand.php(76): Illuminate\\Foundation\\Application->make('DatabaseSeeder')
#5 /var/www/html/dainikShahtha/vendor/laravel/framework/src/Illuminate/Database/Console/Seeds/SeedCommand.php(63): Illuminate\\Database\\Console\\Seeds\\SeedCommand->getSeeder()
#6 /var/www/html/dainikShahtha/vendor/laravel/framework/src/Illuminate/Database/Eloquent/Concerns/GuardsAttributes.php(122): Illuminate\\Database\\Console\\Seeds\\SeedCommand->Illuminate\\Database\\Console\\Seeds\\{closure}()
#7 /var/www/html/dainikShahtha/vendor/laravel/framework/src/Illuminate/Database/Console/Seeds/SeedCommand.php(64): Illuminate\\Database\\Eloquent\\Model::unguarded(Object(Closure))
#8 [internal function]: Illuminate\\Database\\Console\\Seeds\\SeedCommand->handle()
#9 /var/www/html/dainikShahtha/vendor/laravel/framework/src/Illuminate/Container/BoundMethod.php(29): call_user_func_array(Array, Array)
#10 /var/www/html/dainikShahtha/vendor/laravel/framework/src/Illuminate/Container/BoundMethod.php(87): Illuminate\\Container\\BoundMethod::Illuminate\\Container\\{closure}()
#11 /var/www/html/dainikShahtha/vendor/laravel/framework/src/Illuminate/Container/BoundMethod.php(31): Illuminate\\Container\\BoundMethod::callBoundMethod(Object(Illuminate\\Foundation\\Application), Array, Object(Closure))
#12 /var/www/html/dainikShahtha/vendor/laravel/framework/src/Illuminate/Container/Container.php(572): Illuminate\\Container\\BoundMethod::call(Object(Illuminate\\Foundation\\Application), Array, Array, NULL)
#13 /var/www/html/dainikShahtha/vendor/laravel/framework/src/Illuminate/Console/Command.php(183): Illuminate\\Container\\Container->call(Array)
#14 /var/www/html/dainikShahtha/vendor/symfony/console/Command/Command.php(255): Illuminate\\Console\\Command->execute(Object(Symfony\\Component\\Console\\Input\\ArrayInput), Object(Illuminate\\Console\\OutputStyle))
#15 /var/www/html/dainikShahtha/vendor/laravel/framework/src/Illuminate/Console/Command.php(170): Symfony\\Component\\Console\\Command\\Command->run(Object(Symfony\\Component\\Console\\Input\\ArrayInput), Object(Illuminate\\Console\\OutputStyle))
#16 /var/www/html/dainikShahtha/vendor/laravel/framework/src/Illuminate/Console/Command.php(198): Illuminate\\Console\\Command->run(Object(Symfony\\Component\\Console\\Input\\ArrayInput), Object(Illuminate\\Console\\OutputStyle))
#17 /var/www/html/dainikShahtha/vendor/laravel/framework/src/Illuminate/Database/Console/Migrations/FreshCommand.php(108): Illuminate\\Console\\Command->call('db:seed', Array)
#18 /var/www/html/dainikShahtha/vendor/laravel/framework/src/Illuminate/Database/Console/Migrations/FreshCommand.php(59): Illuminate\\Database\\Console\\Migrations\\FreshCommand->runSeeder(NULL)
#19 [internal function]: Illuminate\\Database\\Console\\Migrations\\FreshCommand->handle()
#20 /var/www/html/dainikShahtha/vendor/laravel/framework/src/Illuminate/Container/BoundMethod.php(29): call_user_func_array(Array, Array)
#21 /var/www/html/dainikShahtha/vendor/laravel/framework/src/Illuminate/Container/BoundMethod.php(87): Illuminate\\Container\\BoundMethod::Illuminate\\Container\\{closure}()
#22 /var/www/html/dainikShahtha/vendor/laravel/framework/src/Illuminate/Container/BoundMethod.php(31): Illuminate\\Container\\BoundMethod::callBoundMethod(Object(Illuminate\\Foundation\\Application), Array, Object(Closure))
#23 /var/www/html/dainikShahtha/vendor/laravel/framework/src/Illuminate/Container/Container.php(572): Illuminate\\Container\\BoundMethod::call(Object(Illuminate\\Foundation\\Application), Array, Array, NULL)
#24 /var/www/html/dainikShahtha/vendor/laravel/framework/src/Illuminate/Console/Command.php(183): Illuminate\\Container\\Container->call(Array)
#25 /var/www/html/dainikShahtha/vendor/symfony/console/Command/Command.php(255): Illuminate\\Console\\Command->execute(Object(Symfony\\Component\\Console\\Input\\ArgvInput), Object(Illuminate\\Console\\OutputStyle))
#26 /var/www/html/dainikShahtha/vendor/laravel/framework/src/Illuminate/Console/Command.php(170): Symfony\\Component\\Console\\Command\\Command->run(Object(Symfony\\Component\\Console\\Input\\ArgvInput), Object(Illuminate\\Console\\OutputStyle))
#27 /var/www/html/dainikShahtha/vendor/symfony/console/Application.php(1021): Illuminate\\Console\\Command->run(Object(Symfony\\Component\\Console\\Input\\ArgvInput), Object(Symfony\\Component\\Console\\Output\\ConsoleOutput))
#28 /var/www/html/dainikShahtha/vendor/symfony/console/Application.php(275): Symfony\\Component\\Console\\Application->doRunCommand(Object(Illuminate\\Database\\Console\\Migrations\\FreshCommand), Object(Symfony\\Component\\Console\\Input\\ArgvInput), Object(Symfony\\Component\\Console\\Output\\ConsoleOutput))
#29 /var/www/html/dainikShahtha/vendor/symfony/console/Application.php(149): Symfony\\Component\\Console\\Application->doRun(Object(Symfony\\Component\\Console\\Input\\ArgvInput), Object(Symfony\\Component\\Console\\Output\\ConsoleOutput))
#30 /var/www/html/dainikShahtha/vendor/laravel/framework/src/Illuminate/Console/Application.php(89): Symfony\\Component\\Console\\Application->run(Object(Symfony\\Component\\Console\\Input\\ArgvInput), Object(Symfony\\Component\\Console\\Output\\ConsoleOutput))
#31 /var/www/html/dainikShahtha/vendor/laravel/framework/src/Illuminate/Foundation/Console/Kernel.php(122): Illuminate\\Console\\Application->run(Object(Symfony\\Component\\Console\\Input\\ArgvInput), Object(Symfony\\Component\\Console\\Output\\ConsoleOutput))
#32 /var/www/html/dainikShahtha/artisan(37): Illuminate\\Foundation\\Console\\Kernel->handle(Object(Symfony\\Component\\Console\\Input\\ArgvInput), Object(Symfony\\Component\\Console\\Output\\ConsoleOutput))
#33 {main}
"} 
[2026-03-27 19:31:39] local.ERROR: There are no commands defined in the "database" namespace. {"exception":"[object] (Symfony\\Component\\Console\\Exception\\NamespaceNotFoundException(code: 0): There are no commands defined in the \"database\" namespace. at /var/www/html/dainikShahtha/vendor/symfony/console/Application.php:606)
[stacktrace]
#0 /var/www/html/dainikShahtha/vendor/symfony/console/Application.php(659): Symfony\\Component\\Console\\Application->findNamespace('database')
#1 /var/www/html/dainikShahtha/vendor/symfony/console/Application.php(237): Symfony\\Component\\Console\\Application->find('database:seed')
#2 /var/www/html/dainikShahtha/vendor/symfony/console/Application.php(149): Symfony\\Component\\Console\\Application->doRun(Object(Symfony\\Component\\Console\\Input\\ArgvInput), Object(Symfony\\Component\\Console\\Output\\ConsoleOutput))
#3 /var/www/html/dainikShahtha/vendor/laravel/framework/src/Illuminate/Console/Application.php(89): Symfony\\Component\\Console\\Application->run(Object(Symfony\\Component\\Console\\Input\\ArgvInput), Object(Symfony\\Component\\Console\\Output\\ConsoleOutput))
#4 /var/www/html/dainikShahtha/vendor/laravel/framework/src/Illuminate/Foundation/Console/Kernel.php(122): Illuminate\\Console\\Application->run(Object(Symfony\\Component\\Console\\Input\\ArgvInput), Object(Symfony\\Component\\Console\\Output\\ConsoleOutput))
#5 /var/www/html/dainikShahtha/artisan(37): Illuminate\\Foundation\\Console\\Kernel->handle(Object(Symfony\\Component\\Console\\Input\\ArgvInput), Object(Symfony\\Component\\Console\\Output\\ConsoleOutput))
#6 {main}
"} 
[2026-03-27 19:32:32] local.ERROR: Class DatabaseSeeder does not exist {"exception":"[object] (ReflectionException(code: -1): Class DatabaseSeeder does not exist at /var/www/html/dainikShahtha/vendor/laravel/framework/src/Illuminate/Container/Container.php:779)
[stacktrace]
#0 /var/www/html/dainikShahtha/vendor/laravel/framework/src/Illuminate/Container/Container.php(779): ReflectionClass->__construct('DatabaseSeeder')
#1 /var/www/html/dainikShahtha/vendor/laravel/framework/src/Illuminate/Container/Container.php(658): Illuminate\\Container\\Container->build('DatabaseSeeder')
#2 /var/www/html/dainikShahtha/vendor/laravel/framework/src/Illuminate/Container/Container.php(609): Illuminate\\Container\\Container->resolve('DatabaseSeeder', Array)
#3 /var/www/html/dainikShahtha/vendor/laravel/framework/src/Illuminate/Foundation/Application.php(759): Illuminate\\Container\\Container->make('DatabaseSeeder', Array)
#4 /var/www/html/dainikShahtha/vendor/laravel/framework/src/Illuminate/Database/Console/Seeds/SeedCommand.php(76): Illuminate\\Foundation\\Application->make('DatabaseSeeder')
#5 /var/www/html/dainikShahtha/vendor/laravel/framework/src/Illuminate/Database/Console/Seeds/SeedCommand.php(63): Illuminate\\Database\\Console\\Seeds\\SeedCommand->getSeeder()
#6 /var/www/html/dainikShahtha/vendor/laravel/framework/src/Illuminate/Database/Eloquent/Concerns/GuardsAttributes.php(122): Illuminate\\Database\\Console\\Seeds\\SeedCommand->Illuminate\\Database\\Console\\Seeds\\{closure}()
#7 /var/www/html/dainikShahtha/vendor/laravel/framework/src/Illuminate/Database/Console/Seeds/SeedCommand.php(64): Illuminate\\Database\\Eloquent\\Model::unguarded(Object(Closure))
#8 [internal function]: Illuminate\\Database\\Console\\Seeds\\SeedCommand->handle()
#9 /var/www/html/dainikShahtha/vendor/laravel/framework/src/Illuminate/Container/BoundMethod.php(29): call_user_func_array(Array, Array)
#10 /var/www/html/dainikShahtha/vendor/laravel/framework/src/Illuminate/Container/BoundMethod.php(87): Illuminate\\Container\\BoundMethod::Illuminate\\Container\\{closure}()
#11 /var/www/html/dainikShahtha/vendor/laravel/framework/src/Illuminate/Container/BoundMethod.php(31): Illuminate\\Container\\BoundMethod::callBoundMethod(Object(Illuminate\\Foundation\\Application), Array, Object(Closure))
#12 /var/www/html/dainikShahtha/vendor/laravel/framework/src/Illuminate/Container/Container.php(572): Illuminate\\Container\\BoundMethod::call(Object(Illuminate\\Foundation\\Application), Array, Array, NULL)
#13 /var/www/html/dainikShahtha/vendor/laravel/framework/src/Illuminate/Console/Command.php(183): Illuminate\\Container\\Container->call(Array)
#14 /var/www/html/dainikShahtha/vendor/symfony/console/Command/Command.php(255): Illuminate\\Console\\Command->execute(Object(Symfony\\Component\\Console\\Input\\ArgvInput), Object(Illuminate\\Console\\OutputStyle))
#15 /var/www/html/dainikShahtha/vendor/laravel/framework/src/Illuminate/Console/Command.php(170): Symfony\\Component\\Console\\Command\\Command->run(Object(Symfony\\Component\\Console\\Input\\ArgvInput), Object(Illuminate\\Console\\OutputStyle))
#16 /var/www/html/dainikShahtha/vendor/symfony/console/Application.php(1021): Illuminate\\Console\\Command->run(Object(Symfony\\Component\\Console\\Input\\ArgvInput), Object(Symfony\\Component\\Console\\Output\\ConsoleOutput))
#17 /var/www/html/dainikShahtha/vendor/symfony/console/Application.php(275): Symfony\\Component\\Console\\Application->doRunCommand(Object(Illuminate\\Database\\Console\\Seeds\\SeedCommand), Object(Symfony\\Component\\Console\\Input\\ArgvInput), Object(Symfony\\Component\\Console\\Output\\ConsoleOutput))
#18 /var/www/html/dainikShahtha/vendor/symfony/console/Application.php(149): Symfony\\Component\\Console\\Application->doRun(Object(Symfony\\Component\\Console\\Input\\ArgvInput), Object(Symfony\\Component\\Console\\Output\\ConsoleOutput))
#19 /var/www/html/dainikShahtha/vendor/laravel/framework/src/Illuminate/Console/Application.php(89): Symfony\\Component\\Console\\Application->run(Object(Symfony\\Component\\Console\\Input\\ArgvInput), Object(Symfony\\Component\\Console\\Output\\ConsoleOutput))
#20 /var/www/html/dainikShahtha/vendor/laravel/framework/src/Illuminate/Foundation/Console/Kernel.php(122): Illuminate\\Console\\Application->run(Object(Symfony\\Component\\Console\\Input\\ArgvInput), Object(Symfony\\Component\\Console\\Output\\ConsoleOutput))
#21 /var/www/html/dainikShahtha/artisan(37): Illuminate\\Foundation\\Console\\Kernel->handle(Object(Symfony\\Component\\Console\\Input\\ArgvInput), Object(Symfony\\Component\\Console\\Output\\ConsoleOutput))
#22 {main}
"} 
[2026-03-27 19:33:44] local.ERROR: include(/var/www/html/dainikShahtha/vendor/composer/../../database/seeds/DatabaseSeeder.php): failed to open stream: No such file or directory {"exception":"[object] (ErrorException(code: 0): include(/var/www/html/dainikShahtha/vendor/composer/../../database/seeds/DatabaseSeeder.php): failed to open stream: No such file or directory at /var/www/html/dainikShahtha/vendor/composer/ClassLoader.php:571)
[stacktrace]
#0 /var/www/html/dainikShahtha/vendor/composer/ClassLoader.php(571): Illuminate\\Foundation\\Bootstrap\\HandleExceptions->handleError(2, 'include(/var/ww...', '/var/www/html/d...', 571, Array)
#1 /var/www/html/dainikShahtha/vendor/composer/ClassLoader.php(571): include()
#2 /var/www/html/dainikShahtha/vendor/composer/ClassLoader.php(428): Composer\\Autoload\\includeFile('/var/www/html/d...')
#3 [internal function]: Composer\\Autoload\\ClassLoader->loadClass('DatabaseSeeder')
#4 [internal function]: spl_autoload_call('DatabaseSeeder')
#5 /var/www/html/dainikShahtha/vendor/laravel/framework/src/Illuminate/Container/Container.php(779): ReflectionClass->__construct('DatabaseSeeder')
#6 /var/www/html/dainikShahtha/vendor/laravel/framework/src/Illuminate/Container/Container.php(658): Illuminate\\Container\\Container->build('DatabaseSeeder')
#7 /var/www/html/dainikShahtha/vendor/laravel/framework/src/Illuminate/Container/Container.php(609): Illuminate\\Container\\Container->resolve('DatabaseSeeder', Array)
#8 /var/www/html/dainikShahtha/vendor/laravel/framework/src/Illuminate/Foundation/Application.php(759): Illuminate\\Container\\Container->make('DatabaseSeeder', Array)
#9 /var/www/html/dainikShahtha/vendor/laravel/framework/src/Illuminate/Database/Console/Seeds/SeedCommand.php(76): Illuminate\\Foundation\\Application->make('DatabaseSeeder')
#10 /var/www/html/dainikShahtha/vendor/laravel/framework/src/Illuminate/Database/Console/Seeds/SeedCommand.php(63): Illuminate\\Database\\Console\\Seeds\\SeedCommand->getSeeder()
#11 /var/www/html/dainikShahtha/vendor/laravel/framework/src/Illuminate/Database/Eloquent/Concerns/GuardsAttributes.php(122): Illuminate\\Database\\Console\\Seeds\\SeedCommand->Illuminate\\Database\\Console\\Seeds\\{closure}()
#12 /var/www/html/dainikShahtha/vendor/laravel/framework/src/Illuminate/Database/Console/Seeds/SeedCommand.php(64): Illuminate\\Database\\Eloquent\\Model::unguarded(Object(Closure))
#13 [internal function]: Illuminate\\Database\\Console\\Seeds\\SeedCommand->handle()
#14 /var/www/html/dainikShahtha/vendor/laravel/framework/src/Illuminate/Container/BoundMethod.php(29): call_user_func_array(Array, Array)
#15 /var/www/html/dainikShahtha/vendor/laravel/framework/src/Illuminate/Container/BoundMethod.php(87): Illuminate\\Container\\BoundMethod::Illuminate\\Container\\{closure}()
#16 /var/www/html/dainikShahtha/vendor/laravel/framework/src/Illuminate/Container/BoundMethod.php(31): Illuminate\\Container\\BoundMethod::callBoundMethod(Object(Illuminate\\Foundation\\Application), Array, Object(Closure))
#17 /var/www/html/dainikShahtha/vendor/laravel/framework/src/Illuminate/Container/Container.php(572): Illuminate\\Container\\BoundMethod::call(Object(Illuminate\\Foundation\\Application), Array, Array, NULL)
#18 /var/www/html/dainikShahtha/vendor/laravel/framework/src/Illuminate/Console/Command.php(183): Illuminate\\Container\\Container->call(Array)
#19 /var/www/html/dainikShahtha/vendor/symfony/console/Command/Command.php(255): Illuminate\\Console\\Command->execute(Object(Symfony\\Component\\Console\\Input\\ArgvInput), Object(Illuminate\\Console\\OutputStyle))
#20 /var/www/html/dainikShahtha/vendor/laravel/framework/src/Illuminate/Console/Command.php(170): Symfony\\Component\\Console\\Command\\Command->run(Object(Symfony\\Component\\Console\\Input\\ArgvInput), Object(Illuminate\\Console\\OutputStyle))
#21 /var/www/html/dainikShahtha/vendor/symfony/console/Application.php(1021): Illuminate\\Console\\Command->run(Object(Symfony\\Component\\Console\\Input\\ArgvInput), Object(Symfony\\Component\\Console\\Output\\ConsoleOutput))
#22 /var/www/html/dainikShahtha/vendor/symfony/console/Application.php(275): Symfony\\Component\\Console\\Application->doRunCommand(Object(Illuminate\\Database\\Console\\Seeds\\SeedCommand), Object(Symfony\\Component\\Console\\Input\\ArgvInput), Object(Symfony\\Component\\Console\\Output\\ConsoleOutput))
#23 /var/www/html/dainikShahtha/vendor/symfony/console/Application.php(149): Symfony\\Component\\Console\\Application->doRun(Object(Symfony\\Component\\Console\\Input\\ArgvInput), Object(Symfony\\Component\\Console\\Output\\ConsoleOutput))
#24 /var/www/html/dainikShahtha/vendor/laravel/framework/src/Illuminate/Console/Application.php(89): Symfony\\Component\\Console\\Application->run(Object(Symfony\\Component\\Console\\Input\\ArgvInput), Object(Symfony\\Component\\Console\\Output\\ConsoleOutput))
#25 /var/www/html/dainikShahtha/vendor/laravel/framework/src/Illuminate/Foundation/Console/Kernel.php(122): Illuminate\\Console\\Application->run(Object(Symfony\\Component\\Console\\Input\\ArgvInput), Object(Symfony\\Component\\Console\\Output\\ConsoleOutput))
#26 /var/www/html/dainikShahtha/artisan(37): Illuminate\\Foundation\\Console\\Kernel->handle(Object(Symfony\\Component\\Console\\Input\\ArgvInput), Object(Symfony\\Component\\Console\\Output\\ConsoleOutput))
#27 {main}
"} 
[2026-03-27 19:34:47] local.ERROR: Class DatabaseSeeder does not exist {"exception":"[object] (ReflectionException(code: -1): Class DatabaseSeeder does not exist at /var/www/html/dainikShahtha/vendor/laravel/framework/src/Illuminate/Container/Container.php:779)
[stacktrace]
#0 /var/www/html/dainikShahtha/vendor/laravel/framework/src/Illuminate/Container/Container.php(779): ReflectionClass->__construct('DatabaseSeeder')
#1 /var/www/html/dainikShahtha/vendor/laravel/framework/src/Illuminate/Container/Container.php(658): Illuminate\\Container\\Container->build('DatabaseSeeder')
#2 /var/www/html/dainikShahtha/vendor/laravel/framework/src/Illuminate/Container/Container.php(609): Illuminate\\Container\\Container->resolve('DatabaseSeeder', Array)
#3 /var/www/html/dainikShahtha/vendor/laravel/framework/src/Illuminate/Foundation/Application.php(759): Illuminate\\Container\\Container->make('DatabaseSeeder', Array)
#4 /var/www/html/dainikShahtha/vendor/laravel/framework/src/Illuminate/Database/Console/Seeds/SeedCommand.php(76): Illuminate\\Foundation\\Application->make('DatabaseSeeder')
#5 /var/www/html/dainikShahtha/vendor/laravel/framework/src/Illuminate/Database/Console/Seeds/SeedCommand.php(63): Illuminate\\Database\\Console\\Seeds\\SeedCommand->getSeeder()
#6 /var/www/html/dainikShahtha/vendor/laravel/framework/src/Illuminate/Database/Eloquent/Concerns/GuardsAttributes.php(122): Illuminate\\Database\\Console\\Seeds\\SeedCommand->Illuminate\\Database\\Console\\Seeds\\{closure}()
#7 /var/www/html/dainikShahtha/vendor/laravel/framework/src/Illuminate/Database/Console/Seeds/SeedCommand.php(64): Illuminate\\Database\\Eloquent\\Model::unguarded(Object(Closure))
#8 [internal function]: Illuminate\\Database\\Console\\Seeds\\SeedCommand->handle()
#9 /var/www/html/dainikShahtha/vendor/laravel/framework/src/Illuminate/Container/BoundMethod.php(29): call_user_func_array(Array, Array)
#10 /var/www/html/dainikShahtha/vendor/laravel/framework/src/Illuminate/Container/BoundMethod.php(87): Illuminate\\Container\\BoundMethod::Illuminate\\Container\\{closure}()
#11 /var/www/html/dainikShahtha/vendor/laravel/framework/src/Illuminate/Container/BoundMethod.php(31): Illuminate\\Container\\BoundMethod::callBoundMethod(Object(Illuminate\\Foundation\\Application), Array, Object(Closure))
#12 /var/www/html/dainikShahtha/vendor/laravel/framework/src/Illuminate/Container/Container.php(572): Illuminate\\Container\\BoundMethod::call(Object(Illuminate\\Foundation\\Application), Array, Array, NULL)
#13 /var/www/html/dainikShahtha/vendor/laravel/framework/src/Illuminate/Console/Command.php(183): Illuminate\\Container\\Container->call(Array)
#14 /var/www/html/dainikShahtha/vendor/symfony/console/Command/Command.php(255): Illuminate\\Console\\Command->execute(Object(Symfony\\Component\\Console\\Input\\ArgvInput), Object(Illuminate\\Console\\OutputStyle))
#15 /var/www/html/dainikShahtha/vendor/laravel/framework/src/Illuminate/Console/Command.php(170): Symfony\\Component\\Console\\Command\\Command->run(Object(Symfony\\Component\\Console\\Input\\ArgvInput), Object(Illuminate\\Console\\OutputStyle))
#16 /var/www/html/dainikShahtha/vendor/symfony/console/Application.php(1021): Illuminate\\Console\\Command->run(Object(Symfony\\Component\\Console\\Input\\ArgvInput), Object(Symfony\\Component\\Console\\Output\\ConsoleOutput))
#17 /var/www/html/dainikShahtha/vendor/symfony/console/Application.php(275): Symfony\\Component\\Console\\Application->doRunCommand(Object(Illuminate\\Database\\Console\\Seeds\\SeedCommand), Object(Symfony\\Component\\Console\\Input\\ArgvInput), Object(Symfony\\Component\\Console\\Output\\ConsoleOutput))
#18 /var/www/html/dainikShahtha/vendor/symfony/console/Application.php(149): Symfony\\Component\\Console\\Application->doRun(Object(Symfony\\Component\\Console\\Input\\ArgvInput), Object(Symfony\\Component\\Console\\Output\\ConsoleOutput))
#19 /var/www/html/dainikShahtha/vendor/laravel/framework/src/Illuminate/Console/Application.php(89): Symfony\\Component\\Console\\Application->run(Object(Symfony\\Component\\Console\\Input\\ArgvInput), Object(Symfony\\Component\\Console\\Output\\ConsoleOutput))
#20 /var/www/html/dainikShahtha/vendor/laravel/framework/src/Illuminate/Foundation/Console/Kernel.php(122): Illuminate\\Console\\Application->run(Object(Symfony\\Component\\Console\\Input\\ArgvInput), Object(Symfony\\Component\\Console\\Output\\ConsoleOutput))
#21 /var/www/html/dainikShahtha/artisan(37): Illuminate\\Foundation\\Console\\Kernel->handle(Object(Symfony\\Component\\Console\\Input\\ArgvInput), Object(Symfony\\Component\\Console\\Output\\ConsoleOutput))
#22 {main}
"} 
